日付,表示日付,時間帯,開始,終了,年齢クラス,在園児数,必要人員,必要保育士数,時間帯区分,根拠,必須
2026-10-02,10/2(金),07:00-07:30,07:00,07:30,0歳児,1,2,1,早朝保育,0歳児 1名 → 必要人員1名／早朝保育（保育標準時間前）／0歳児 1名 × 1/3 = 0.3（小数第2位以下切捨て）／5歳児以上 1名 × 1/30 = 0.0（小数第2位以下切捨て）／合計 ＋ 1 → 四捨五入 = 1名／うち保育士1名（比率50%）／2名ルールによる底上げ,True
2026-10-02,10/2(金),07:00-07:30,07:00,07:30,5歳児以上,1,0,0,早朝保育,5歳児以上 1名 → 必要人員0名／早朝保育（保育標準時間前）／0歳児 1名 × 1/3 = 0.3（小数第2位以下切捨て）／5歳児以上 1名 × 1/30 = 0.0（小数第2位以下切捨て）／合計 ＋ 1 → 四捨五入 = 1名／うち保育士1名（比率50%）,True
2026-10-02,10/2(金),07:30-08:00,07:30,08:00,0歳児,3,1,1,早朝保育,0歳児 3名 → 必要人員1名／早朝保育（保育標準時間前）／0歳児 3名 × 1/3 = 1.0（小数第2位以下切捨て）／4歳児・5歳児以上 2名 × 1/30 = 0.0（小数第2位以下切捨て）／合計 ＋ 1 → 四捨五入 = 2名／うち保育士1名（比率50%）,True
2026-10-02,10/2(金),07:30-08:00,07:30,08:00,4歳児,1,1,0,早朝保育,4歳児 1名 → 必要人員1名／早朝保育（保育標準時間前）／0歳児 3名 × 1/3 = 1.0（小数第2位以下切捨て）／4歳児・5歳児以上 2名 × 1/30 = 0.0（小数第2位以下切捨て）／合計 ＋ 1 → 四捨五入 = 2名／うち保育士1名（比率50%）,True
2026-10-02,10/2(金),07:30-08:00,07:30,08:00,5歳児以上,1,0,0,早朝保育,5歳児以上 1名 → 必要人員0名／早朝保育（保育標準時間前）／0歳児 3名 × 1/3 = 1.0（小数第2位以下切捨て）／4歳児・5歳児以上 2名 × 1/30 = 0.0（小数第2位以下切捨て）／合計 ＋ 1 → 四捨五入 = 2名／うち保育士1名（比率50%）,True
2026-10-02,10/2(金),08:00-08:30,08:00,08:30,0歳児,3,1,1,早朝保育,0歳児 3名 → 必要人員1名／早朝保育（保育標準時間前）／0歳児 3名 × 1/3 = 1.0（小数第2位以下切捨て）／4歳児・5歳児以上 2名 × 1/30 = 0.0（小数第2位以下切捨て）／合計 ＋ 1 → 四捨五入 = 2名／うち保育士1名（比率50%）,True
2026-10-02,10/2(金),08:00-08:30,08:00,08:30,4歳児,1,1,0,早朝保育,4歳児 1名 → 必要人員1名／早朝保育（保育標準時間前）／0歳児 3名 × 1/3 = 1.0（小数第2位以下切捨て）／4歳児・5歳児以上 2名 × 1/30 = 0.0（小数第2位以下切捨て）／合計 ＋ 1 → 四捨五入 = 2名／うち保育士1名（比率50%）,True
2026-10-02,10/2(金),08:00-08:30,08:00,08:30,5歳児以上,1,0,0,早朝保育,5歳児以上 1名 → 必要人員0名／早朝保育（保育標準時間前）／0歳児 3名 × 1/3 = 1.0（小数第2位以下切捨て）／4歳児・5歳児以上 2名 × 1/30 = 0.0（小数第2位以下切捨て）／合計 ＋ 1 → 四捨五入 = 2名／うち保育士1名（比率50%）,True
2026-10-02,10/2(金),08:30-09:00,08:30,09:00,0歳児,7,1,1,保育標準時間,0歳児 7名 → 必要人員1名／保育標準時間／0歳児 7名 × 1/3 = 2.3（小数第2位以下切捨て）／1歳児・2歳児 5名 × 1/6 = 0.8（小数第2位以下切捨て）／3歳児 1名 × 1/20 = 0.0（小数第2位以下切捨て）／4歳児・5歳児以上 6名 × 1/30 = 0.2（小数第2位以下切捨て）／合計 ＋ 1 → 四捨五入 = 4名／うち保育士2名（比率50%）,True
2026-10-02,10/2(金),08:30-09:00,08:30,09:00,1歳児,2,0,0,保育標準時間,1歳児 2名 → 必要人員0名／保育標準時間／0歳児 7名 × 1/3 = 2.3（小数第2位以下切捨て）／1歳児・2歳児 5名 × 1/6 = 0.8（小数第2位以下切捨て）／3歳児 1名 × 1/20 = 0.0（小数第2位以下切捨て）／4歳児・5歳児以上 6名 × 1/30 = 0.2（小数第2位以下切捨て）／合計 ＋ 1 → 四捨五入 = 4名／うち保育士2名（比率50%）,True
2026-10-02,10/2(金),08:30-09:00,08:30,09:00,2歳児,3,1,1,保育標準時間,2歳児 3名 → 必要人員1名／保育標準時間／0歳児 7名 × 1/3 = 2.3（小数第2位以下切捨て）／1歳児・2歳児 5名 × 1/6 = 0.8（小数第2位以下切捨て）／3歳児 1名 × 1/20 = 0.0（小数第2位以下切捨て）／4歳児・5歳児以上 6名 × 1/30 = 0.2（小数第2位以下切捨て）／合計 ＋ 1 → 四捨五入 = 4名／うち保育士2名（比率50%）,True
2026-10-02,10/2(金),08:30-09:00,08:30,09:00,3歳児,1,1,0,保育標準時間,3歳児 1名 → 必要人員1名／保育標準時間／0歳児 7名 × 1/3 = 2.3（小数第2位以下切捨て）／1歳児・2歳児 5名 × 1/6 = 0.8（小数第2位以下切捨て）／3歳児 1名 × 1/20 = 0.0（小数第2位以下切捨て）／4歳児・5歳児以上 6名 × 1/30 = 0.2（小数第2位以下切捨て）／合計 ＋ 1 → 四捨五入 = 4名／うち保育士2名（比率50%）,True
2026-10-02,10/2(金),08:30-09:00,08:30,09:00,4歳児,4,1,0,保育標準時間,4歳児 4名 → 必要人員1名／保育標準時間／0歳児 7名 × 1/3 = 2.3（小数第2位以下切捨て）／1歳児・2歳児 5名 × 1/6 = 0.8（小数第2位以下切捨て）／3歳児 1名 × 1/20 = 0.0（小数第2位以下切捨て）／4歳児・5歳児以上 6名 × 1/30 = 0.2（小数第2位以下切捨て）／合計 ＋ 1 → 四捨五入 = 4名／うち保育士2名（比率50%）,True
2026-10-02,10/2(金),08:30-09:00,08:30,09:00,5歳児以上,2,0,0,保育標準時間,5歳児以上 2名 → 必要人員0名／保育標準時間／0歳児 7名 × 1/3 = 2.3（小数第2位以下切捨て）／1歳児・2歳児 5名 × 1/6 = 0.8（小数第2位以下切捨て）／3歳児 1名 × 1/20 = 0.0（小数第2位以下切捨て）／4歳児・5歳児以上 6名 × 1/30 = 0.2（小数第2位以下切捨て）／合計 ＋ 1 → 四捨五入 = 4名／うち保育士2名（比率50%）,True
2026-10-02,10/2(金),09:00-09:30,09:00,09:30,0歳児,8,2,1,保育標準時間,0歳児 8名 → 必要人員2名／保育標準時間／0歳児 8名 × 1/3 = 2.6（小数第2位以下切捨て）／1歳児・2歳児 12名 × 1/6 = 2.0（小数第2位以下切捨て）／3歳児 5名 × 1/20 = 0.2（小数第2位以下切捨て）／4歳児・5歳児以上 8名 × 1/30 = 0.2（小数第2位以下切捨て）／合計 ＋ 1 → 四捨五入 = 6名／うち保育士3名（比率50%）,True
2026-10-02,10/2(金),09:00-09:30,09:00,09:30,1歳児,7,1,1,保育標準時間,1歳児 7名 → 必要人員1名／保育標準時間／0歳児 8名 × 1/3 = 2.6（小数第2位以下切捨て）／1歳児・2歳児 12名 × 1/6 = 2.0（小数第2位以下切捨て）／3歳児 5名 × 1/20 = 0.2（小数第2位以下切捨て）／4歳児・5歳児以上 8名 × 1/30 = 0.2（小数第2位以下切捨て）／合計 ＋ 1 → 四捨五入 = 6名／うち保育士3名（比率50%）,True
2026-10-02,10/2(金),09:00-09:30,09:00,09:30,2歳児,5,1,1,保育標準時間,2歳児 5名 → 必要人員1名／保育標準時間／0歳児 8名 × 1/3 = 2.6（小数第2位以下切捨て）／1歳児・2歳児 12名 × 1/6 = 2.0（小数第2位以下切捨て）／3歳児 5名 × 1/20 = 0.2（小数第2位以下切捨て）／4歳児・5歳児以上 8名 × 1/30 = 0.2（小数第2位以下切捨て）／合計 ＋ 1 → 四捨五入 = 6名／うち保育士3名（比率50%）,True
2026-10-02,10/2(金),09:00-09:30,09:00,09:30,3歳児,5,1,0,保育標準時間,3歳児 5名 → 必要人員1名／保育標準時間／0歳児 8名 × 1/3 = 2.6（小数第2位以下切捨て）／1歳児・2歳児 12名 × 1/6 = 2.0（小数第2位以下切捨て）／3歳児 5名 × 1/20 = 0.2（小数第2位以下切捨て）／4歳児・5歳児以上 8名 × 1/30 = 0.2（小数第2位以下切捨て）／合計 ＋ 1 → 四捨五入 = 6名／うち保育士3名（比率50%）,True
2026-10-02,10/2(金),09:00-09:30,09:00,09:30,4歳児,4,1,0,保育標準時間,4歳児 4名 → 必要人員1名／保育標準時間／0歳児 8名 × 1/3 = 2.6（小数第2位以下切捨て）／1歳児・2歳児 12名 × 1/6 = 2.0（小数第2位以下切捨て）／3歳児 5名 × 1/20 = 0.2（小数第2位以下切捨て）／4歳児・5歳児以上 8名 × 1/30 = 0.2（小数第2位以下切捨て）／合計 ＋ 1 → 四捨五入 = 6名／うち保育士3名（比率50%）,True
2026-10-02,10/2(金),09:00-09:30,09:00,09:30,5歳児以上,4,0,0,保育標準時間,5歳児以上 4名 → 必要人員0名／保育標準時間／0歳児 8名 × 1/3 = 2.6（小数第2位以下切捨て）／1歳児・2歳児 12名 × 1/6 = 2.0（小数第2位以下切捨て）／3歳児 5名 × 1/20 = 0.2（小数第2位以下切捨て）／4歳児・5歳児以上 8名 × 1/30 = 0.2（小数第2位以下切捨て）／合計 ＋ 1 → 四捨五入 = 6名／うち保育士3名（比率50%）,True
2026-10-02,10/2(金),09:30-10:00,09:30,10:00,0歳児,8,2,1,保育標準時間,0歳児 8名 → 必要人員2名／保育標準時間／0歳児 8名 × 1/3 = 2.6（小数第2位以下切捨て）／1歳児・2歳児 12名 × 1/6 = 2.0（小数第2位以下切捨て）／3歳児 5名 × 1/20 = 0.2（小数第2位以下切捨て）／4歳児・5歳児以上 8名 × 1/30 = 0.2（小数第2位以下切捨て）／合計 ＋ 1 → 四捨五入 = 6名／うち保育士3名（比率50%）,True
2026-10-02,10/2(金),09:30-10:00,09:30,10:00,1歳児,7,1,1,保育標準時間,1歳児 7名 → 必要人員1名／保育標準時間／0歳児 8名 × 1/3 = 2.6（小数第2位以下切捨て）／1歳児・2歳児 12名 × 1/6 = 2.0（小数第2位以下切捨て）／3歳児 5名 × 1/20 = 0.2（小数第2位以下切捨て）／4歳児・5歳児以上 8名 × 1/30 = 0.2（小数第2位以下切捨て）／合計 ＋ 1 → 四捨五入 = 6名／うち保育士3名（比率50%）,True
2026-10-02,10/2(金),09:30-10:00,09:30,10:00,2歳児,5,1,1,保育標準時間,2歳児 5名 → 必要人員1名／保育標準時間／0歳児 8名 × 1/3 = 2.6（小数第2位以下切捨て）／1歳児・2歳児 12名 × 1/6 = 2.0（小数第2位以下切捨て）／3歳児 5名 × 1/20 = 0.2（小数第2位以下切捨て）／4歳児・5歳児以上 8名 × 1/30 = 0.2（小数第2位以下切捨て）／合計 ＋ 1 → 四捨五入 = 6名／うち保育士3名（比率50%）,True
2026-10-02,10/2(金),09:30-10:00,09:30,10:00,3歳児,5,1,0,保育標準時間,3歳児 5名 → 必要人員1名／保育標準時間／0歳児 8名 × 1/3 = 2.6（小数第2位以下切捨て）／1歳児・2歳児 12名 × 1/6 = 2.0（小数第2位以下切捨て）／3歳児 5名 × 1/20 = 0.2（小数第2位以下切捨て）／4歳児・5歳児以上 8名 × 1/30 = 0.2（小数第2位以下切捨て）／合計 ＋ 1 → 四捨五入 = 6名／うち保育士3名（比率50%）,True
2026-10-02,10/2(金),09:30-10:00,09:30,10:00,4歳児,4,1,0,保育標準時間,4歳児 4名 → 必要人員1名／保育標準時間／0歳児 8名 × 1/3 = 2.6（小数第2位以下切捨て）／1歳児・2歳児 12名 × 1/6 = 2.0（小数第2位以下切捨て）／3歳児 5名 × 1/20 = 0.2（小数第2位以下切捨て）／4歳児・5歳児以上 8名 × 1/30 = 0.2（小数第2位以下切捨て）／合計 ＋ 1 → 四捨五入 = 6名／うち保育士3名（比率50%）,True
2026-10-02,10/2(金),09:30-10:00,09:30,10:00,5歳児以上,4,0,0,保育標準時間,5歳児以上 4名 → 必要人員0名／保育標準時間／0歳児 8名 × 1/3 = 2.6（小数第2位以下切捨て）／1歳児・2歳児 12名 × 1/6 = 2.0（小数第2位以下切捨て）／3歳児 5名 × 1/20 = 0.2（小数第2位以下切捨て）／4歳児・5歳児以上 8名 × 1/30 = 0.2（小数第2位以下切捨て）／合計 ＋ 1 → 四捨五入 = 6名／うち保育士3名（比率50%）,True
2026-10-02,10/2(金),10:00-10:30,10:00,10:30,0歳児,8,2,1,保育標準時間,0歳児 8名 → 必要人員2名／保育標準時間／0歳児 8名 × 1/3 = 2.6（小数第2位以下切捨て）／1歳児・2歳児 12名 × 1/6 = 2.0（小数第2位以下切捨て）／3歳児 5名 × 1/20 = 0.2（小数第2位以下切捨て）／4歳児・5歳児以上 8名 × 1/30 = 0.2（小数第2位以下切捨て）／合計 ＋ 1 → 四捨五入 = 6名／うち保育士3名（比率50%）,True
2026-10-02,10/2(金),10:00-10:30,10:00,10:30,1歳児,7,1,1,保育標準時間,1歳児 7名 → 必要人員1名／保育標準時間／0歳児 8名 × 1/3 = 2.6（小数第2位以下切捨て）／1歳児・2歳児 12名 × 1/6 = 2.0（小数第2位以下切捨て）／3歳児 5名 × 1/20 = 0.2（小数第2位以下切捨て）／4歳児・5歳児以上 8名 × 1/30 = 0.2（小数第2位以下切捨て）／合計 ＋ 1 → 四捨五入 = 6名／うち保育士3名（比率50%）,True
2026-10-02,10/2(金),10:00-10:30,10:00,10:30,2歳児,5,1,1,保育標準時間,2歳児 5名 → 必要人員1名／保育標準時間／0歳児 8名 × 1/3 = 2.6（小数第2位以下切捨て）／1歳児・2歳児 12名 × 1/6 = 2.0（小数第2位以下切捨て）／3歳児 5名 × 1/20 = 0.2（小数第2位以下切捨て）／4歳児・5歳児以上 8名 × 1/30 = 0.2（小数第2位以下切捨て）／合計 ＋ 1 → 四捨五入 = 6名／うち保育士3名（比率50%）,True
2026-10-02,10/2(金),10:00-10:30,10:00,10:30,3歳児,5,1,0,保育標準時間,3歳児 5名 → 必要人員1名／保育標準時間／0歳児 8名 × 1/3 = 2.6（小数第2位以下切捨て）／1歳児・2歳児 12名 × 1/6 = 2.0（小数第2位以下切捨て）／3歳児 5名 × 1/20 = 0.2（小数第2位以下切捨て）／4歳児・5歳児以上 8名 × 1/30 = 0.2（小数第2位以下切捨て）／合計 ＋ 1 → 四捨五入 = 6名／うち保育士3名（比率50%）,True
2026-10-02,10/2(金),10:00-10:30,10:00,10:30,4歳児,4,1,0,保育標準時間,4歳児 4名 → 必要人員1名／保育標準時間／0歳児 8名 × 1/3 = 2.6（小数第2位以下切捨て）／1歳児・2歳児 12名 × 1/6 = 2.0（小数第2位以下切捨て）／3歳児 5名 × 1/20 = 0.2（小数第2位以下切捨て）／4歳児・5歳児以上 8名 × 1/30 = 0.2（小数第2位以下切捨て）／合計 ＋ 1 → 四捨五入 = 6名／うち保育士3名（比率50%）,True
2026-10-02,10/2(金),10:00-10:30,10:00,10:30,5歳児以上,4,0,0,保育標準時間,5歳児以上 4名 → 必要人員0名／保育標準時間／0歳児 8名 × 1/3 = 2.6（小数第2位以下切捨て）／1歳児・2歳児 12名 × 1/6 = 2.0（小数第2位以下切捨て）／3歳児 5名 × 1/20 = 0.2（小数第2位以下切捨て）／4歳児・5歳児以上 8名 × 1/30 = 0.2（小数第2位以下切捨て）／合計 ＋ 1 → 四捨五入 = 6名／うち保育士3名（比率50%）,True
2026-10-02,10/2(金),10:30-11:00,10:30,11:00,0歳児,8,2,1,保育標準時間,0歳児 8名 → 必要人員2名／保育標準時間／0歳児 8名 × 1/3 = 2.6（小数第2位以下切捨て）／1歳児・2歳児 12名 × 1/6 = 2.0（小数第2位以下切捨て）／3歳児 5名 × 1/20 = 0.2（小数第2位以下切捨て）／4歳児・5歳児以上 8名 × 1/30 = 0.2（小数第2位以下切捨て）／合計 ＋ 1 → 四捨五入 = 6名／うち保育士3名（比率50%）,True
2026-10-02,10/2(金),10:30-11:00,10:30,11:00,1歳児,7,1,1,保育標準時間,1歳児 7名 → 必要人員1名／保育標準時間／0歳児 8名 × 1/3 = 2.6（小数第2位以下切捨て）／1歳児・2歳児 12名 × 1/6 = 2.0（小数第2位以下切捨て）／3歳児 5名 × 1/20 = 0.2（小数第2位以下切捨て）／4歳児・5歳児以上 8名 × 1/30 = 0.2（小数第2位以下切捨て）／合計 ＋ 1 → 四捨五入 = 6名／うち保育士3名（比率50%）,True
2026-10-02,10/2(金),10:30-11:00,10:30,11:00,2歳児,5,1,1,保育標準時間,2歳児 5名 → 必要人員1名／保育標準時間／0歳児 8名 × 1/3 = 2.6（小数第2位以下切捨て）／1歳児・2歳児 12名 × 1/6 = 2.0（小数第2位以下切捨て）／3歳児 5名 × 1/20 = 0.2（小数第2位以下切捨て）／4歳児・5歳児以上 8名 × 1/30 = 0.2（小数第2位以下切捨て）／合計 ＋ 1 → 四捨五入 = 6名／うち保育士3名（比率50%）,True
2026-10-02,10/2(金),10:30-11:00,10:30,11:00,3歳児,5,1,0,保育標準時間,3歳児 5名 → 必要人員1名／保育標準時間／0歳児 8名 × 1/3 = 2.6（小数第2位以下切捨て）／1歳児・2歳児 12名 × 1/6 = 2.0（小数第2位以下切捨て）／3歳児 5名 × 1/20 = 0.2（小数第2位以下切捨て）／4歳児・5歳児以上 8名 × 1/30 = 0.2（小数第2位以下切捨て）／合計 ＋ 1 → 四捨五入 = 6名／うち保育士3名（比率50%）,True
2026-10-02,10/2(金),10:30-11:00,10:30,11:00,4歳児,4,1,0,保育標準時間,4歳児 4名 → 必要人員1名／保育標準時間／0歳児 8名 × 1/3 = 2.6（小数第2位以下切捨て）／1歳児・2歳児 12名 × 1/6 = 2.0（小数第2位以下切捨て）／3歳児 5名 × 1/20 = 0.2（小数第2位以下切捨て）／4歳児・5歳児以上 8名 × 1/30 = 0.2（小数第2位以下切捨て）／合計 ＋ 1 → 四捨五入 = 6名／うち保育士3名（比率50%）,True
2026-10-02,10/2(金),10:30-11:00,10:30,11:00,5歳児以上,4,0,0,保育標準時間,5歳児以上 4名 → 必要人員0名／保育標準時間／0歳児 8名 × 1/3 = 2.6（小数第2位以下切捨て）／1歳児・2歳児 12名 × 1/6 = 2.0（小数第2位以下切捨て）／3歳児 5名 × 1/20 = 0.2（小数第2位以下切捨て）／4歳児・5歳児以上 8名 × 1/30 = 0.2（小数第2位以下切捨て）／合計 ＋ 1 → 四捨五入 = 6名／うち保育士3名（比率50%）,True
2026-10-02,10/2(金),11:00-11:30,11:00,11:30,0歳児,8,2,1,保育標準時間,0歳児 8名 → 必要人員2名／保育標準時間／0歳児 8名 × 1/3 = 2.6（小数第2位以下切捨て）／1歳児・2歳児 12名 × 1/6 = 2.0（小数第2位以下切捨て）／3歳児 5名 × 1/20 = 0.2（小数第2位以下切捨て）／4歳児・5歳児以上 8名 × 1/30 = 0.2（小数第2位以下切捨て）／合計 ＋ 1 → 四捨五入 = 6名／うち保育士3名（比率50%）,True
2026-10-02,10/2(金),11:00-11:30,11:00,11:30,1歳児,7,1,1,保育標準時間,1歳児 7名 → 必要人員1名／保育標準時間／0歳児 8名 × 1/3 = 2.6（小数第2位以下切捨て）／1歳児・2歳児 12名 × 1/6 = 2.0（小数第2位以下切捨て）／3歳児 5名 × 1/20 = 0.2（小数第2位以下切捨て）／4歳児・5歳児以上 8名 × 1/30 = 0.2（小数第2位以下切捨て）／合計 ＋ 1 → 四捨五入 = 6名／うち保育士3名（比率50%）,True
2026-10-02,10/2(金),11:00-11:30,11:00,11:30,2歳児,5,1,1,保育標準時間,2歳児 5名 → 必要人員1名／保育標準時間／0歳児 8名 × 1/3 = 2.6（小数第2位以下切捨て）／1歳児・2歳児 12名 × 1/6 = 2.0（小数第2位以下切捨て）／3歳児 5名 × 1/20 = 0.2（小数第2位以下切捨て）／4歳児・5歳児以上 8名 × 1/30 = 0.2（小数第2位以下切捨て）／合計 ＋ 1 → 四捨五入 = 6名／うち保育士3名（比率50%）,True
2026-10-02,10/2(金),11:00-11:30,11:00,11:30,3歳児,5,1,0,保育標準時間,3歳児 5名 → 必要人員1名／保育標準時間／0歳児 8名 × 1/3 = 2.6（小数第2位以下切捨て）／1歳児・2歳児 12名 × 1/6 = 2.0（小数第2位以下切捨て）／3歳児 5名 × 1/20 = 0.2（小数第2位以下切捨て）／4歳児・5歳児以上 8名 × 1/30 = 0.2（小数第2位以下切捨て）／合計 ＋ 1 → 四捨五入 = 6名／うち保育士3名（比率50%）,True
2026-10-02,10/2(金),11:00-11:30,11:00,11:30,4歳児,4,1,0,保育標準時間,4歳児 4名 → 必要人員1名／保育標準時間／0歳児 8名 × 1/3 = 2.6（小数第2位以下切捨て）／1歳児・2歳児 12名 × 1/6 = 2.0（小数第2位以下切捨て）／3歳児 5名 × 1/20 = 0.2（小数第2位以下切捨て）／4歳児・5歳児以上 8名 × 1/30 = 0.2（小数第2位以下切捨て）／合計 ＋ 1 → 四捨五入 = 6名／うち保育士3名（比率50%）,True
2026-10-02,10/2(金),11:00-11:30,11:00,11:30,5歳児以上,4,0,0,保育標準時間,5歳児以上 4名 → 必要人員0名／保育標準時間／0歳児 8名 × 1/3 = 2.6（小数第2位以下切捨て）／1歳児・2歳児 12名 × 1/6 = 2.0（小数第2位以下切捨て）／3歳児 5名 × 1/20 = 0.2（小数第2位以下切捨て）／4歳児・5歳児以上 8名 × 1/30 = 0.2（小数第2位以下切捨て）／合計 ＋ 1 → 四捨五入 = 6名／うち保育士3名（比率50%）,True
2026-10-02,10/2(金),11:30-12:00,11:30,12:00,0歳児,8,2,1,保育標準時間,0歳児 8名 → 必要人員2名／保育標準時間／0歳児 8名 × 1/3 = 2.6（小数第2位以下切捨て）／1歳児・2歳児 12名 × 1/6 = 2.0（小数第2位以下切捨て）／3歳児 5名 × 1/20 = 0.2（小数第2位以下切捨て）／4歳児・5歳児以上 8名 × 1/30 = 0.2（小数第2位以下切捨て）／合計 ＋ 1 → 四捨五入 = 6名／うち保育士3名（比率50%）,True
2026-10-02,10/2(金),11:30-12:00,11:30,12:00,1歳児,7,1,1,保育標準時間,1歳児 7名 → 必要人員1名／保育標準時間／0歳児 8名 × 1/3 = 2.6（小数第2位以下切捨て）／1歳児・2歳児 12名 × 1/6 = 2.0（小数第2位以下切捨て）／3歳児 5名 × 1/20 = 0.2（小数第2位以下切捨て）／4歳児・5歳児以上 8名 × 1/30 = 0.2（小数第2位以下切捨て）／合計 ＋ 1 → 四捨五入 = 6名／うち保育士3名（比率50%）,True
2026-10-02,10/2(金),11:30-12:00,11:30,12:00,2歳児,5,1,1,保育標準時間,2歳児 5名 → 必要人員1名／保育標準時間／0歳児 8名 × 1/3 = 2.6（小数第2位以下切捨て）／1歳児・2歳児 12名 × 1/6 = 2.0（小数第2位以下切捨て）／3歳児 5名 × 1/20 = 0.2（小数第2位以下切捨て）／4歳児・5歳児以上 8名 × 1/30 = 0.2（小数第2位以下切捨て）／合計 ＋ 1 → 四捨五入 = 6名／うち保育士3名（比率50%）,True
2026-10-02,10/2(金),11:30-12:00,11:30,12:00,3歳児,5,1,0,保育標準時間,3歳児 5名 → 必要人員1名／保育標準時間／0歳児 8名 × 1/3 = 2.6（小数第2位以下切捨て）／1歳児・2歳児 12名 × 1/6 = 2.0（小数第2位以下切捨て）／3歳児 5名 × 1/20 = 0.2（小数第2位以下切捨て）／4歳児・5歳児以上 8名 × 1/30 = 0.2（小数第2位以下切捨て）／合計 ＋ 1 → 四捨五入 = 6名／うち保育士3名（比率50%）,True
2026-10-02,10/2(金),11:30-12:00,11:30,12:00,4歳児,4,1,0,保育標準時間,4歳児 4名 → 必要人員1名／保育標準時間／0歳児 8名 × 1/3 = 2.6（小数第2位以下切捨て）／1歳児・2歳児 12名 × 1/6 = 2.0（小数第2位以下切捨て）／3歳児 5名 × 1/20 = 0.2（小数第2位以下切捨て）／4歳児・5歳児以上 8名 × 1/30 = 0.2（小数第2位以下切捨て）／合計 ＋ 1 → 四捨五入 = 6名／うち保育士3名（比率50%）,True
2026-10-02,10/2(金),11:30-12:00,11:30,12:00,5歳児以上,4,0,0,保育標準時間,5歳児以上 4名 → 必要人員0名／保育標準時間／0歳児 8名 × 1/3 = 2.6（小数第2位以下切捨て）／1歳児・2歳児 12名 × 1/6 = 2.0（小数第2位以下切捨て）／3歳児 5名 × 1/20 = 0.2（小数第2位以下切捨て）／4歳児・5歳児以上 8名 × 1/30 = 0.2（小数第2位以下切捨て）／合計 ＋ 1 → 四捨五入 = 6名／うち保育士3名（比率50%）,True
2026-10-02,10/2(金),12:00-12:30,12:00,12:30,0歳児,8,2,1,保育標準時間,0歳児 8名 → 必要人員2名／保育標準時間／0歳児 8名 × 1/3 = 2.6（小数第2位以下切捨て）／1歳児・2歳児 12名 × 1/6 = 2.0（小数第2位以下切捨て）／3歳児 5名 × 1/20 = 0.2（小数第2位以下切捨て）／4歳児・5歳児以上 8名 × 1/30 = 0.2（小数第2位以下切捨て）／合計 ＋ 1 → 四捨五入 = 6名／うち保育士3名（比率50%）,True
2026-10-02,10/2(金),12:00-12:30,12:00,12:30,1歳児,7,1,1,保育標準時間,1歳児 7名 → 必要人員1名／保育標準時間／0歳児 8名 × 1/3 = 2.6（小数第2位以下切捨て）／1歳児・2歳児 12名 × 1/6 = 2.0（小数第2位以下切捨て）／3歳児 5名 × 1/20 = 0.2（小数第2位以下切捨て）／4歳児・5歳児以上 8名 × 1/30 = 0.2（小数第2位以下切捨て）／合計 ＋ 1 → 四捨五入 = 6名／うち保育士3名（比率50%）,True
2026-10-02,10/2(金),12:00-12:30,12:00,12:30,2歳児,5,1,1,保育標準時間,2歳児 5名 → 必要人員1名／保育標準時間／0歳児 8名 × 1/3 = 2.6（小数第2位以下切捨て）／1歳児・2歳児 12名 × 1/6 = 2.0（小数第2位以下切捨て）／3歳児 5名 × 1/20 = 0.2（小数第2位以下切捨て）／4歳児・5歳児以上 8名 × 1/30 = 0.2（小数第2位以下切捨て）／合計 ＋ 1 → 四捨五入 = 6名／うち保育士3名（比率50%）,True
2026-10-02,10/2(金),12:00-12:30,12:00,12:30,3歳児,5,1,0,保育標準時間,3歳児 5名 → 必要人員1名／保育標準時間／0歳児 8名 × 1/3 = 2.6（小数第2位以下切捨て）／1歳児・2歳児 12名 × 1/6 = 2.0（小数第2位以下切捨て）／3歳児 5名 × 1/20 = 0.2（小数第2位以下切捨て）／4歳児・5歳児以上 8名 × 1/30 = 0.2（小数第2位以下切捨て）／合計 ＋ 1 → 四捨五入 = 6名／うち保育士3名（比率50%）,True
2026-10-02,10/2(金),12:00-12:30,12:00,12:30,4歳児,4,1,0,保育標準時間,4歳児 4名 → 必要人員1名／保育標準時間／0歳児 8名 × 1/3 = 2.6（小数第2位以下切捨て）／1歳児・2歳児 12名 × 1/6 = 2.0（小数第2位以下切捨て）／3歳児 5名 × 1/20 = 0.2（小数第2位以下切捨て）／4歳児・5歳児以上 8名 × 1/30 = 0.2（小数第2位以下切捨て）／合計 ＋ 1 → 四捨五入 = 6名／うち保育士3名（比率50%）,True
2026-10-02,10/2(金),12:00-12:30,12:00,12:30,5歳児以上,4,0,0,保育標準時間,5歳児以上 4名 → 必要人員0名／保育標準時間／0歳児 8名 × 1/3 = 2.6（小数第2位以下切捨て）／1歳児・2歳児 12名 × 1/6 = 2.0（小数第2位以下切捨て）／3歳児 5名 × 1/20 = 0.2（小数第2位以下切捨て）／4歳児・5歳児以上 8名 × 1/30 = 0.2（小数第2位以下切捨て）／合計 ＋ 1 → 四捨五入 = 6名／うち保育士3名（比率50%）,True
2026-10-02,10/2(金),12:30-13:00,12:30,13:00,0歳児,8,2,1,保育標準時間,0歳児 8名 → 必要人員2名／保育標準時間／0歳児 8名 × 1/3 = 2.6（小数第2位以下切捨て）／1歳児・2歳児 12名 × 1/6 = 2.0（小数第2位以下切捨て）／3歳児 5名 × 1/20 = 0.2（小数第2位以下切捨て）／4歳児・5歳児以上 8名 × 1/30 = 0.2（小数第2位以下切捨て）／合計 ＋ 1 → 四捨五入 = 6名／うち保育士3名（比率50%）,True
2026-10-02,10/2(金),12:30-13:00,12:30,13:00,1歳児,7,1,1,保育標準時間,1歳児 7名 → 必要人員1名／保育標準時間／0歳児 8名 × 1/3 = 2.6（小数第2位以下切捨て）／1歳児・2歳児 12名 × 1/6 = 2.0（小数第2位以下切捨て）／3歳児 5名 × 1/20 = 0.2（小数第2位以下切捨て）／4歳児・5歳児以上 8名 × 1/30 = 0.2（小数第2位以下切捨て）／合計 ＋ 1 → 四捨五入 = 6名／うち保育士3名（比率50%）,True
2026-10-02,10/2(金),12:30-13:00,12:30,13:00,2歳児,5,1,1,保育標準時間,2歳児 5名 → 必要人員1名／保育標準時間／0歳児 8名 × 1/3 = 2.6（小数第2位以下切捨て）／1歳児・2歳児 12名 × 1/6 = 2.0（小数第2位以下切捨て）／3歳児 5名 × 1/20 = 0.2（小数第2位以下切捨て）／4歳児・5歳児以上 8名 × 1/30 = 0.2（小数第2位以下切捨て）／合計 ＋ 1 → 四捨五入 = 6名／うち保育士3名（比率50%）,True
2026-10-02,10/2(金),12:30-13:00,12:30,13:00,3歳児,5,1,0,保育標準時間,3歳児 5名 → 必要人員1名／保育標準時間／0歳児 8名 × 1/3 = 2.6（小数第2位以下切捨て）／1歳児・2歳児 12名 × 1/6 = 2.0（小数第2位以下切捨て）／3歳児 5名 × 1/20 = 0.2（小数第2位以下切捨て）／4歳児・5歳児以上 8名 × 1/30 = 0.2（小数第2位以下切捨て）／合計 ＋ 1 → 四捨五入 = 6名／うち保育士3名（比率50%）,True
2026-10-02,10/2(金),12:30-13:00,12:30,13:00,4歳児,4,1,0,保育標準時間,4歳児 4名 → 必要人員1名／保育標準時間／0歳児 8名 × 1/3 = 2.6（小数第2位以下切捨て）／1歳児・2歳児 12名 × 1/6 = 2.0（小数第2位以下切捨て）／3歳児 5名 × 1/20 = 0.2（小数第2位以下切捨て）／4歳児・5歳児以上 8名 × 1/30 = 0.2（小数第2位以下切捨て）／合計 ＋ 1 → 四捨五入 = 6名／うち保育士3名（比率50%）,True
2026-10-02,10/2(金),12:30-13:00,12:30,13:00,5歳児以上,4,0,0,保育標準時間,5歳児以上 4名 → 必要人員0名／保育標準時間／0歳児 8名 × 1/3 = 2.6（小数第2位以下切捨て）／1歳児・2歳児 12名 × 1/6 = 2.0（小数第2位以下切捨て）／3歳児 5名 × 1/20 = 0.2（小数第2位以下切捨て）／4歳児・5歳児以上 8名 × 1/30 = 0.2（小数第2位以下切捨て）／合計 ＋ 1 → 四捨五入 = 6名／うち保育士3名（比率50%）,True
2026-10-02,10/2(金),13:00-13:30,13:00,13:30,0歳児,8,2,1,保育標準時間,0歳児 8名 → 必要人員2名／保育標準時間／0歳児 8名 × 1/3 = 2.6（小数第2位以下切捨て）／1歳児・2歳児 12名 × 1/6 = 2.0（小数第2位以下切捨て）／3歳児 5名 × 1/20 = 0.2（小数第2位以下切捨て）／4歳児・5歳児以上 8名 × 1/30 = 0.2（小数第2位以下切捨て）／合計 ＋ 1 → 四捨五入 = 6名／うち保育士3名（比率50%）,True
2026-10-02,10/2(金),13:00-13:30,13:00,13:30,1歳児,7,1,1,保育標準時間,1歳児 7名 → 必要人員1名／保育標準時間／0歳児 8名 × 1/3 = 2.6（小数第2位以下切捨て）／1歳児・2歳児 12名 × 1/6 = 2.0（小数第2位以下切捨て）／3歳児 5名 × 1/20 = 0.2（小数第2位以下切捨て）／4歳児・5歳児以上 8名 × 1/30 = 0.2（小数第2位以下切捨て）／合計 ＋ 1 → 四捨五入 = 6名／うち保育士3名（比率50%）,True
2026-10-02,10/2(金),13:00-13:30,13:00,13:30,2歳児,5,1,1,保育標準時間,2歳児 5名 → 必要人員1名／保育標準時間／0歳児 8名 × 1/3 = 2.6（小数第2位以下切捨て）／1歳児・2歳児 12名 × 1/6 = 2.0（小数第2位以下切捨て）／3歳児 5名 × 1/20 = 0.2（小数第2位以下切捨て）／4歳児・5歳児以上 8名 × 1/30 = 0.2（小数第2位以下切捨て）／合計 ＋ 1 → 四捨五入 = 6名／うち保育士3名（比率50%）,True
2026-10-02,10/2(金),13:00-13:30,13:00,13:30,3歳児,5,1,0,保育標準時間,3歳児 5名 → 必要人員1名／保育標準時間／0歳児 8名 × 1/3 = 2.6（小数第2位以下切捨て）／1歳児・2歳児 12名 × 1/6 = 2.0（小数第2位以下切捨て）／3歳児 5名 × 1/20 = 0.2（小数第2位以下切捨て）／4歳児・5歳児以上 8名 × 1/30 = 0.2（小数第2位以下切捨て）／合計 ＋ 1 → 四捨五入 = 6名／うち保育士3名（比率50%）,True
2026-10-02,10/2(金),13:00-13:30,13:00,13:30,4歳児,4,1,0,保育標準時間,4歳児 4名 → 必要人員1名／保育標準時間／0歳児 8名 × 1/3 = 2.6（小数第2位以下切捨て）／1歳児・2歳児 12名 × 1/6 = 2.0（小数第2位以下切捨て）／3歳児 5名 × 1/20 = 0.2（小数第2位以下切捨て）／4歳児・5歳児以上 8名 × 1/30 = 0.2（小数第2位以下切捨て）／合計 ＋ 1 → 四捨五入 = 6名／うち保育士3名（比率50%）,True
2026-10-02,10/2(金),13:00-13:30,13:00,13:30,5歳児以上,4,0,0,保育標準時間,5歳児以上 4名 → 必要人員0名／保育標準時間／0歳児 8名 × 1/3 = 2.6（小数第2位以下切捨て）／1歳児・2歳児 12名 × 1/6 = 2.0（小数第2位以下切捨て）／3歳児 5名 × 1/20 = 0.2（小数第2位以下切捨て）／4歳児・5歳児以上 8名 × 1/30 = 0.2（小数第2位以下切捨て）／合計 ＋ 1 → 四捨五入 = 6名／うち保育士3名（比率50%）,True
2026-10-02,10/2(金),13:30-14:00,13:30,14:00,0歳児,8,2,1,保育標準時間,0歳児 8名 → 必要人員2名／保育標準時間／0歳児 8名 × 1/3 = 2.6（小数第2位以下切捨て）／1歳児・2歳児 12名 × 1/6 = 2.0（小数第2位以下切捨て）／3歳児 5名 × 1/20 = 0.2（小数第2位以下切捨て）／4歳児・5歳児以上 8名 × 1/30 = 0.2（小数第2位以下切捨て）／合計 ＋ 1 → 四捨五入 = 6名／うち保育士3名（比率50%）,True
2026-10-02,10/2(金),13:30-14:00,13:30,14:00,1歳児,7,1,1,保育標準時間,1歳児 7名 → 必要人員1名／保育標準時間／0歳児 8名 × 1/3 = 2.6（小数第2位以下切捨て）／1歳児・2歳児 12名 × 1/6 = 2.0（小数第2位以下切捨て）／3歳児 5名 × 1/20 = 0.2（小数第2位以下切捨て）／4歳児・5歳児以上 8名 × 1/30 = 0.2（小数第2位以下切捨て）／合計 ＋ 1 → 四捨五入 = 6名／うち保育士3名（比率50%）,True
2026-10-02,10/2(金),13:30-14:00,13:30,14:00,2歳児,5,1,1,保育標準時間,2歳児 5名 → 必要人員1名／保育標準時間／0歳児 8名 × 1/3 = 2.6（小数第2位以下切捨て）／1歳児・2歳児 12名 × 1/6 = 2.0（小数第2位以下切捨て）／3歳児 5名 × 1/20 = 0.2（小数第2位以下切捨て）／4歳児・5歳児以上 8名 × 1/30 = 0.2（小数第2位以下切捨て）／合計 ＋ 1 → 四捨五入 = 6名／うち保育士3名（比率50%）,True
2026-10-02,10/2(金),13:30-14:00,13:30,14:00,3歳児,5,1,0,保育標準時間,3歳児 5名 → 必要人員1名／保育標準時間／0歳児 8名 × 1/3 = 2.6（小数第2位以下切捨て）／1歳児・2歳児 12名 × 1/6 = 2.0（小数第2位以下切捨て）／3歳児 5名 × 1/20 = 0.2（小数第2位以下切捨て）／4歳児・5歳児以上 8名 × 1/30 = 0.2（小数第2位以下切捨て）／合計 ＋ 1 → 四捨五入 = 6名／うち保育士3名（比率50%）,True
2026-10-02,10/2(金),13:30-14:00,13:30,14:00,4歳児,4,1,0,保育標準時間,4歳児 4名 → 必要人員1名／保育標準時間／0歳児 8名 × 1/3 = 2.6（小数第2位以下切捨て）／1歳児・2歳児 12名 × 1/6 = 2.0（小数第2位以下切捨て）／3歳児 5名 × 1/20 = 0.2（小数第2位以下切捨て）／4歳児・5歳児以上 8名 × 1/30 = 0.2（小数第2位以下切捨て）／合計 ＋ 1 → 四捨五入 = 6名／うち保育士3名（比率50%）,True
2026-10-02,10/2(金),13:30-14:00,13:30,14:00,5歳児以上,4,0,0,保育標準時間,5歳児以上 4名 → 必要人員0名／保育標準時間／0歳児 8名 × 1/3 = 2.6（小数第2位以下切捨て）／1歳児・2歳児 12名 × 1/6 = 2.0（小数第2位以下切捨て）／3歳児 5名 × 1/20 = 0.2（小数第2位以下切捨て）／4歳児・5歳児以上 8名 × 1/30 = 0.2（小数第2位以下切捨て）／合計 ＋ 1 → 四捨五入 = 6名／うち保育士3名（比率50%）,True
2026-10-02,10/2(金),14:00-14:30,14:00,14:30,0歳児,8,2,1,保育標準時間,0歳児 8名 → 必要人員2名／保育標準時間／0歳児 8名 × 1/3 = 2.6（小数第2位以下切捨て）／1歳児・2歳児 12名 × 1/6 = 2.0（小数第2位以下切捨て）／3歳児 5名 × 1/20 = 0.2（小数第2位以下切捨て）／4歳児・5歳児以上 8名 × 1/30 = 0.2（小数第2位以下切捨て）／合計 ＋ 1 → 四捨五入 = 6名／うち保育士3名（比率50%）,True
2026-10-02,10/2(金),14:00-14:30,14:00,14:30,1歳児,7,1,1,保育標準時間,1歳児 7名 → 必要人員1名／保育標準時間／0歳児 8名 × 1/3 = 2.6（小数第2位以下切捨て）／1歳児・2歳児 12名 × 1/6 = 2.0（小数第2位以下切捨て）／3歳児 5名 × 1/20 = 0.2（小数第2位以下切捨て）／4歳児・5歳児以上 8名 × 1/30 = 0.2（小数第2位以下切捨て）／合計 ＋ 1 → 四捨五入 = 6名／うち保育士3名（比率50%）,True
2026-10-02,10/2(金),14:00-14:30,14:00,14:30,2歳児,5,1,1,保育標準時間,2歳児 5名 → 必要人員1名／保育標準時間／0歳児 8名 × 1/3 = 2.6（小数第2位以下切捨て）／1歳児・2歳児 12名 × 1/6 = 2.0（小数第2位以下切捨て）／3歳児 5名 × 1/20 = 0.2（小数第2位以下切捨て）／4歳児・5歳児以上 8名 × 1/30 = 0.2（小数第2位以下切捨て）／合計 ＋ 1 → 四捨五入 = 6名／うち保育士3名（比率50%）,True
2026-10-02,10/2(金),14:00-14:30,14:00,14:30,3歳児,5,1,0,保育標準時間,3歳児 5名 → 必要人員1名／保育標準時間／0歳児 8名 × 1/3 = 2.6（小数第2位以下切捨て）／1歳児・2歳児 12名 × 1/6 = 2.0（小数第2位以下切捨て）／3歳児 5名 × 1/20 = 0.2（小数第2位以下切捨て）／4歳児・5歳児以上 8名 × 1/30 = 0.2（小数第2位以下切捨て）／合計 ＋ 1 → 四捨五入 = 6名／うち保育士3名（比率50%）,True
2026-10-02,10/2(金),14:00-14:30,14:00,14:30,4歳児,4,1,0,保育標準時間,4歳児 4名 → 必要人員1名／保育標準時間／0歳児 8名 × 1/3 = 2.6（小数第2位以下切捨て）／1歳児・2歳児 12名 × 1/6 = 2.0（小数第2位以下切捨て）／3歳児 5名 × 1/20 = 0.2（小数第2位以下切捨て）／4歳児・5歳児以上 8名 × 1/30 = 0.2（小数第2位以下切捨て）／合計 ＋ 1 → 四捨五入 = 6名／うち保育士3名（比率50%）,True
2026-10-02,10/2(金),14:00-14:30,14:00,14:30,5歳児以上,4,0,0,保育標準時間,5歳児以上 4名 → 必要人員0名／保育標準時間／0歳児 8名 × 1/3 = 2.6（小数第2位以下切捨て）／1歳児・2歳児 12名 × 1/6 = 2.0（小数第2位以下切捨て）／3歳児 5名 × 1/20 = 0.2（小数第2位以下切捨て）／4歳児・5歳児以上 8名 × 1/30 = 0.2（小数第2位以下切捨て）／合計 ＋ 1 → 四捨五入 = 6名／うち保育士3名（比率50%）,True
2026-10-02,10/2(金),14:30-15:00,14:30,15:00,0歳児,6,2,1,保育標準時間,0歳児 6名 → 必要人員2名／保育標準時間／0歳児 6名 × 1/3 = 2.0（小数第2位以下切捨て）／1歳児・2歳児 11名 × 1/6 = 1.8（小数第2位以下切捨て）／3歳児 4名 × 1/20 = 0.2（小数第2位以下切捨て）／4歳児・5歳児以上 7名 × 1/30 = 0.2（小数第2位以下切捨て）／合計 ＋ 1 → 四捨五入 = 5名／うち保育士3名（比率50%）,True
2026-10-02,10/2(金),14:30-15:00,14:30,15:00,1歳児,7,1,1,保育標準時間,1歳児 7名 → 必要人員1名／保育標準時間／0歳児 6名 × 1/3 = 2.0（小数第2位以下切捨て）／1歳児・2歳児 11名 × 1/6 = 1.8（小数第2位以下切捨て）／3歳児 4名 × 1/20 = 0.2（小数第2位以下切捨て）／4歳児・5歳児以上 7名 × 1/30 = 0.2（小数第2位以下切捨て）／合計 ＋ 1 → 四捨五入 = 5名／うち保育士3名（比率50%）,True
2026-10-02,10/2(金),14:30-15:00,14:30,15:00,2歳児,4,0,0,保育標準時間,2歳児 4名 → 必要人員0名／保育標準時間／0歳児 6名 × 1/3 = 2.0（小数第2位以下切捨て）／1歳児・2歳児 11名 × 1/6 = 1.8（小数第2位以下切捨て）／3歳児 4名 × 1/20 = 0.2（小数第2位以下切捨て）／4歳児・5歳児以上 7名 × 1/30 = 0.2（小数第2位以下切捨て）／合計 ＋ 1 → 四捨五入 = 5名／うち保育士3名（比率50%）,True
2026-10-02,10/2(金),14:30-15:00,14:30,15:00,3歳児,4,1,1,保育標準時間,3歳児 4名 → 必要人員1名／保育標準時間／0歳児 6名 × 1/3 = 2.0（小数第2位以下切捨て）／1歳児・2歳児 11名 × 1/6 = 1.8（小数第2位以下切捨て）／3歳児 4名 × 1/20 = 0.2（小数第2位以下切捨て）／4歳児・5歳児以上 7名 × 1/30 = 0.2（小数第2位以下切捨て）／合計 ＋ 1 → 四捨五入 = 5名／うち保育士3名（比率50%）,True
2026-10-02,10/2(金),14:30-15:00,14:30,15:00,4歳児,3,0,0,保育標準時間,4歳児 3名 → 必要人員0名／保育標準時間／0歳児 6名 × 1/3 = 2.0（小数第2位以下切捨て）／1歳児・2歳児 11名 × 1/6 = 1.8（小数第2位以下切捨て）／3歳児 4名 × 1/20 = 0.2（小数第2位以下切捨て）／4歳児・5歳児以上 7名 × 1/30 = 0.2（小数第2位以下切捨て）／合計 ＋ 1 → 四捨五入 = 5名／うち保育士3名（比率50%）,True
2026-10-02,10/2(金),14:30-15:00,14:30,15:00,5歳児以上,4,1,0,保育標準時間,5歳児以上 4名 → 必要人員1名／保育標準時間／0歳児 6名 × 1/3 = 2.0（小数第2位以下切捨て）／1歳児・2歳児 11名 × 1/6 = 1.8（小数第2位以下切捨て）／3歳児 4名 × 1/20 = 0.2（小数第2位以下切捨て）／4歳児・5歳児以上 7名 × 1/30 = 0.2（小数第2位以下切捨て）／合計 ＋ 1 → 四捨五入 = 5名／うち保育士3名（比率50%）,True
2026-10-02,10/2(金),15:00-15:30,15:00,15:30,0歳児,6,2,1,保育標準時間,0歳児 6名 → 必要人員2名／保育標準時間／0歳児 6名 × 1/3 = 2.0（小数第2位以下切捨て）／1歳児・2歳児 11名 × 1/6 = 1.8（小数第2位以下切捨て）／3歳児 4名 × 1/20 = 0.2（小数第2位以下切捨て）／4歳児・5歳児以上 7名 × 1/30 = 0.2（小数第2位以下切捨て）／合計 ＋ 1 → 四捨五入 = 5名／うち保育士3名（比率50%）,True
2026-10-02,10/2(金),15:00-15:30,15:00,15:30,1歳児,7,1,1,保育標準時間,1歳児 7名 → 必要人員1名／保育標準時間／0歳児 6名 × 1/3 = 2.0（小数第2位以下切捨て）／1歳児・2歳児 11名 × 1/6 = 1.8（小数第2位以下切捨て）／3歳児 4名 × 1/20 = 0.2（小数第2位以下切捨て）／4歳児・5歳児以上 7名 × 1/30 = 0.2（小数第2位以下切捨て）／合計 ＋ 1 → 四捨五入 = 5名／うち保育士3名（比率50%）,True
2026-10-02,10/2(金),15:00-15:30,15:00,15:30,2歳児,4,0,0,保育標準時間,2歳児 4名 → 必要人員0名／保育標準時間／0歳児 6名 × 1/3 = 2.0（小数第2位以下切捨て）／1歳児・2歳児 11名 × 1/6 = 1.8（小数第2位以下切捨て）／3歳児 4名 × 1/20 = 0.2（小数第2位以下切捨て）／4歳児・5歳児以上 7名 × 1/30 = 0.2（小数第2位以下切捨て）／合計 ＋ 1 → 四捨五入 = 5名／うち保育士3名（比率50%）,True
2026-10-02,10/2(金),15:00-15:30,15:00,15:30,3歳児,4,1,1,保育標準時間,3歳児 4名 → 必要人員1名／保育標準時間／0歳児 6名 × 1/3 = 2.0（小数第2位以下切捨て）／1歳児・2歳児 11名 × 1/6 = 1.8（小数第2位以下切捨て）／3歳児 4名 × 1/20 = 0.2（小数第2位以下切捨て）／4歳児・5歳児以上 7名 × 1/30 = 0.2（小数第2位以下切捨て）／合計 ＋ 1 → 四捨五入 = 5名／うち保育士3名（比率50%）,True
2026-10-02,10/2(金),15:00-15:30,15:00,15:30,4歳児,3,0,0,保育標準時間,4歳児 3名 → 必要人員0名／保育標準時間／0歳児 6名 × 1/3 = 2.0（小数第2位以下切捨て）／1歳児・2歳児 11名 × 1/6 = 1.8（小数第2位以下切捨て）／3歳児 4名 × 1/20 = 0.2（小数第2位以下切捨て）／4歳児・5歳児以上 7名 × 1/30 = 0.2（小数第2位以下切捨て）／合計 ＋ 1 → 四捨五入 = 5名／うち保育士3名（比率50%）,True
2026-10-02,10/2(金),15:00-15:30,15:00,15:30,5歳児以上,4,1,0,保育標準時間,5歳児以上 4名 → 必要人員1名／保育標準時間／0歳児 6名 × 1/3 = 2.0（小数第2位以下切捨て）／1歳児・2歳児 11名 × 1/6 = 1.8（小数第2位以下切捨て）／3歳児 4名 × 1/20 = 0.2（小数第2位以下切捨て）／4歳児・5歳児以上 7名 × 1/30 = 0.2（小数第2位以下切捨て）／合計 ＋ 1 → 四捨五入 = 5名／うち保育士3名（比率50%）,True
2026-10-02,10/2(金),15:30-16:00,15:30,16:00,0歳児,6,2,1,保育標準時間,0歳児 6名 → 必要人員2名／保育標準時間／0歳児 6名 × 1/3 = 2.0（小数第2位以下切捨て）／1歳児・2歳児 11名 × 1/6 = 1.8（小数第2位以下切捨て）／3歳児 4名 × 1/20 = 0.2（小数第2位以下切捨て）／4歳児・5歳児以上 7名 × 1/30 = 0.2（小数第2位以下切捨て）／合計 ＋ 1 → 四捨五入 = 5名／うち保育士3名（比率50%）,True
2026-10-02,10/2(金),15:30-16:00,15:30,16:00,1歳児,7,1,1,保育標準時間,1歳児 7名 → 必要人員1名／保育標準時間／0歳児 6名 × 1/3 = 2.0（小数第2位以下切捨て）／1歳児・2歳児 11名 × 1/6 = 1.8（小数第2位以下切捨て）／3歳児 4名 × 1/20 = 0.2（小数第2位以下切捨て）／4歳児・5歳児以上 7名 × 1/30 = 0.2（小数第2位以下切捨て）／合計 ＋ 1 → 四捨五入 = 5名／うち保育士3名（比率50%）,True
2026-10-02,10/2(金),15:30-16:00,15:30,16:00,2歳児,4,0,0,保育標準時間,2歳児 4名 → 必要人員0名／保育標準時間／0歳児 6名 × 1/3 = 2.0（小数第2位以下切捨て）／1歳児・2歳児 11名 × 1/6 = 1.8（小数第2位以下切捨て）／3歳児 4名 × 1/20 = 0.2（小数第2位以下切捨て）／4歳児・5歳児以上 7名 × 1/30 = 0.2（小数第2位以下切捨て）／合計 ＋ 1 → 四捨五入 = 5名／うち保育士3名（比率50%）,True
2026-10-02,10/2(金),15:30-16:00,15:30,16:00,3歳児,4,1,1,保育標準時間,3歳児 4名 → 必要人員1名／保育標準時間／0歳児 6名 × 1/3 = 2.0（小数第2位以下切捨て）／1歳児・2歳児 11名 × 1/6 = 1.8（小数第2位以下切捨て）／3歳児 4名 × 1/20 = 0.2（小数第2位以下切捨て）／4歳児・5歳児以上 7名 × 1/30 = 0.2（小数第2位以下切捨て）／合計 ＋ 1 → 四捨五入 = 5名／うち保育士3名（比率50%）,True
2026-10-02,10/2(金),15:30-16:00,15:30,16:00,4歳児,3,0,0,保育標準時間,4歳児 3名 → 必要人員0名／保育標準時間／0歳児 6名 × 1/3 = 2.0（小数第2位以下切捨て）／1歳児・2歳児 11名 × 1/6 = 1.8（小数第2位以下切捨て）／3歳児 4名 × 1/20 = 0.2（小数第2位以下切捨て）／4歳児・5歳児以上 7名 × 1/30 = 0.2（小数第2位以下切捨て）／合計 ＋ 1 → 四捨五入 = 5名／うち保育士3名（比率50%）,True
2026-10-02,10/2(金),15:30-16:00,15:30,16:00,5歳児以上,4,1,0,保育標準時間,5歳児以上 4名 → 必要人員1名／保育標準時間／0歳児 6名 × 1/3 = 2.0（小数第2位以下切捨て）／1歳児・2歳児 11名 × 1/6 = 1.8（小数第2位以下切捨て）／3歳児 4名 × 1/20 = 0.2（小数第2位以下切捨て）／4歳児・5歳児以上 7名 × 1/30 = 0.2（小数第2位以下切捨て）／合計 ＋ 1 → 四捨五入 = 5名／うち保育士3名（比率50%）,True
2026-10-02,10/2(金),16:00-16:30,16:00,16:30,0歳児,6,2,1,保育標準時間,0歳児 6名 → 必要人員2名／保育標準時間／0歳児 6名 × 1/3 = 2.0（小数第2位以下切捨て）／1歳児・2歳児 11名 × 1/6 = 1.8（小数第2位以下切捨て）／3歳児 4名 × 1/20 = 0.2（小数第2位以下切捨て）／4歳児・5歳児以上 7名 × 1/30 = 0.2（小数第2位以下切捨て）／合計 ＋ 1 → 四捨五入 = 5名／うち保育士3名（比率50%）,True
2026-10-02,10/2(金),16:00-16:30,16:00,16:30,1歳児,7,1,1,保育標準時間,1歳児 7名 → 必要人員1名／保育標準時間／0歳児 6名 × 1/3 = 2.0（小数第2位以下切捨て）／1歳児・2歳児 11名 × 1/6 = 1.8（小数第2位以下切捨て）／3歳児 4名 × 1/20 = 0.2（小数第2位以下切捨て）／4歳児・5歳児以上 7名 × 1/30 = 0.2（小数第2位以下切捨て）／合計 ＋ 1 → 四捨五入 = 5名／うち保育士3名（比率50%）,True
2026-10-02,10/2(金),16:00-16:30,16:00,16:30,2歳児,4,0,0,保育標準時間,2歳児 4名 → 必要人員0名／保育標準時間／0歳児 6名 × 1/3 = 2.0（小数第2位以下切捨て）／1歳児・2歳児 11名 × 1/6 = 1.8（小数第2位以下切捨て）／3歳児 4名 × 1/20 = 0.2（小数第2位以下切捨て）／4歳児・5歳児以上 7名 × 1/30 = 0.2（小数第2位以下切捨て）／合計 ＋ 1 → 四捨五入 = 5名／うち保育士3名（比率50%）,True
2026-10-02,10/2(金),16:00-16:30,16:00,16:30,3歳児,4,1,1,保育標準時間,3歳児 4名 → 必要人員1名／保育標準時間／0歳児 6名 × 1/3 = 2.0（小数第2位以下切捨て）／1歳児・2歳児 11名 × 1/6 = 1.8（小数第2位以下切捨て）／3歳児 4名 × 1/20 = 0.2（小数第2位以下切捨て）／4歳児・5歳児以上 7名 × 1/30 = 0.2（小数第2位以下切捨て）／合計 ＋ 1 → 四捨五入 = 5名／うち保育士3名（比率50%）,True
2026-10-02,10/2(金),16:00-16:30,16:00,16:30,4歳児,3,0,0,保育標準時間,4歳児 3名 → 必要人員0名／保育標準時間／0歳児 6名 × 1/3 = 2.0（小数第2位以下切捨て）／1歳児・2歳児 11名 × 1/6 = 1.8（小数第2位以下切捨て）／3歳児 4名 × 1/20 = 0.2（小数第2位以下切捨て）／4歳児・5歳児以上 7名 × 1/30 = 0.2（小数第2位以下切捨て）／合計 ＋ 1 → 四捨五入 = 5名／うち保育士3名（比率50%）,True
2026-10-02,10/2(金),16:00-16:30,16:00,16:30,5歳児以上,4,1,0,保育標準時間,5歳児以上 4名 → 必要人員1名／保育標準時間／0歳児 6名 × 1/3 = 2.0（小数第2位以下切捨て）／1歳児・2歳児 11名 × 1/6 = 1.8（小数第2位以下切捨て）／3歳児 4名 × 1/20 = 0.2（小数第2位以下切捨て）／4歳児・5歳児以上 7名 × 1/30 = 0.2（小数第2位以下切捨て）／合計 ＋ 1 → 四捨五入 = 5名／うち保育士3名（比率50%）,True
2026-10-02,10/2(金),16:30-17:00,16:30,17:00,0歳児,6,2,1,保育標準時間,0歳児 6名 → 必要人員2名／保育標準時間／0歳児 6名 × 1/3 = 2.0（小数第2位以下切捨て）／1歳児・2歳児 11名 × 1/6 = 1.8（小数第2位以下切捨て）／3歳児 4名 × 1/20 = 0.2（小数第2位以下切捨て）／4歳児・5歳児以上 7名 × 1/30 = 0.2（小数第2位以下切捨て）／合計 ＋ 1 → 四捨五入 = 5名／うち保育士3名（比率50%）,True
2026-10-02,10/2(金),16:30-17:00,16:30,17:00,1歳児,7,1,1,保育標準時間,1歳児 7名 → 必要人員1名／保育標準時間／0歳児 6名 × 1/3 = 2.0（小数第2位以下切捨て）／1歳児・2歳児 11名 × 1/6 = 1.8（小数第2位以下切捨て）／3歳児 4名 × 1/20 = 0.2（小数第2位以下切捨て）／4歳児・5歳児以上 7名 × 1/30 = 0.2（小数第2位以下切捨て）／合計 ＋ 1 → 四捨五入 = 5名／うち保育士3名（比率50%）,True
2026-10-02,10/2(金),16:30-17:00,16:30,17:00,2歳児,4,0,0,保育標準時間,2歳児 4名 → 必要人員0名／保育標準時間／0歳児 6名 × 1/3 = 2.0（小数第2位以下切捨て）／1歳児・2歳児 11名 × 1/6 = 1.8（小数第2位以下切捨て）／3歳児 4名 × 1/20 = 0.2（小数第2位以下切捨て）／4歳児・5歳児以上 7名 × 1/30 = 0.2（小数第2位以下切捨て）／合計 ＋ 1 → 四捨五入 = 5名／うち保育士3名（比率50%）,True
2026-10-02,10/2(金),16:30-17:00,16:30,17:00,3歳児,4,1,1,保育標準時間,3歳児 4名 → 必要人員1名／保育標準時間／0歳児 6名 × 1/3 = 2.0（小数第2位以下切捨て）／1歳児・2歳児 11名 × 1/6 = 1.8（小数第2位以下切捨て）／3歳児 4名 × 1/20 = 0.2（小数第2位以下切捨て）／4歳児・5歳児以上 7名 × 1/30 = 0.2（小数第2位以下切捨て）／合計 ＋ 1 → 四捨五入 = 5名／うち保育士3名（比率50%）,True
2026-10-02,10/2(金),16:30-17:00,16:30,17:00,4歳児,3,0,0,保育標準時間,4歳児 3名 → 必要人員0名／保育標準時間／0歳児 6名 × 1/3 = 2.0（小数第2位以下切捨て）／1歳児・2歳児 11名 × 1/6 = 1.8（小数第2位以下切捨て）／3歳児 4名 × 1/20 = 0.2（小数第2位以下切捨て）／4歳児・5歳児以上 7名 × 1/30 = 0.2（小数第2位以下切捨て）／合計 ＋ 1 → 四捨五入 = 5名／うち保育士3名（比率50%）,True
2026-10-02,10/2(金),16:30-17:00,16:30,17:00,5歳児以上,4,1,0,保育標準時間,5歳児以上 4名 → 必要人員1名／保育標準時間／0歳児 6名 × 1/3 = 2.0（小数第2位以下切捨て）／1歳児・2歳児 11名 × 1/6 = 1.8（小数第2位以下切捨て）／3歳児 4名 × 1/20 = 0.2（小数第2位以下切捨て）／4歳児・5歳児以上 7名 × 1/30 = 0.2（小数第2位以下切捨て）／合計 ＋ 1 → 四捨五入 = 5名／うち保育士3名（比率50%）,True
2026-10-02,10/2(金),17:00-17:30,17:00,17:30,0歳児,6,2,1,保育標準時間,0歳児 6名 → 必要人員2名／保育標準時間／0歳児 6名 × 1/3 = 2.0（小数第2位以下切捨て）／1歳児・2歳児 11名 × 1/6 = 1.8（小数第2位以下切捨て）／3歳児 4名 × 1/20 = 0.2（小数第2位以下切捨て）／4歳児・5歳児以上 7名 × 1/30 = 0.2（小数第2位以下切捨て）／合計 ＋ 1 → 四捨五入 = 5名／うち保育士3名（比率50%）,True
2026-10-02,10/2(金),17:00-17:30,17:00,17:30,1歳児,7,1,1,保育標準時間,1歳児 7名 → 必要人員1名／保育標準時間／0歳児 6名 × 1/3 = 2.0（小数第2位以下切捨て）／1歳児・2歳児 11名 × 1/6 = 1.8（小数第2位以下切捨て）／3歳児 4名 × 1/20 = 0.2（小数第2位以下切捨て）／4歳児・5歳児以上 7名 × 1/30 = 0.2（小数第2位以下切捨て）／合計 ＋ 1 → 四捨五入 = 5名／うち保育士3名（比率50%）,True
2026-10-02,10/2(金),17:00-17:30,17:00,17:30,2歳児,4,0,0,保育標準時間,2歳児 4名 → 必要人員0名／保育標準時間／0歳児 6名 × 1/3 = 2.0（小数第2位以下切捨て）／1歳児・2歳児 11名 × 1/6 = 1.8（小数第2位以下切捨て）／3歳児 4名 × 1/20 = 0.2（小数第2位以下切捨て）／4歳児・5歳児以上 7名 × 1/30 = 0.2（小数第2位以下切捨て）／合計 ＋ 1 → 四捨五入 = 5名／うち保育士3名（比率50%）,True
2026-10-02,10/2(金),17:00-17:30,17:00,17:30,3歳児,4,1,1,保育標準時間,3歳児 4名 → 必要人員1名／保育標準時間／0歳児 6名 × 1/3 = 2.0（小数第2位以下切捨て）／1歳児・2歳児 11名 × 1/6 = 1.8（小数第2位以下切捨て）／3歳児 4名 × 1/20 = 0.2（小数第2位以下切捨て）／4歳児・5歳児以上 7名 × 1/30 = 0.2（小数第2位以下切捨て）／合計 ＋ 1 → 四捨五入 = 5名／うち保育士3名（比率50%）,True
2026-10-02,10/2(金),17:00-17:30,17:00,17:30,4歳児,3,0,0,保育標準時間,4歳児 3名 → 必要人員0名／保育標準時間／0歳児 6名 × 1/3 = 2.0（小数第2位以下切捨て）／1歳児・2歳児 11名 × 1/6 = 1.8（小数第2位以下切捨て）／3歳児 4名 × 1/20 = 0.2（小数第2位以下切捨て）／4歳児・5歳児以上 7名 × 1/30 = 0.2（小数第2位以下切捨て）／合計 ＋ 1 → 四捨五入 = 5名／うち保育士3名（比率50%）,True
2026-10-02,10/2(金),17:00-17:30,17:00,17:30,5歳児以上,4,1,0,保育標準時間,5歳児以上 4名 → 必要人員1名／保育標準時間／0歳児 6名 × 1/3 = 2.0（小数第2位以下切捨て）／1歳児・2歳児 11名 × 1/6 = 1.8（小数第2位以下切捨て）／3歳児 4名 × 1/20 = 0.2（小数第2位以下切捨て）／4歳児・5歳児以上 7名 × 1/30 = 0.2（小数第2位以下切捨て）／合計 ＋ 1 → 四捨五入 = 5名／うち保育士3名（比率50%）,True
2026-10-02,10/2(金),17:30-18:00,17:30,18:00,0歳児,6,2,1,保育標準時間,0歳児 6名 → 必要人員2名／保育標準時間／0歳児 6名 × 1/3 = 2.0（小数第2位以下切捨て）／1歳児・2歳児 9名 × 1/6 = 1.5（小数第2位以下切捨て）／3歳児 4名 × 1/20 = 0.2（小数第2位以下切捨て）／4歳児・5歳児以上 6名 × 1/30 = 0.2（小数第2位以下切捨て）／合計 ＋ 1 → 四捨五入 = 5名／うち保育士3名（比率50%）,True
2026-10-02,10/2(金),17:30-18:00,17:30,18:00,1歳児,7,1,1,保育標準時間,1歳児 7名 → 必要人員1名／保育標準時間／0歳児 6名 × 1/3 = 2.0（小数第2位以下切捨て）／1歳児・2歳児 9名 × 1/6 = 1.5（小数第2位以下切捨て）／3歳児 4名 × 1/20 = 0.2（小数第2位以下切捨て）／4歳児・5歳児以上 6名 × 1/30 = 0.2（小数第2位以下切捨て）／合計 ＋ 1 → 四捨五入 = 5名／うち保育士3名（比率50%）,True
2026-10-02,10/2(金),17:30-18:00,17:30,18:00,2歳児,2,0,0,保育標準時間,2歳児 2名 → 必要人員0名／保育標準時間／0歳児 6名 × 1/3 = 2.0（小数第2位以下切捨て）／1歳児・2歳児 9名 × 1/6 = 1.5（小数第2位以下切捨て）／3歳児 4名 × 1/20 = 0.2（小数第2位以下切捨て）／4歳児・5歳児以上 6名 × 1/30 = 0.2（小数第2位以下切捨て）／合計 ＋ 1 → 四捨五入 = 5名／うち保育士3名（比率50%）,True
2026-10-02,10/2(金),17:30-18:00,17:30,18:00,3歳児,4,1,1,保育標準時間,3歳児 4名 → 必要人員1名／保育標準時間／0歳児 6名 × 1/3 = 2.0（小数第2位以下切捨て）／1歳児・2歳児 9名 × 1/6 = 1.5（小数第2位以下切捨て）／3歳児 4名 × 1/20 = 0.2（小数第2位以下切捨て）／4歳児・5歳児以上 6名 × 1/30 = 0.2（小数第2位以下切捨て）／合計 ＋ 1 → 四捨五入 = 5名／うち保育士3名（比率50%）,True
2026-10-02,10/2(金),17:30-18:00,17:30,18:00,4歳児,2,0,0,保育標準時間,4歳児 2名 → 必要人員0名／保育標準時間／0歳児 6名 × 1/3 = 2.0（小数第2位以下切捨て）／1歳児・2歳児 9名 × 1/6 = 1.5（小数第2位以下切捨て）／3歳児 4名 × 1/20 = 0.2（小数第2位以下切捨て）／4歳児・5歳児以上 6名 × 1/30 = 0.2（小数第2位以下切捨て）／合計 ＋ 1 → 四捨五入 = 5名／うち保育士3名（比率50%）,True
2026-10-02,10/2(金),17:30-18:00,17:30,18:00,5歳児以上,4,1,0,保育標準時間,5歳児以上 4名 → 必要人員1名／保育標準時間／0歳児 6名 × 1/3 = 2.0（小数第2位以下切捨て）／1歳児・2歳児 9名 × 1/6 = 1.5（小数第2位以下切捨て）／3歳児 4名 × 1/20 = 0.2（小数第2位以下切捨て）／4歳児・5歳児以上 6名 × 1/30 = 0.2（小数第2位以下切捨て）／合計 ＋ 1 → 四捨五入 = 5名／うち保育士3名（比率50%）,True
2026-10-02,10/2(金),18:00-18:30,18:00,18:30,0歳児,3,1,1,延長保育,0歳児 3名 → 必要人員1名／保育標準時間外（延長保育）／0歳児 3名 × 1/3 = 1.0（小数第2位以下切捨て）／1歳児・2歳児 9名 × 1/6 = 1.5（小数第2位以下切捨て）／3歳児 4名 × 1/20 = 0.2（小数第2位以下切捨て）／4歳児・5歳児以上 4名 × 1/30 = 0.1（小数第2位以下切捨て）／合計 ＋ 1 → 四捨五入 = 4名／うち保育士2名（比率50%）,True
2026-10-02,10/2(金),18:00-18:30,18:00,18:30,1歳児,7,1,1,延長保育,1歳児 7名 → 必要人員1名／保育標準時間外（延長保育）／0歳児 3名 × 1/3 = 1.0（小数第2位以下切捨て）／1歳児・2歳児 9名 × 1/6 = 1.5（小数第2位以下切捨て）／3歳児 4名 × 1/20 = 0.2（小数第2位以下切捨て）／4歳児・5歳児以上 4名 × 1/30 = 0.1（小数第2位以下切捨て）／合計 ＋ 1 → 四捨五入 = 4名／うち保育士2名（比率50%）,True
2026-10-02,10/2(金),18:00-18:30,18:00,18:30,2歳児,2,0,0,延長保育,2歳児 2名 → 必要人員0名／保育標準時間外（延長保育）／0歳児 3名 × 1/3 = 1.0（小数第2位以下切捨て）／1歳児・2歳児 9名 × 1/6 = 1.5（小数第2位以下切捨て）／3歳児 4名 × 1/20 = 0.2（小数第2位以下切捨て）／4歳児・5歳児以上 4名 × 1/30 = 0.1（小数第2位以下切捨て）／合計 ＋ 1 → 四捨五入 = 4名／うち保育士2名（比率50%）,True
2026-10-02,10/2(金),18:00-18:30,18:00,18:30,3歳児,4,1,0,延長保育,3歳児 4名 → 必要人員1名／保育標準時間外（延長保育）／0歳児 3名 × 1/3 = 1.0（小数第2位以下切捨て）／1歳児・2歳児 9名 × 1/6 = 1.5（小数第2位以下切捨て）／3歳児 4名 × 1/20 = 0.2（小数第2位以下切捨て）／4歳児・5歳児以上 4名 × 1/30 = 0.1（小数第2位以下切捨て）／合計 ＋ 1 → 四捨五入 = 4名／うち保育士2名（比率50%）,True
2026-10-02,10/2(金),18:00-18:30,18:00,18:30,4歳児,1,0,0,延長保育,4歳児 1名 → 必要人員0名／保育標準時間外（延長保育）／0歳児 3名 × 1/3 = 1.0（小数第2位以下切捨て）／1歳児・2歳児 9名 × 1/6 = 1.5（小数第2位以下切捨て）／3歳児 4名 × 1/20 = 0.2（小数第2位以下切捨て）／4歳児・5歳児以上 4名 × 1/30 = 0.1（小数第2位以下切捨て）／合計 ＋ 1 → 四捨五入 = 4名／うち保育士2名（比率50%）,True
2026-10-02,10/2(金),18:00-18:30,18:00,18:30,5歳児以上,3,1,0,延長保育,5歳児以上 3名 → 必要人員1名／保育標準時間外（延長保育）／0歳児 3名 × 1/3 = 1.0（小数第2位以下切捨て）／1歳児・2歳児 9名 × 1/6 = 1.5（小数第2位以下切捨て）／3歳児 4名 × 1/20 = 0.2（小数第2位以下切捨て）／4歳児・5歳児以上 4名 × 1/30 = 0.1（小数第2位以下切捨て）／合計 ＋ 1 → 四捨五入 = 4名／うち保育士2名（比率50%）,True
2026-10-02,10/2(金),18:30-19:00,18:30,19:00,0歳児,2,1,1,延長保育,0歳児 2名 → 必要人員1名／保育標準時間外（延長保育）／0歳児 2名 × 1/3 = 0.6（小数第2位以下切捨て）／1歳児・2歳児 6名 × 1/6 = 1.0（小数第2位以下切捨て）／3歳児 4名 × 1/20 = 0.2（小数第2位以下切捨て）／4歳児・5歳児以上 3名 × 1/30 = 0.1（小数第2位以下切捨て）／合計 ＋ 1 → 四捨五入 = 3名／うち保育士2名（比率50%）,True
2026-10-02,10/2(金),18:30-19:00,18:30,19:00,1歳児,4,1,1,延長保育,1歳児 4名 → 必要人員1名／保育標準時間外（延長保育）／0歳児 2名 × 1/3 = 0.6（小数第2位以下切捨て）／1歳児・2歳児 6名 × 1/6 = 1.0（小数第2位以下切捨て）／3歳児 4名 × 1/20 = 0.2（小数第2位以下切捨て）／4歳児・5歳児以上 3名 × 1/30 = 0.1（小数第2位以下切捨て）／合計 ＋ 1 → 四捨五入 = 3名／うち保育士2名（比率50%）,True
2026-10-02,10/2(金),18:30-19:00,18:30,19:00,2歳児,2,0,0,延長保育,2歳児 2名 → 必要人員0名／保育標準時間外（延長保育）／0歳児 2名 × 1/3 = 0.6（小数第2位以下切捨て）／1歳児・2歳児 6名 × 1/6 = 1.0（小数第2位以下切捨て）／3歳児 4名 × 1/20 = 0.2（小数第2位以下切捨て）／4歳児・5歳児以上 3名 × 1/30 = 0.1（小数第2位以下切捨て）／合計 ＋ 1 → 四捨五入 = 3名／うち保育士2名（比率50%）,True
2026-10-02,10/2(金),18:30-19:00,18:30,19:00,3歳児,4,1,0,延長保育,3歳児 4名 → 必要人員1名／保育標準時間外（延長保育）／0歳児 2名 × 1/3 = 0.6（小数第2位以下切捨て）／1歳児・2歳児 6名 × 1/6 = 1.0（小数第2位以下切捨て）／3歳児 4名 × 1/20 = 0.2（小数第2位以下切捨て）／4歳児・5歳児以上 3名 × 1/30 = 0.1（小数第2位以下切捨て）／合計 ＋ 1 → 四捨五入 = 3名／うち保育士2名（比率50%）,True
2026-10-02,10/2(金),18:30-19:00,18:30,19:00,4歳児,1,0,0,延長保育,4歳児 1名 → 必要人員0名／保育標準時間外（延長保育）／0歳児 2名 × 1/3 = 0.6（小数第2位以下切捨て）／1歳児・2歳児 6名 × 1/6 = 1.0（小数第2位以下切捨て）／3歳児 4名 × 1/20 = 0.2（小数第2位以下切捨て）／4歳児・5歳児以上 3名 × 1/30 = 0.1（小数第2位以下切捨て）／合計 ＋ 1 → 四捨五入 = 3名／うち保育士2名（比率50%）,True
2026-10-02,10/2(金),18:30-19:00,18:30,19:00,5歳児以上,2,0,0,延長保育,5歳児以上 2名 → 必要人員0名／保育標準時間外（延長保育）／0歳児 2名 × 1/3 = 0.6（小数第2位以下切捨て）／1歳児・2歳児 6名 × 1/6 = 1.0（小数第2位以下切捨て）／3歳児 4名 × 1/20 = 0.2（小数第2位以下切捨て）／4歳児・5歳児以上 3名 × 1/30 = 0.1（小数第2位以下切捨て）／合計 ＋ 1 → 四捨五入 = 3名／うち保育士2名（比率50%）,True
2026-10-02,10/2(金),19:00-19:30,19:00,19:30,0歳児,1,1,1,延長保育,0歳児 1名 → 必要人員1名／保育標準時間外（延長保育）／0歳児 1名 × 1/3 = 0.3（小数第2位以下切捨て）／1歳児・2歳児 5名 × 1/6 = 0.8（小数第2位以下切捨て）／3歳児 4名 × 1/20 = 0.2（小数第2位以下切捨て）／5歳児以上 1名 × 1/30 = 0.0（小数第2位以下切捨て）／合計 ＋ 1 → 四捨五入 = 2名／うち保育士1名（比率50%）,True
2026-10-02,10/2(金),19:00-19:30,19:00,19:30,1歳児,3,1,0,延長保育,1歳児 3名 → 必要人員1名／保育標準時間外（延長保育）／0歳児 1名 × 1/3 = 0.3（小数第2位以下切捨て）／1歳児・2歳児 5名 × 1/6 = 0.8（小数第2位以下切捨て）／3歳児 4名 × 1/20 = 0.2（小数第2位以下切捨て）／5歳児以上 1名 × 1/30 = 0.0（小数第2位以下切捨て）／合計 ＋ 1 → 四捨五入 = 2名／うち保育士1名（比率50%）,True
2026-10-02,10/2(金),19:00-19:30,19:00,19:30,2歳児,2,0,0,延長保育,2歳児 2名 → 必要人員0名／保育標準時間外（延長保育）／0歳児 1名 × 1/3 = 0.3（小数第2位以下切捨て）／1歳児・2歳児 5名 × 1/6 = 0.8（小数第2位以下切捨て）／3歳児 4名 × 1/20 = 0.2（小数第2位以下切捨て）／5歳児以上 1名 × 1/30 = 0.0（小数第2位以下切捨て）／合計 ＋ 1 → 四捨五入 = 2名／うち保育士1名（比率50%）,True
2026-10-02,10/2(金),19:00-19:30,19:00,19:30,3歳児,4,0,0,延長保育,3歳児 4名 → 必要人員0名／保育標準時間外（延長保育）／0歳児 1名 × 1/3 = 0.3（小数第2位以下切捨て）／1歳児・2歳児 5名 × 1/6 = 0.8（小数第2位以下切捨て）／3歳児 4名 × 1/20 = 0.2（小数第2位以下切捨て）／5歳児以上 1名 × 1/30 = 0.0（小数第2位以下切捨て）／合計 ＋ 1 → 四捨五入 = 2名／うち保育士1名（比率50%）,True
2026-10-02,10/2(金),19:00-19:30,19:00,19:30,5歳児以上,1,0,0,延長保育,5歳児以上 1名 → 必要人員0名／保育標準時間外（延長保育）／0歳児 1名 × 1/3 = 0.3（小数第2位以下切捨て）／1歳児・2歳児 5名 × 1/6 = 0.8（小数第2位以下切捨て）／3歳児 4名 × 1/20 = 0.2（小数第2位以下切捨て）／5歳児以上 1名 × 1/30 = 0.0（小数第2位以下切捨て）／合計 ＋ 1 → 四捨五入 = 2名／うち保育士1名（比率50%）,True
2026-10-03,10/3(土),07:30-08:00,07:30,08:00,0歳児,2,1,1,早朝保育,0歳児 2名 → 必要人員1名／早朝保育（保育標準時間前）／0歳児 2名 × 1/3 = 0.6（小数第2位以下切捨て）／4歳児 1名 × 1/30 = 0.0（小数第2位以下切捨て）／合計 ＋ 1 → 四捨五入 = 2名／うち保育士1名（比率50%）,True
2026-10-03,10/3(土),07:30-08:00,07:30,08:00,4歳児,1,1,0,早朝保育,4歳児 1名 → 必要人員1名／早朝保育（保育標準時間前）／0歳児 2名 × 1/3 = 0.6（小数第2位以下切捨て）／4歳児 1名 × 1/30 = 0.0（小数第2位以下切捨て）／合計 ＋ 1 → 四捨五入 = 2名／うち保育士1名（比率50%）,True
2026-10-03,10/3(土),08:00-08:30,08:00,08:30,0歳児,2,1,1,早朝保育,0歳児 2名 → 必要人員1名／早朝保育（保育標準時間前）／0歳児 2名 × 1/3 = 0.6（小数第2位以下切捨て）／4歳児 1名 × 1/30 = 0.0（小数第2位以下切捨て）／合計 ＋ 1 → 四捨五入 = 2名／うち保育士1名（比率50%）,True
2026-10-03,10/3(土),08:00-08:30,08:00,08:30,4歳児,1,1,0,早朝保育,4歳児 1名 → 必要人員1名／早朝保育（保育標準時間前）／0歳児 2名 × 1/3 = 0.6（小数第2位以下切捨て）／4歳児 1名 × 1/30 = 0.0（小数第2位以下切捨て）／合計 ＋ 1 → 四捨五入 = 2名／うち保育士1名（比率50%）,True
2026-10-03,10/3(土),08:30-09:00,08:30,09:00,0歳児,2,1,1,保育標準時間,0歳児 2名 → 必要人員1名／保育標準時間／0歳児 2名 × 1/3 = 0.6（小数第2位以下切捨て）／1歳児 1名 × 1/6 = 0.1（小数第2位以下切捨て）／4歳児 1名 × 1/30 = 0.0（小数第2位以下切捨て）／合計 ＋ 1 → 四捨五入 = 2名／うち保育士1名（比率50%）,True
2026-10-03,10/3(土),08:30-09:00,08:30,09:00,1歳児,1,1,0,保育標準時間,1歳児 1名 → 必要人員1名／保育標準時間／0歳児 2名 × 1/3 = 0.6（小数第2位以下切捨て）／1歳児 1名 × 1/6 = 0.1（小数第2位以下切捨て）／4歳児 1名 × 1/30 = 0.0（小数第2位以下切捨て）／合計 ＋ 1 → 四捨五入 = 2名／うち保育士1名（比率50%）,True
2026-10-03,10/3(土),08:30-09:00,08:30,09:00,4歳児,1,0,0,保育標準時間,4歳児 1名 → 必要人員0名／保育標準時間／0歳児 2名 × 1/3 = 0.6（小数第2位以下切捨て）／1歳児 1名 × 1/6 = 0.1（小数第2位以下切捨て）／4歳児 1名 × 1/30 = 0.0（小数第2位以下切捨て）／合計 ＋ 1 → 四捨五入 = 2名／うち保育士1名（比率50%）,True
2026-10-03,10/3(土),09:00-09:30,09:00,09:30,0歳児,3,1,1,保育標準時間,0歳児 3名 → 必要人員1名／保育標準時間／0歳児 3名 × 1/3 = 1.0（小数第2位以下切捨て）／1歳児・2歳児 5名 × 1/6 = 0.8（小数第2位以下切捨て）／3歳児 4名 × 1/20 = 0.2（小数第2位以下切捨て）／4歳児 1名 × 1/30 = 0.0（小数第2位以下切捨て）／合計 ＋ 1 → 四捨五入 = 3名／うち保育士2名（比率50%）,True
2026-10-03,10/3(土),09:00-09:30,09:00,09:30,1歳児,3,1,1,保育標準時間,1歳児 3名 → 必要人員1名／保育標準時間／0歳児 3名 × 1/3 = 1.0（小数第2位以下切捨て）／1歳児・2歳児 5名 × 1/6 = 0.8（小数第2位以下切捨て）／3歳児 4名 × 1/20 = 0.2（小数第2位以下切捨て）／4歳児 1名 × 1/30 = 0.0（小数第2位以下切捨て）／合計 ＋ 1 → 四捨五入 = 3名／うち保育士2名（比率50%）,True
2026-10-03,10/3(土),09:00-09:30,09:00,09:30,2歳児,2,0,0,保育標準時間,2歳児 2名 → 必要人員0名／保育標準時間／0歳児 3名 × 1/3 = 1.0（小数第2位以下切捨て）／1歳児・2歳児 5名 × 1/6 = 0.8（小数第2位以下切捨て）／3歳児 4名 × 1/20 = 0.2（小数第2位以下切捨て）／4歳児 1名 × 1/30 = 0.0（小数第2位以下切捨て）／合計 ＋ 1 → 四捨五入 = 3名／うち保育士2名（比率50%）,True
2026-10-03,10/3(土),09:00-09:30,09:00,09:30,3歳児,4,1,0,保育標準時間,3歳児 4名 → 必要人員1名／保育標準時間／0歳児 3名 × 1/3 = 1.0（小数第2位以下切捨て）／1歳児・2歳児 5名 × 1/6 = 0.8（小数第2位以下切捨て）／3歳児 4名 × 1/20 = 0.2（小数第2位以下切捨て）／4歳児 1名 × 1/30 = 0.0（小数第2位以下切捨て）／合計 ＋ 1 → 四捨五入 = 3名／うち保育士2名（比率50%）,True
2026-10-03,10/3(土),09:00-09:30,09:00,09:30,4歳児,1,0,0,保育標準時間,4歳児 1名 → 必要人員0名／保育標準時間／0歳児 3名 × 1/3 = 1.0（小数第2位以下切捨て）／1歳児・2歳児 5名 × 1/6 = 0.8（小数第2位以下切捨て）／3歳児 4名 × 1/20 = 0.2（小数第2位以下切捨て）／4歳児 1名 × 1/30 = 0.0（小数第2位以下切捨て）／合計 ＋ 1 → 四捨五入 = 3名／うち保育士2名（比率50%）,True
2026-10-03,10/3(土),09:30-10:00,09:30,10:00,0歳児,3,1,1,保育標準時間,0歳児 3名 → 必要人員1名／保育標準時間／0歳児 3名 × 1/3 = 1.0（小数第2位以下切捨て）／1歳児・2歳児 5名 × 1/6 = 0.8（小数第2位以下切捨て）／3歳児 4名 × 1/20 = 0.2（小数第2位以下切捨て）／4歳児 1名 × 1/30 = 0.0（小数第2位以下切捨て）／合計 ＋ 1 → 四捨五入 = 3名／うち保育士2名（比率50%）,True
2026-10-03,10/3(土),09:30-10:00,09:30,10:00,1歳児,3,1,1,保育標準時間,1歳児 3名 → 必要人員1名／保育標準時間／0歳児 3名 × 1/3 = 1.0（小数第2位以下切捨て）／1歳児・2歳児 5名 × 1/6 = 0.8（小数第2位以下切捨て）／3歳児 4名 × 1/20 = 0.2（小数第2位以下切捨て）／4歳児 1名 × 1/30 = 0.0（小数第2位以下切捨て）／合計 ＋ 1 → 四捨五入 = 3名／うち保育士2名（比率50%）,True
2026-10-03,10/3(土),09:30-10:00,09:30,10:00,2歳児,2,0,0,保育標準時間,2歳児 2名 → 必要人員0名／保育標準時間／0歳児 3名 × 1/3 = 1.0（小数第2位以下切捨て）／1歳児・2歳児 5名 × 1/6 = 0.8（小数第2位以下切捨て）／3歳児 4名 × 1/20 = 0.2（小数第2位以下切捨て）／4歳児 1名 × 1/30 = 0.0（小数第2位以下切捨て）／合計 ＋ 1 → 四捨五入 = 3名／うち保育士2名（比率50%）,True
2026-10-03,10/3(土),09:30-10:00,09:30,10:00,3歳児,4,1,0,保育標準時間,3歳児 4名 → 必要人員1名／保育標準時間／0歳児 3名 × 1/3 = 1.0（小数第2位以下切捨て）／1歳児・2歳児 5名 × 1/6 = 0.8（小数第2位以下切捨て）／3歳児 4名 × 1/20 = 0.2（小数第2位以下切捨て）／4歳児 1名 × 1/30 = 0.0（小数第2位以下切捨て）／合計 ＋ 1 → 四捨五入 = 3名／うち保育士2名（比率50%）,True
2026-10-03,10/3(土),09:30-10:00,09:30,10:00,4歳児,1,0,0,保育標準時間,4歳児 1名 → 必要人員0名／保育標準時間／0歳児 3名 × 1/3 = 1.0（小数第2位以下切捨て）／1歳児・2歳児 5名 × 1/6 = 0.8（小数第2位以下切捨て）／3歳児 4名 × 1/20 = 0.2（小数第2位以下切捨て）／4歳児 1名 × 1/30 = 0.0（小数第2位以下切捨て）／合計 ＋ 1 → 四捨五入 = 3名／うち保育士2名（比率50%）,True
2026-10-03,10/3(土),10:00-10:30,10:00,10:30,0歳児,3,1,1,保育標準時間,0歳児 3名 → 必要人員1名／保育標準時間／0歳児 3名 × 1/3 = 1.0（小数第2位以下切捨て）／1歳児・2歳児 5名 × 1/6 = 0.8（小数第2位以下切捨て）／3歳児 4名 × 1/20 = 0.2（小数第2位以下切捨て）／4歳児 1名 × 1/30 = 0.0（小数第2位以下切捨て）／合計 ＋ 1 → 四捨五入 = 3名／うち保育士2名（比率50%）,True
2026-10-03,10/3(土),10:00-10:30,10:00,10:30,1歳児,3,1,1,保育標準時間,1歳児 3名 → 必要人員1名／保育標準時間／0歳児 3名 × 1/3 = 1.0（小数第2位以下切捨て）／1歳児・2歳児 5名 × 1/6 = 0.8（小数第2位以下切捨て）／3歳児 4名 × 1/20 = 0.2（小数第2位以下切捨て）／4歳児 1名 × 1/30 = 0.0（小数第2位以下切捨て）／合計 ＋ 1 → 四捨五入 = 3名／うち保育士2名（比率50%）,True
2026-10-03,10/3(土),10:00-10:30,10:00,10:30,2歳児,2,0,0,保育標準時間,2歳児 2名 → 必要人員0名／保育標準時間／0歳児 3名 × 1/3 = 1.0（小数第2位以下切捨て）／1歳児・2歳児 5名 × 1/6 = 0.8（小数第2位以下切捨て）／3歳児 4名 × 1/20 = 0.2（小数第2位以下切捨て）／4歳児 1名 × 1/30 = 0.0（小数第2位以下切捨て）／合計 ＋ 1 → 四捨五入 = 3名／うち保育士2名（比率50%）,True
2026-10-03,10/3(土),10:00-10:30,10:00,10:30,3歳児,4,1,0,保育標準時間,3歳児 4名 → 必要人員1名／保育標準時間／0歳児 3名 × 1/3 = 1.0（小数第2位以下切捨て）／1歳児・2歳児 5名 × 1/6 = 0.8（小数第2位以下切捨て）／3歳児 4名 × 1/20 = 0.2（小数第2位以下切捨て）／4歳児 1名 × 1/30 = 0.0（小数第2位以下切捨て）／合計 ＋ 1 → 四捨五入 = 3名／うち保育士2名（比率50%）,True
2026-10-03,10/3(土),10:00-10:30,10:00,10:30,4歳児,1,0,0,保育標準時間,4歳児 1名 → 必要人員0名／保育標準時間／0歳児 3名 × 1/3 = 1.0（小数第2位以下切捨て）／1歳児・2歳児 5名 × 1/6 = 0.8（小数第2位以下切捨て）／3歳児 4名 × 1/20 = 0.2（小数第2位以下切捨て）／4歳児 1名 × 1/30 = 0.0（小数第2位以下切捨て）／合計 ＋ 1 → 四捨五入 = 3名／うち保育士2名（比率50%）,True
2026-10-03,10/3(土),10:30-11:00,10:30,11:00,0歳児,3,1,1,保育標準時間,0歳児 3名 → 必要人員1名／保育標準時間／0歳児 3名 × 1/3 = 1.0（小数第2位以下切捨て）／1歳児・2歳児 5名 × 1/6 = 0.8（小数第2位以下切捨て）／3歳児 4名 × 1/20 = 0.2（小数第2位以下切捨て）／4歳児 1名 × 1/30 = 0.0（小数第2位以下切捨て）／合計 ＋ 1 → 四捨五入 = 3名／うち保育士2名（比率50%）,True
2026-10-03,10/3(土),10:30-11:00,10:30,11:00,1歳児,3,1,1,保育標準時間,1歳児 3名 → 必要人員1名／保育標準時間／0歳児 3名 × 1/3 = 1.0（小数第2位以下切捨て）／1歳児・2歳児 5名 × 1/6 = 0.8（小数第2位以下切捨て）／3歳児 4名 × 1/20 = 0.2（小数第2位以下切捨て）／4歳児 1名 × 1/30 = 0.0（小数第2位以下切捨て）／合計 ＋ 1 → 四捨五入 = 3名／うち保育士2名（比率50%）,True
2026-10-03,10/3(土),10:30-11:00,10:30,11:00,2歳児,2,0,0,保育標準時間,2歳児 2名 → 必要人員0名／保育標準時間／0歳児 3名 × 1/3 = 1.0（小数第2位以下切捨て）／1歳児・2歳児 5名 × 1/6 = 0.8（小数第2位以下切捨て）／3歳児 4名 × 1/20 = 0.2（小数第2位以下切捨て）／4歳児 1名 × 1/30 = 0.0（小数第2位以下切捨て）／合計 ＋ 1 → 四捨五入 = 3名／うち保育士2名（比率50%）,True
2026-10-03,10/3(土),10:30-11:00,10:30,11:00,3歳児,4,1,0,保育標準時間,3歳児 4名 → 必要人員1名／保育標準時間／0歳児 3名 × 1/3 = 1.0（小数第2位以下切捨て）／1歳児・2歳児 5名 × 1/6 = 0.8（小数第2位以下切捨て）／3歳児 4名 × 1/20 = 0.2（小数第2位以下切捨て）／4歳児 1名 × 1/30 = 0.0（小数第2位以下切捨て）／合計 ＋ 1 → 四捨五入 = 3名／うち保育士2名（比率50%）,True
2026-10-03,10/3(土),10:30-11:00,10:30,11:00,4歳児,1,0,0,保育標準時間,4歳児 1名 → 必要人員0名／保育標準時間／0歳児 3名 × 1/3 = 1.0（小数第2位以下切捨て）／1歳児・2歳児 5名 × 1/6 = 0.8（小数第2位以下切捨て）／3歳児 4名 × 1/20 = 0.2（小数第2位以下切捨て）／4歳児 1名 × 1/30 = 0.0（小数第2位以下切捨て）／合計 ＋ 1 → 四捨五入 = 3名／うち保育士2名（比率50%）,True
2026-10-03,10/3(土),11:00-11:30,11:00,11:30,0歳児,3,1,1,保育標準時間,0歳児 3名 → 必要人員1名／保育標準時間／0歳児 3名 × 1/3 = 1.0（小数第2位以下切捨て）／1歳児・2歳児 5名 × 1/6 = 0.8（小数第2位以下切捨て）／3歳児 4名 × 1/20 = 0.2（小数第2位以下切捨て）／4歳児 1名 × 1/30 = 0.0（小数第2位以下切捨て）／合計 ＋ 1 → 四捨五入 = 3名／うち保育士2名（比率50%）,True
2026-10-03,10/3(土),11:00-11:30,11:00,11:30,1歳児,3,1,1,保育標準時間,1歳児 3名 → 必要人員1名／保育標準時間／0歳児 3名 × 1/3 = 1.0（小数第2位以下切捨て）／1歳児・2歳児 5名 × 1/6 = 0.8（小数第2位以下切捨て）／3歳児 4名 × 1/20 = 0.2（小数第2位以下切捨て）／4歳児 1名 × 1/30 = 0.0（小数第2位以下切捨て）／合計 ＋ 1 → 四捨五入 = 3名／うち保育士2名（比率50%）,True
2026-10-03,10/3(土),11:00-11:30,11:00,11:30,2歳児,2,0,0,保育標準時間,2歳児 2名 → 必要人員0名／保育標準時間／0歳児 3名 × 1/3 = 1.0（小数第2位以下切捨て）／1歳児・2歳児 5名 × 1/6 = 0.8（小数第2位以下切捨て）／3歳児 4名 × 1/20 = 0.2（小数第2位以下切捨て）／4歳児 1名 × 1/30 = 0.0（小数第2位以下切捨て）／合計 ＋ 1 → 四捨五入 = 3名／うち保育士2名（比率50%）,True
2026-10-03,10/3(土),11:00-11:30,11:00,11:30,3歳児,4,1,0,保育標準時間,3歳児 4名 → 必要人員1名／保育標準時間／0歳児 3名 × 1/3 = 1.0（小数第2位以下切捨て）／1歳児・2歳児 5名 × 1/6 = 0.8（小数第2位以下切捨て）／3歳児 4名 × 1/20 = 0.2（小数第2位以下切捨て）／4歳児 1名 × 1/30 = 0.0（小数第2位以下切捨て）／合計 ＋ 1 → 四捨五入 = 3名／うち保育士2名（比率50%）,True
2026-10-03,10/3(土),11:00-11:30,11:00,11:30,4歳児,1,0,0,保育標準時間,4歳児 1名 → 必要人員0名／保育標準時間／0歳児 3名 × 1/3 = 1.0（小数第2位以下切捨て）／1歳児・2歳児 5名 × 1/6 = 0.8（小数第2位以下切捨て）／3歳児 4名 × 1/20 = 0.2（小数第2位以下切捨て）／4歳児 1名 × 1/30 = 0.0（小数第2位以下切捨て）／合計 ＋ 1 → 四捨五入 = 3名／うち保育士2名（比率50%）,True
2026-10-03,10/3(土),11:30-12:00,11:30,12:00,0歳児,3,1,1,保育標準時間,0歳児 3名 → 必要人員1名／保育標準時間／0歳児 3名 × 1/3 = 1.0（小数第2位以下切捨て）／1歳児・2歳児 5名 × 1/6 = 0.8（小数第2位以下切捨て）／3歳児 4名 × 1/20 = 0.2（小数第2位以下切捨て）／4歳児 1名 × 1/30 = 0.0（小数第2位以下切捨て）／合計 ＋ 1 → 四捨五入 = 3名／うち保育士2名（比率50%）,True
2026-10-03,10/3(土),11:30-12:00,11:30,12:00,1歳児,3,1,1,保育標準時間,1歳児 3名 → 必要人員1名／保育標準時間／0歳児 3名 × 1/3 = 1.0（小数第2位以下切捨て）／1歳児・2歳児 5名 × 1/6 = 0.8（小数第2位以下切捨て）／3歳児 4名 × 1/20 = 0.2（小数第2位以下切捨て）／4歳児 1名 × 1/30 = 0.0（小数第2位以下切捨て）／合計 ＋ 1 → 四捨五入 = 3名／うち保育士2名（比率50%）,True
2026-10-03,10/3(土),11:30-12:00,11:30,12:00,2歳児,2,0,0,保育標準時間,2歳児 2名 → 必要人員0名／保育標準時間／0歳児 3名 × 1/3 = 1.0（小数第2位以下切捨て）／1歳児・2歳児 5名 × 1/6 = 0.8（小数第2位以下切捨て）／3歳児 4名 × 1/20 = 0.2（小数第2位以下切捨て）／4歳児 1名 × 1/30 = 0.0（小数第2位以下切捨て）／合計 ＋ 1 → 四捨五入 = 3名／うち保育士2名（比率50%）,True
2026-10-03,10/3(土),11:30-12:00,11:30,12:00,3歳児,4,1,0,保育標準時間,3歳児 4名 → 必要人員1名／保育標準時間／0歳児 3名 × 1/3 = 1.0（小数第2位以下切捨て）／1歳児・2歳児 5名 × 1/6 = 0.8（小数第2位以下切捨て）／3歳児 4名 × 1/20 = 0.2（小数第2位以下切捨て）／4歳児 1名 × 1/30 = 0.0（小数第2位以下切捨て）／合計 ＋ 1 → 四捨五入 = 3名／うち保育士2名（比率50%）,True
2026-10-03,10/3(土),11:30-12:00,11:30,12:00,4歳児,1,0,0,保育標準時間,4歳児 1名 → 必要人員0名／保育標準時間／0歳児 3名 × 1/3 = 1.0（小数第2位以下切捨て）／1歳児・2歳児 5名 × 1/6 = 0.8（小数第2位以下切捨て）／3歳児 4名 × 1/20 = 0.2（小数第2位以下切捨て）／4歳児 1名 × 1/30 = 0.0（小数第2位以下切捨て）／合計 ＋ 1 → 四捨五入 = 3名／うち保育士2名（比率50%）,True
2026-10-03,10/3(土),12:00-12:30,12:00,12:30,0歳児,3,1,1,保育標準時間,0歳児 3名 → 必要人員1名／保育標準時間／0歳児 3名 × 1/3 = 1.0（小数第2位以下切捨て）／1歳児・2歳児 5名 × 1/6 = 0.8（小数第2位以下切捨て）／3歳児 4名 × 1/20 = 0.2（小数第2位以下切捨て）／4歳児 1名 × 1/30 = 0.0（小数第2位以下切捨て）／合計 ＋ 1 → 四捨五入 = 3名／うち保育士2名（比率50%）,True
2026-10-03,10/3(土),12:00-12:30,12:00,12:30,1歳児,3,1,1,保育標準時間,1歳児 3名 → 必要人員1名／保育標準時間／0歳児 3名 × 1/3 = 1.0（小数第2位以下切捨て）／1歳児・2歳児 5名 × 1/6 = 0.8（小数第2位以下切捨て）／3歳児 4名 × 1/20 = 0.2（小数第2位以下切捨て）／4歳児 1名 × 1/30 = 0.0（小数第2位以下切捨て）／合計 ＋ 1 → 四捨五入 = 3名／うち保育士2名（比率50%）,True
2026-10-03,10/3(土),12:00-12:30,12:00,12:30,2歳児,2,0,0,保育標準時間,2歳児 2名 → 必要人員0名／保育標準時間／0歳児 3名 × 1/3 = 1.0（小数第2位以下切捨て）／1歳児・2歳児 5名 × 1/6 = 0.8（小数第2位以下切捨て）／3歳児 4名 × 1/20 = 0.2（小数第2位以下切捨て）／4歳児 1名 × 1/30 = 0.0（小数第2位以下切捨て）／合計 ＋ 1 → 四捨五入 = 3名／うち保育士2名（比率50%）,True
2026-10-03,10/3(土),12:00-12:30,12:00,12:30,3歳児,4,1,0,保育標準時間,3歳児 4名 → 必要人員1名／保育標準時間／0歳児 3名 × 1/3 = 1.0（小数第2位以下切捨て）／1歳児・2歳児 5名 × 1/6 = 0.8（小数第2位以下切捨て）／3歳児 4名 × 1/20 = 0.2（小数第2位以下切捨て）／4歳児 1名 × 1/30 = 0.0（小数第2位以下切捨て）／合計 ＋ 1 → 四捨五入 = 3名／うち保育士2名（比率50%）,True
2026-10-03,10/3(土),12:00-12:30,12:00,12:30,4歳児,1,0,0,保育標準時間,4歳児 1名 → 必要人員0名／保育標準時間／0歳児 3名 × 1/3 = 1.0（小数第2位以下切捨て）／1歳児・2歳児 5名 × 1/6 = 0.8（小数第2位以下切捨て）／3歳児 4名 × 1/20 = 0.2（小数第2位以下切捨て）／4歳児 1名 × 1/30 = 0.0（小数第2位以下切捨て）／合計 ＋ 1 → 四捨五入 = 3名／うち保育士2名（比率50%）,True
2026-10-03,10/3(土),12:30-13:00,12:30,13:00,0歳児,3,1,1,保育標準時間,0歳児 3名 → 必要人員1名／保育標準時間／0歳児 3名 × 1/3 = 1.0（小数第2位以下切捨て）／1歳児・2歳児 5名 × 1/6 = 0.8（小数第2位以下切捨て）／3歳児 4名 × 1/20 = 0.2（小数第2位以下切捨て）／4歳児 1名 × 1/30 = 0.0（小数第2位以下切捨て）／合計 ＋ 1 → 四捨五入 = 3名／うち保育士2名（比率50%）,True
2026-10-03,10/3(土),12:30-13:00,12:30,13:00,1歳児,3,1,1,保育標準時間,1歳児 3名 → 必要人員1名／保育標準時間／0歳児 3名 × 1/3 = 1.0（小数第2位以下切捨て）／1歳児・2歳児 5名 × 1/6 = 0.8（小数第2位以下切捨て）／3歳児 4名 × 1/20 = 0.2（小数第2位以下切捨て）／4歳児 1名 × 1/30 = 0.0（小数第2位以下切捨て）／合計 ＋ 1 → 四捨五入 = 3名／うち保育士2名（比率50%）,True
2026-10-03,10/3(土),12:30-13:00,12:30,13:00,2歳児,2,0,0,保育標準時間,2歳児 2名 → 必要人員0名／保育標準時間／0歳児 3名 × 1/3 = 1.0（小数第2位以下切捨て）／1歳児・2歳児 5名 × 1/6 = 0.8（小数第2位以下切捨て）／3歳児 4名 × 1/20 = 0.2（小数第2位以下切捨て）／4歳児 1名 × 1/30 = 0.0（小数第2位以下切捨て）／合計 ＋ 1 → 四捨五入 = 3名／うち保育士2名（比率50%）,True
2026-10-03,10/3(土),12:30-13:00,12:30,13:00,3歳児,4,1,0,保育標準時間,3歳児 4名 → 必要人員1名／保育標準時間／0歳児 3名 × 1/3 = 1.0（小数第2位以下切捨て）／1歳児・2歳児 5名 × 1/6 = 0.8（小数第2位以下切捨て）／3歳児 4名 × 1/20 = 0.2（小数第2位以下切捨て）／4歳児 1名 × 1/30 = 0.0（小数第2位以下切捨て）／合計 ＋ 1 → 四捨五入 = 3名／うち保育士2名（比率50%）,True
2026-10-03,10/3(土),12:30-13:00,12:30,13:00,4歳児,1,0,0,保育標準時間,4歳児 1名 → 必要人員0名／保育標準時間／0歳児 3名 × 1/3 = 1.0（小数第2位以下切捨て）／1歳児・2歳児 5名 × 1/6 = 0.8（小数第2位以下切捨て）／3歳児 4名 × 1/20 = 0.2（小数第2位以下切捨て）／4歳児 1名 × 1/30 = 0.0（小数第2位以下切捨て）／合計 ＋ 1 → 四捨五入 = 3名／うち保育士2名（比率50%）,True
2026-10-03,10/3(土),13:00-13:30,13:00,13:30,0歳児,3,1,1,保育標準時間,0歳児 3名 → 必要人員1名／保育標準時間／0歳児 3名 × 1/3 = 1.0（小数第2位以下切捨て）／1歳児・2歳児 5名 × 1/6 = 0.8（小数第2位以下切捨て）／3歳児 4名 × 1/20 = 0.2（小数第2位以下切捨て）／4歳児 1名 × 1/30 = 0.0（小数第2位以下切捨て）／合計 ＋ 1 → 四捨五入 = 3名／うち保育士2名（比率50%）,True
2026-10-03,10/3(土),13:00-13:30,13:00,13:30,1歳児,3,1,1,保育標準時間,1歳児 3名 → 必要人員1名／保育標準時間／0歳児 3名 × 1/3 = 1.0（小数第2位以下切捨て）／1歳児・2歳児 5名 × 1/6 = 0.8（小数第2位以下切捨て）／3歳児 4名 × 1/20 = 0.2（小数第2位以下切捨て）／4歳児 1名 × 1/30 = 0.0（小数第2位以下切捨て）／合計 ＋ 1 → 四捨五入 = 3名／うち保育士2名（比率50%）,True
2026-10-03,10/3(土),13:00-13:30,13:00,13:30,2歳児,2,0,0,保育標準時間,2歳児 2名 → 必要人員0名／保育標準時間／0歳児 3名 × 1/3 = 1.0（小数第2位以下切捨て）／1歳児・2歳児 5名 × 1/6 = 0.8（小数第2位以下切捨て）／3歳児 4名 × 1/20 = 0.2（小数第2位以下切捨て）／4歳児 1名 × 1/30 = 0.0（小数第2位以下切捨て）／合計 ＋ 1 → 四捨五入 = 3名／うち保育士2名（比率50%）,True
2026-10-03,10/3(土),13:00-13:30,13:00,13:30,3歳児,4,1,0,保育標準時間,3歳児 4名 → 必要人員1名／保育標準時間／0歳児 3名 × 1/3 = 1.0（小数第2位以下切捨て）／1歳児・2歳児 5名 × 1/6 = 0.8（小数第2位以下切捨て）／3歳児 4名 × 1/20 = 0.2（小数第2位以下切捨て）／4歳児 1名 × 1/30 = 0.0（小数第2位以下切捨て）／合計 ＋ 1 → 四捨五入 = 3名／うち保育士2名（比率50%）,True
2026-10-03,10/3(土),13:00-13:30,13:00,13:30,4歳児,1,0,0,保育標準時間,4歳児 1名 → 必要人員0名／保育標準時間／0歳児 3名 × 1/3 = 1.0（小数第2位以下切捨て）／1歳児・2歳児 5名 × 1/6 = 0.8（小数第2位以下切捨て）／3歳児 4名 × 1/20 = 0.2（小数第2位以下切捨て）／4歳児 1名 × 1/30 = 0.0（小数第2位以下切捨て）／合計 ＋ 1 → 四捨五入 = 3名／うち保育士2名（比率50%）,True
2026-10-03,10/3(土),13:30-14:00,13:30,14:00,0歳児,3,1,1,保育標準時間,0歳児 3名 → 必要人員1名／保育標準時間／0歳児 3名 × 1/3 = 1.0（小数第2位以下切捨て）／1歳児・2歳児 5名 × 1/6 = 0.8（小数第2位以下切捨て）／3歳児 4名 × 1/20 = 0.2（小数第2位以下切捨て）／4歳児 1名 × 1/30 = 0.0（小数第2位以下切捨て）／合計 ＋ 1 → 四捨五入 = 3名／うち保育士2名（比率50%）,True
2026-10-03,10/3(土),13:30-14:00,13:30,14:00,1歳児,3,1,1,保育標準時間,1歳児 3名 → 必要人員1名／保育標準時間／0歳児 3名 × 1/3 = 1.0（小数第2位以下切捨て）／1歳児・2歳児 5名 × 1/6 = 0.8（小数第2位以下切捨て）／3歳児 4名 × 1/20 = 0.2（小数第2位以下切捨て）／4歳児 1名 × 1/30 = 0.0（小数第2位以下切捨て）／合計 ＋ 1 → 四捨五入 = 3名／うち保育士2名（比率50%）,True
2026-10-03,10/3(土),13:30-14:00,13:30,14:00,2歳児,2,0,0,保育標準時間,2歳児 2名 → 必要人員0名／保育標準時間／0歳児 3名 × 1/3 = 1.0（小数第2位以下切捨て）／1歳児・2歳児 5名 × 1/6 = 0.8（小数第2位以下切捨て）／3歳児 4名 × 1/20 = 0.2（小数第2位以下切捨て）／4歳児 1名 × 1/30 = 0.0（小数第2位以下切捨て）／合計 ＋ 1 → 四捨五入 = 3名／うち保育士2名（比率50%）,True
2026-10-03,10/3(土),13:30-14:00,13:30,14:00,3歳児,4,1,0,保育標準時間,3歳児 4名 → 必要人員1名／保育標準時間／0歳児 3名 × 1/3 = 1.0（小数第2位以下切捨て）／1歳児・2歳児 5名 × 1/6 = 0.8（小数第2位以下切捨て）／3歳児 4名 × 1/20 = 0.2（小数第2位以下切捨て）／4歳児 1名 × 1/30 = 0.0（小数第2位以下切捨て）／合計 ＋ 1 → 四捨五入 = 3名／うち保育士2名（比率50%）,True
2026-10-03,10/3(土),13:30-14:00,13:30,14:00,4歳児,1,0,0,保育標準時間,4歳児 1名 → 必要人員0名／保育標準時間／0歳児 3名 × 1/3 = 1.0（小数第2位以下切捨て）／1歳児・2歳児 5名 × 1/6 = 0.8（小数第2位以下切捨て）／3歳児 4名 × 1/20 = 0.2（小数第2位以下切捨て）／4歳児 1名 × 1/30 = 0.0（小数第2位以下切捨て）／合計 ＋ 1 → 四捨五入 = 3名／うち保育士2名（比率50%）,True
2026-10-03,10/3(土),14:00-14:30,14:00,14:30,0歳児,3,1,1,保育標準時間,0歳児 3名 → 必要人員1名／保育標準時間／0歳児 3名 × 1/3 = 1.0（小数第2位以下切捨て）／1歳児・2歳児 5名 × 1/6 = 0.8（小数第2位以下切捨て）／3歳児 4名 × 1/20 = 0.2（小数第2位以下切捨て）／4歳児 1名 × 1/30 = 0.0（小数第2位以下切捨て）／合計 ＋ 1 → 四捨五入 = 3名／うち保育士2名（比率50%）,True
2026-10-03,10/3(土),14:00-14:30,14:00,14:30,1歳児,3,1,1,保育標準時間,1歳児 3名 → 必要人員1名／保育標準時間／0歳児 3名 × 1/3 = 1.0（小数第2位以下切捨て）／1歳児・2歳児 5名 × 1/6 = 0.8（小数第2位以下切捨て）／3歳児 4名 × 1/20 = 0.2（小数第2位以下切捨て）／4歳児 1名 × 1/30 = 0.0（小数第2位以下切捨て）／合計 ＋ 1 → 四捨五入 = 3名／うち保育士2名（比率50%）,True
2026-10-03,10/3(土),14:00-14:30,14:00,14:30,2歳児,2,0,0,保育標準時間,2歳児 2名 → 必要人員0名／保育標準時間／0歳児 3名 × 1/3 = 1.0（小数第2位以下切捨て）／1歳児・2歳児 5名 × 1/6 = 0.8（小数第2位以下切捨て）／3歳児 4名 × 1/20 = 0.2（小数第2位以下切捨て）／4歳児 1名 × 1/30 = 0.0（小数第2位以下切捨て）／合計 ＋ 1 → 四捨五入 = 3名／うち保育士2名（比率50%）,True
2026-10-03,10/3(土),14:00-14:30,14:00,14:30,3歳児,4,1,0,保育標準時間,3歳児 4名 → 必要人員1名／保育標準時間／0歳児 3名 × 1/3 = 1.0（小数第2位以下切捨て）／1歳児・2歳児 5名 × 1/6 = 0.8（小数第2位以下切捨て）／3歳児 4名 × 1/20 = 0.2（小数第2位以下切捨て）／4歳児 1名 × 1/30 = 0.0（小数第2位以下切捨て）／合計 ＋ 1 → 四捨五入 = 3名／うち保育士2名（比率50%）,True
2026-10-03,10/3(土),14:00-14:30,14:00,14:30,4歳児,1,0,0,保育標準時間,4歳児 1名 → 必要人員0名／保育標準時間／0歳児 3名 × 1/3 = 1.0（小数第2位以下切捨て）／1歳児・2歳児 5名 × 1/6 = 0.8（小数第2位以下切捨て）／3歳児 4名 × 1/20 = 0.2（小数第2位以下切捨て）／4歳児 1名 × 1/30 = 0.0（小数第2位以下切捨て）／合計 ＋ 1 → 四捨五入 = 3名／うち保育士2名（比率50%）,True
2026-10-03,10/3(土),14:30-15:00,14:30,15:00,0歳児,1,1,1,保育標準時間,0歳児 1名 → 必要人員1名／保育標準時間／0歳児 1名 × 1/3 = 0.3（小数第2位以下切捨て）／1歳児・2歳児 4名 × 1/6 = 0.6（小数第2位以下切捨て）／3歳児 3名 × 1/20 = 0.1（小数第2位以下切捨て）／合計 ＋ 1 → 四捨五入 = 2名／うち保育士1名（比率50%）,True
2026-10-03,10/3(土),14:30-15:00,14:30,15:00,1歳児,3,1,0,保育標準時間,1歳児 3名 → 必要人員1名／保育標準時間／0歳児 1名 × 1/3 = 0.3（小数第2位以下切捨て）／1歳児・2歳児 4名 × 1/6 = 0.6（小数第2位以下切捨て）／3歳児 3名 × 1/20 = 0.1（小数第2位以下切捨て）／合計 ＋ 1 → 四捨五入 = 2名／うち保育士1名（比率50%）,True
2026-10-03,10/3(土),14:30-15:00,14:30,15:00,2歳児,1,0,0,保育標準時間,2歳児 1名 → 必要人員0名／保育標準時間／0歳児 1名 × 1/3 = 0.3（小数第2位以下切捨て）／1歳児・2歳児 4名 × 1/6 = 0.6（小数第2位以下切捨て）／3歳児 3名 × 1/20 = 0.1（小数第2位以下切捨て）／合計 ＋ 1 → 四捨五入 = 2名／うち保育士1名（比率50%）,True
2026-10-03,10/3(土),14:30-15:00,14:30,15:00,3歳児,3,0,0,保育標準時間,3歳児 3名 → 必要人員0名／保育標準時間／0歳児 1名 × 1/3 = 0.3（小数第2位以下切捨て）／1歳児・2歳児 4名 × 1/6 = 0.6（小数第2位以下切捨て）／3歳児 3名 × 1/20 = 0.1（小数第2位以下切捨て）／合計 ＋ 1 → 四捨五入 = 2名／うち保育士1名（比率50%）,True
2026-10-03,10/3(土),15:00-15:30,15:00,15:30,0歳児,1,1,1,保育標準時間,0歳児 1名 → 必要人員1名／保育標準時間／0歳児 1名 × 1/3 = 0.3（小数第2位以下切捨て）／1歳児・2歳児 4名 × 1/6 = 0.6（小数第2位以下切捨て）／3歳児 3名 × 1/20 = 0.1（小数第2位以下切捨て）／合計 ＋ 1 → 四捨五入 = 2名／うち保育士1名（比率50%）,True
2026-10-03,10/3(土),15:00-15:30,15:00,15:30,1歳児,3,1,0,保育標準時間,1歳児 3名 → 必要人員1名／保育標準時間／0歳児 1名 × 1/3 = 0.3（小数第2位以下切捨て）／1歳児・2歳児 4名 × 1/6 = 0.6（小数第2位以下切捨て）／3歳児 3名 × 1/20 = 0.1（小数第2位以下切捨て）／合計 ＋ 1 → 四捨五入 = 2名／うち保育士1名（比率50%）,True
2026-10-03,10/3(土),15:00-15:30,15:00,15:30,2歳児,1,0,0,保育標準時間,2歳児 1名 → 必要人員0名／保育標準時間／0歳児 1名 × 1/3 = 0.3（小数第2位以下切捨て）／1歳児・2歳児 4名 × 1/6 = 0.6（小数第2位以下切捨て）／3歳児 3名 × 1/20 = 0.1（小数第2位以下切捨て）／合計 ＋ 1 → 四捨五入 = 2名／うち保育士1名（比率50%）,True
2026-10-03,10/3(土),15:00-15:30,15:00,15:30,3歳児,3,0,0,保育標準時間,3歳児 3名 → 必要人員0名／保育標準時間／0歳児 1名 × 1/3 = 0.3（小数第2位以下切捨て）／1歳児・2歳児 4名 × 1/6 = 0.6（小数第2位以下切捨て）／3歳児 3名 × 1/20 = 0.1（小数第2位以下切捨て）／合計 ＋ 1 → 四捨五入 = 2名／うち保育士1名（比率50%）,True
2026-10-03,10/3(土),15:30-16:00,15:30,16:00,0歳児,1,1,1,保育標準時間,0歳児 1名 → 必要人員1名／保育標準時間／0歳児 1名 × 1/3 = 0.3（小数第2位以下切捨て）／1歳児・2歳児 4名 × 1/6 = 0.6（小数第2位以下切捨て）／3歳児 3名 × 1/20 = 0.1（小数第2位以下切捨て）／合計 ＋ 1 → 四捨五入 = 2名／うち保育士1名（比率50%）,True
2026-10-03,10/3(土),15:30-16:00,15:30,16:00,1歳児,3,1,0,保育標準時間,1歳児 3名 → 必要人員1名／保育標準時間／0歳児 1名 × 1/3 = 0.3（小数第2位以下切捨て）／1歳児・2歳児 4名 × 1/6 = 0.6（小数第2位以下切捨て）／3歳児 3名 × 1/20 = 0.1（小数第2位以下切捨て）／合計 ＋ 1 → 四捨五入 = 2名／うち保育士1名（比率50%）,True
2026-10-03,10/3(土),15:30-16:00,15:30,16:00,2歳児,1,0,0,保育標準時間,2歳児 1名 → 必要人員0名／保育標準時間／0歳児 1名 × 1/3 = 0.3（小数第2位以下切捨て）／1歳児・2歳児 4名 × 1/6 = 0.6（小数第2位以下切捨て）／3歳児 3名 × 1/20 = 0.1（小数第2位以下切捨て）／合計 ＋ 1 → 四捨五入 = 2名／うち保育士1名（比率50%）,True
2026-10-03,10/3(土),15:30-16:00,15:30,16:00,3歳児,3,0,0,保育標準時間,3歳児 3名 → 必要人員0名／保育標準時間／0歳児 1名 × 1/3 = 0.3（小数第2位以下切捨て）／1歳児・2歳児 4名 × 1/6 = 0.6（小数第2位以下切捨て）／3歳児 3名 × 1/20 = 0.1（小数第2位以下切捨て）／合計 ＋ 1 → 四捨五入 = 2名／うち保育士1名（比率50%）,True
2026-10-03,10/3(土),16:00-16:30,16:00,16:30,0歳児,1,1,1,保育標準時間,0歳児 1名 → 必要人員1名／保育標準時間／0歳児 1名 × 1/3 = 0.3（小数第2位以下切捨て）／1歳児・2歳児 4名 × 1/6 = 0.6（小数第2位以下切捨て）／3歳児 3名 × 1/20 = 0.1（小数第2位以下切捨て）／合計 ＋ 1 → 四捨五入 = 2名／うち保育士1名（比率50%）,True
2026-10-03,10/3(土),16:00-16:30,16:00,16:30,1歳児,3,1,0,保育標準時間,1歳児 3名 → 必要人員1名／保育標準時間／0歳児 1名 × 1/3 = 0.3（小数第2位以下切捨て）／1歳児・2歳児 4名 × 1/6 = 0.6（小数第2位以下切捨て）／3歳児 3名 × 1/20 = 0.1（小数第2位以下切捨て）／合計 ＋ 1 → 四捨五入 = 2名／うち保育士1名（比率50%）,True
2026-10-03,10/3(土),16:00-16:30,16:00,16:30,2歳児,1,0,0,保育標準時間,2歳児 1名 → 必要人員0名／保育標準時間／0歳児 1名 × 1/3 = 0.3（小数第2位以下切捨て）／1歳児・2歳児 4名 × 1/6 = 0.6（小数第2位以下切捨て）／3歳児 3名 × 1/20 = 0.1（小数第2位以下切捨て）／合計 ＋ 1 → 四捨五入 = 2名／うち保育士1名（比率50%）,True
2026-10-03,10/3(土),16:00-16:30,16:00,16:30,3歳児,3,0,0,保育標準時間,3歳児 3名 → 必要人員0名／保育標準時間／0歳児 1名 × 1/3 = 0.3（小数第2位以下切捨て）／1歳児・2歳児 4名 × 1/6 = 0.6（小数第2位以下切捨て）／3歳児 3名 × 1/20 = 0.1（小数第2位以下切捨て）／合計 ＋ 1 → 四捨五入 = 2名／うち保育士1名（比率50%）,True
2026-10-03,10/3(土),16:30-17:00,16:30,17:00,0歳児,1,1,1,保育標準時間,0歳児 1名 → 必要人員1名／保育標準時間／0歳児 1名 × 1/3 = 0.3（小数第2位以下切捨て）／1歳児・2歳児 4名 × 1/6 = 0.6（小数第2位以下切捨て）／3歳児 3名 × 1/20 = 0.1（小数第2位以下切捨て）／合計 ＋ 1 → 四捨五入 = 2名／うち保育士1名（比率50%）,True
2026-10-03,10/3(土),16:30-17:00,16:30,17:00,1歳児,3,1,0,保育標準時間,1歳児 3名 → 必要人員1名／保育標準時間／0歳児 1名 × 1/3 = 0.3（小数第2位以下切捨て）／1歳児・2歳児 4名 × 1/6 = 0.6（小数第2位以下切捨て）／3歳児 3名 × 1/20 = 0.1（小数第2位以下切捨て）／合計 ＋ 1 → 四捨五入 = 2名／うち保育士1名（比率50%）,True
2026-10-03,10/3(土),16:30-17:00,16:30,17:00,2歳児,1,0,0,保育標準時間,2歳児 1名 → 必要人員0名／保育標準時間／0歳児 1名 × 1/3 = 0.3（小数第2位以下切捨て）／1歳児・2歳児 4名 × 1/6 = 0.6（小数第2位以下切捨て）／3歳児 3名 × 1/20 = 0.1（小数第2位以下切捨て）／合計 ＋ 1 → 四捨五入 = 2名／うち保育士1名（比率50%）,True
2026-10-03,10/3(土),16:30-17:00,16:30,17:00,3歳児,3,0,0,保育標準時間,3歳児 3名 → 必要人員0名／保育標準時間／0歳児 1名 × 1/3 = 0.3（小数第2位以下切捨て）／1歳児・2歳児 4名 × 1/6 = 0.6（小数第2位以下切捨て）／3歳児 3名 × 1/20 = 0.1（小数第2位以下切捨て）／合計 ＋ 1 → 四捨五入 = 2名／うち保育士1名（比率50%）,True
2026-10-03,10/3(土),17:00-17:30,17:00,17:30,0歳児,1,1,1,保育標準時間,0歳児 1名 → 必要人員1名／保育標準時間／0歳児 1名 × 1/3 = 0.3（小数第2位以下切捨て）／1歳児・2歳児 4名 × 1/6 = 0.6（小数第2位以下切捨て）／3歳児 3名 × 1/20 = 0.1（小数第2位以下切捨て）／合計 ＋ 1 → 四捨五入 = 2名／うち保育士1名（比率50%）,True
2026-10-03,10/3(土),17:00-17:30,17:00,17:30,1歳児,3,1,0,保育標準時間,1歳児 3名 → 必要人員1名／保育標準時間／0歳児 1名 × 1/3 = 0.3（小数第2位以下切捨て）／1歳児・2歳児 4名 × 1/6 = 0.6（小数第2位以下切捨て）／3歳児 3名 × 1/20 = 0.1（小数第2位以下切捨て）／合計 ＋ 1 → 四捨五入 = 2名／うち保育士1名（比率50%）,True
2026-10-03,10/3(土),17:00-17:30,17:00,17:30,2歳児,1,0,0,保育標準時間,2歳児 1名 → 必要人員0名／保育標準時間／0歳児 1名 × 1/3 = 0.3（小数第2位以下切捨て）／1歳児・2歳児 4名 × 1/6 = 0.6（小数第2位以下切捨て）／3歳児 3名 × 1/20 = 0.1（小数第2位以下切捨て）／合計 ＋ 1 → 四捨五入 = 2名／うち保育士1名（比率50%）,True
2026-10-03,10/3(土),17:00-17:30,17:00,17:30,3歳児,3,0,0,保育標準時間,3歳児 3名 → 必要人員0名／保育標準時間／0歳児 1名 × 1/3 = 0.3（小数第2位以下切捨て）／1歳児・2歳児 4名 × 1/6 = 0.6（小数第2位以下切捨て）／3歳児 3名 × 1/20 = 0.1（小数第2位以下切捨て）／合計 ＋ 1 → 四捨五入 = 2名／うち保育士1名（比率50%）,True
2026-10-03,10/3(土),17:30-18:00,17:30,18:00,0歳児,1,1,1,保育標準時間,0歳児 1名 → 必要人員1名／保育標準時間／0歳児 1名 × 1/3 = 0.3（小数第2位以下切捨て）／1歳児・2歳児 4名 × 1/6 = 0.6（小数第2位以下切捨て）／3歳児 3名 × 1/20 = 0.1（小数第2位以下切捨て）／合計 ＋ 1 → 四捨五入 = 2名／うち保育士1名（比率50%）,True
2026-10-03,10/3(土),17:30-18:00,17:30,18:00,1歳児,3,1,0,保育標準時間,1歳児 3名 → 必要人員1名／保育標準時間／0歳児 1名 × 1/3 = 0.3（小数第2位以下切捨て）／1歳児・2歳児 4名 × 1/6 = 0.6（小数第2位以下切捨て）／3歳児 3名 × 1/20 = 0.1（小数第2位以下切捨て）／合計 ＋ 1 → 四捨五入 = 2名／うち保育士1名（比率50%）,True
2026-10-03,10/3(土),17:30-18:00,17:30,18:00,2歳児,1,0,0,保育標準時間,2歳児 1名 → 必要人員0名／保育標準時間／0歳児 1名 × 1/3 = 0.3（小数第2位以下切捨て）／1歳児・2歳児 4名 × 1/6 = 0.6（小数第2位以下切捨て）／3歳児 3名 × 1/20 = 0.1（小数第2位以下切捨て）／合計 ＋ 1 → 四捨五入 = 2名／うち保育士1名（比率50%）,True
2026-10-03,10/3(土),17:30-18:00,17:30,18:00,3歳児,3,0,0,保育標準時間,3歳児 3名 → 必要人員0名／保育標準時間／0歳児 1名 × 1/3 = 0.3（小数第2位以下切捨て）／1歳児・2歳児 4名 × 1/6 = 0.6（小数第2位以下切捨て）／3歳児 3名 × 1/20 = 0.1（小数第2位以下切捨て）／合計 ＋ 1 → 四捨五入 = 2名／うち保育士1名（比率50%）,True
2026-10-03,10/3(土),18:00-18:30,18:00,18:30,0歳児,1,1,1,延長保育,0歳児 1名 → 必要人員1名／保育標準時間外（延長保育）／0歳児 1名 × 1/3 = 0.3（小数第2位以下切捨て）／1歳児・2歳児 4名 × 1/6 = 0.6（小数第2位以下切捨て）／3歳児 3名 × 1/20 = 0.1（小数第2位以下切捨て）／合計 ＋ 1 → 四捨五入 = 2名／うち保育士1名（比率50%）,True
2026-10-03,10/3(土),18:00-18:30,18:00,18:30,1歳児,3,1,0,延長保育,1歳児 3名 → 必要人員1名／保育標準時間外（延長保育）／0歳児 1名 × 1/3 = 0.3（小数第2位以下切捨て）／1歳児・2歳児 4名 × 1/6 = 0.6（小数第2位以下切捨て）／3歳児 3名 × 1/20 = 0.1（小数第2位以下切捨て）／合計 ＋ 1 → 四捨五入 = 2名／うち保育士1名（比率50%）,True
2026-10-03,10/3(土),18:00-18:30,18:00,18:30,2歳児,1,0,0,延長保育,2歳児 1名 → 必要人員0名／保育標準時間外（延長保育）／0歳児 1名 × 1/3 = 0.3（小数第2位以下切捨て）／1歳児・2歳児 4名 × 1/6 = 0.6（小数第2位以下切捨て）／3歳児 3名 × 1/20 = 0.1（小数第2位以下切捨て）／合計 ＋ 1 → 四捨五入 = 2名／うち保育士1名（比率50%）,True
2026-10-03,10/3(土),18:00-18:30,18:00,18:30,3歳児,3,0,0,延長保育,3歳児 3名 → 必要人員0名／保育標準時間外（延長保育）／0歳児 1名 × 1/3 = 0.3（小数第2位以下切捨て）／1歳児・2歳児 4名 × 1/6 = 0.6（小数第2位以下切捨て）／3歳児 3名 × 1/20 = 0.1（小数第2位以下切捨て）／合計 ＋ 1 → 四捨五入 = 2名／うち保育士1名（比率50%）,True
2026-10-03,10/3(土),18:30-19:00,18:30,19:00,0歳児,1,1,1,延長保育,0歳児 1名 → 必要人員1名／保育標準時間外（延長保育）／0歳児 1名 × 1/3 = 0.3（小数第2位以下切捨て）／1歳児・2歳児 4名 × 1/6 = 0.6（小数第2位以下切捨て）／3歳児 3名 × 1/20 = 0.1（小数第2位以下切捨て）／合計 ＋ 1 → 四捨五入 = 2名／うち保育士1名（比率50%）,True
2026-10-03,10/3(土),18:30-19:00,18:30,19:00,1歳児,3,1,0,延長保育,1歳児 3名 → 必要人員1名／保育標準時間外（延長保育）／0歳児 1名 × 1/3 = 0.3（小数第2位以下切捨て）／1歳児・2歳児 4名 × 1/6 = 0.6（小数第2位以下切捨て）／3歳児 3名 × 1/20 = 0.1（小数第2位以下切捨て）／合計 ＋ 1 → 四捨五入 = 2名／うち保育士1名（比率50%）,True
2026-10-03,10/3(土),18:30-19:00,18:30,19:00,2歳児,1,0,0,延長保育,2歳児 1名 → 必要人員0名／保育標準時間外（延長保育）／0歳児 1名 × 1/3 = 0.3（小数第2位以下切捨て）／1歳児・2歳児 4名 × 1/6 = 0.6（小数第2位以下切捨て）／3歳児 3名 × 1/20 = 0.1（小数第2位以下切捨て）／合計 ＋ 1 → 四捨五入 = 2名／うち保育士1名（比率50%）,True
2026-10-03,10/3(土),18:30-19:00,18:30,19:00,3歳児,3,0,0,延長保育,3歳児 3名 → 必要人員0名／保育標準時間外（延長保育）／0歳児 1名 × 1/3 = 0.3（小数第2位以下切捨て）／1歳児・2歳児 4名 × 1/6 = 0.6（小数第2位以下切捨て）／3歳児 3名 × 1/20 = 0.1（小数第2位以下切捨て）／合計 ＋ 1 → 四捨五入 = 2名／うち保育士1名（比率50%）,True
2026-10-03,10/3(土),19:00-19:30,19:00,19:30,0歳児,1,1,1,延長保育,0歳児 1名 → 必要人員1名／保育標準時間外（延長保育）／0歳児 1名 × 1/3 = 0.3（小数第2位以下切捨て）／1歳児・2歳児 4名 × 1/6 = 0.6（小数第2位以下切捨て）／3歳児 3名 × 1/20 = 0.1（小数第2位以下切捨て）／合計 ＋ 1 → 四捨五入 = 2名／うち保育士1名（比率50%）,True
2026-10-03,10/3(土),19:00-19:30,19:00,19:30,1歳児,3,1,0,延長保育,1歳児 3名 → 必要人員1名／保育標準時間外（延長保育）／0歳児 1名 × 1/3 = 0.3（小数第2位以下切捨て）／1歳児・2歳児 4名 × 1/6 = 0.6（小数第2位以下切捨て）／3歳児 3名 × 1/20 = 0.1（小数第2位以下切捨て）／合計 ＋ 1 → 四捨五入 = 2名／うち保育士1名（比率50%）,True
2026-10-03,10/3(土),19:00-19:30,19:00,19:30,2歳児,1,0,0,延長保育,2歳児 1名 → 必要人員0名／保育標準時間外（延長保育）／0歳児 1名 × 1/3 = 0.3（小数第2位以下切捨て）／1歳児・2歳児 4名 × 1/6 = 0.6（小数第2位以下切捨て）／3歳児 3名 × 1/20 = 0.1（小数第2位以下切捨て）／合計 ＋ 1 → 四捨五入 = 2名／うち保育士1名（比率50%）,True
2026-10-03,10/3(土),19:00-19:30,19:00,19:30,3歳児,3,0,0,延長保育,3歳児 3名 → 必要人員0名／保育標準時間外（延長保育）／0歳児 1名 × 1/3 = 0.3（小数第2位以下切捨て）／1歳児・2歳児 4名 × 1/6 = 0.6（小数第2位以下切捨て）／3歳児 3名 × 1/20 = 0.1（小数第2位以下切捨て）／合計 ＋ 1 → 四捨五入 = 2名／うち保育士1名（比率50%）,True
2026-10-05,10/5(月),07:00-07:30,07:00,07:30,0歳児,1,2,1,早朝保育,0歳児 1名 → 必要人員1名／早朝保育（保育標準時間前）／0歳児 1名 × 1/3 = 0.3（小数第2位以下切捨て）／5歳児以上 1名 × 1/30 = 0.0（小数第2位以下切捨て）／合計 ＋ 1 → 四捨五入 = 1名／うち保育士1名（比率50%）／2名ルールによる底上げ,True
2026-10-05,10/5(月),07:00-07:30,07:00,07:30,5歳児以上,1,0,0,早朝保育,5歳児以上 1名 → 必要人員0名／早朝保育（保育標準時間前）／0歳児 1名 × 1/3 = 0.3（小数第2位以下切捨て）／5歳児以上 1名 × 1/30 = 0.0（小数第2位以下切捨て）／合計 ＋ 1 → 四捨五入 = 1名／うち保育士1名（比率50%）,True
2026-10-05,10/5(月),07:30-08:00,07:30,08:00,0歳児,3,1,1,早朝保育,0歳児 3名 → 必要人員1名／早朝保育（保育標準時間前）／0歳児 3名 × 1/3 = 1.0（小数第2位以下切捨て）／4歳児・5歳児以上 2名 × 1/30 = 0.0（小数第2位以下切捨て）／合計 ＋ 1 → 四捨五入 = 2名／うち保育士1名（比率50%）,True
2026-10-05,10/5(月),07:30-08:00,07:30,08:00,4歳児,1,1,0,早朝保育,4歳児 1名 → 必要人員1名／早朝保育（保育標準時間前）／0歳児 3名 × 1/3 = 1.0（小数第2位以下切捨て）／4歳児・5歳児以上 2名 × 1/30 = 0.0（小数第2位以下切捨て）／合計 ＋ 1 → 四捨五入 = 2名／うち保育士1名（比率50%）,True
2026-10-05,10/5(月),07:30-08:00,07:30,08:00,5歳児以上,1,0,0,早朝保育,5歳児以上 1名 → 必要人員0名／早朝保育（保育標準時間前）／0歳児 3名 × 1/3 = 1.0（小数第2位以下切捨て）／4歳児・5歳児以上 2名 × 1/30 = 0.0（小数第2位以下切捨て）／合計 ＋ 1 → 四捨五入 = 2名／うち保育士1名（比率50%）,True
2026-10-05,10/5(月),08:00-08:30,08:00,08:30,0歳児,4,1,1,早朝保育,0歳児 4名 → 必要人員1名／早朝保育（保育標準時間前）／0歳児 4名 × 1/3 = 1.3（小数第2位以下切捨て）／1歳児・2歳児 4名 × 1/6 = 0.6（小数第2位以下切捨て）／3歳児 2名 × 1/20 = 0.1（小数第2位以下切捨て）／4歳児・5歳児以上 3名 × 1/30 = 0.1（小数第2位以下切捨て）／合計 ＋ 1 → 四捨五入 = 3名／うち保育士2名（比率50%）,True
2026-10-05,10/5(月),08:00-08:30,08:00,08:30,1歳児,2,1,1,早朝保育,1歳児 2名 → 必要人員1名／早朝保育（保育標準時間前）／0歳児 4名 × 1/3 = 1.3（小数第2位以下切捨て）／1歳児・2歳児 4名 × 1/6 = 0.6（小数第2位以下切捨て）／3歳児 2名 × 1/20 = 0.1（小数第2位以下切捨て）／4歳児・5歳児以上 3名 × 1/30 = 0.1（小数第2位以下切捨て）／合計 ＋ 1 → 四捨五入 = 3名／うち保育士2名（比率50%）,True
2026-10-05,10/5(月),08:00-08:30,08:00,08:30,2歳児,2,0,0,早朝保育,2歳児 2名 → 必要人員0名／早朝保育（保育標準時間前）／0歳児 4名 × 1/3 = 1.3（小数第2位以下切捨て）／1歳児・2歳児 4名 × 1/6 = 0.6（小数第2位以下切捨て）／3歳児 2名 × 1/20 = 0.1（小数第2位以下切捨て）／4歳児・5歳児以上 3名 × 1/30 = 0.1（小数第2位以下切捨て）／合計 ＋ 1 → 四捨五入 = 3名／うち保育士2名（比率50%）,True
2026-10-05,10/5(月),08:00-08:30,08:00,08:30,3歳児,2,1,0,早朝保育,3歳児 2名 → 必要人員1名／早朝保育（保育標準時間前）／0歳児 4名 × 1/3 = 1.3（小数第2位以下切捨て）／1歳児・2歳児 4名 × 1/6 = 0.6（小数第2位以下切捨て）／3歳児 2名 × 1/20 = 0.1（小数第2位以下切捨て）／4歳児・5歳児以上 3名 × 1/30 = 0.1（小数第2位以下切捨て）／合計 ＋ 1 → 四捨五入 = 3名／うち保育士2名（比率50%）,True
2026-10-05,10/5(月),08:00-08:30,08:00,08:30,4歳児,2,0,0,早朝保育,4歳児 2名 → 必要人員0名／早朝保育（保育標準時間前）／0歳児 4名 × 1/3 = 1.3（小数第2位以下切捨て）／1歳児・2歳児 4名 × 1/6 = 0.6（小数第2位以下切捨て）／3歳児 2名 × 1/20 = 0.1（小数第2位以下切捨て）／4歳児・5歳児以上 3名 × 1/30 = 0.1（小数第2位以下切捨て）／合計 ＋ 1 → 四捨五入 = 3名／うち保育士2名（比率50%）,True
2026-10-05,10/5(月),08:00-08:30,08:00,08:30,5歳児以上,1,0,0,早朝保育,5歳児以上 1名 → 必要人員0名／早朝保育（保育標準時間前）／0歳児 4名 × 1/3 = 1.3（小数第2位以下切捨て）／1歳児・2歳児 4名 × 1/6 = 0.6（小数第2位以下切捨て）／3歳児 2名 × 1/20 = 0.1（小数第2位以下切捨て）／4歳児・5歳児以上 3名 × 1/30 = 0.1（小数第2位以下切捨て）／合計 ＋ 1 → 四捨五入 = 3名／うち保育士2名（比率50%）,True
2026-10-05,10/5(月),08:30-09:00,08:30,09:00,0歳児,6,2,1,保育標準時間,0歳児 6名 → 必要人員2名／保育標準時間／0歳児 6名 × 1/3 = 2.0（小数第2位以下切捨て）／1歳児・2歳児 9名 × 1/6 = 1.5（小数第2位以下切捨て）／3歳児 3名 × 1/20 = 0.1（小数第2位以下切捨て）／4歳児・5歳児以上 5名 × 1/30 = 0.1（小数第2位以下切捨て）／合計 ＋ 1 → 四捨五入 = 5名／うち保育士3名（比率50%）,True
2026-10-05,10/5(月),08:30-09:00,08:30,09:00,1歳児,4,0,0,保育標準時間,1歳児 4名 → 必要人員0名／保育標準時間／0歳児 6名 × 1/3 = 2.0（小数第2位以下切捨て）／1歳児・2歳児 9名 × 1/6 = 1.5（小数第2位以下切捨て）／3歳児 3名 × 1/20 = 0.1（小数第2位以下切捨て）／4歳児・5歳児以上 5名 × 1/30 = 0.1（小数第2位以下切捨て）／合計 ＋ 1 → 四捨五入 = 5名／うち保育士3名（比率50%）,True
2026-10-05,10/5(月),08:30-09:00,08:30,09:00,2歳児,5,1,1,保育標準時間,2歳児 5名 → 必要人員1名／保育標準時間／0歳児 6名 × 1/3 = 2.0（小数第2位以下切捨て）／1歳児・2歳児 9名 × 1/6 = 1.5（小数第2位以下切捨て）／3歳児 3名 × 1/20 = 0.1（小数第2位以下切捨て）／4歳児・5歳児以上 5名 × 1/30 = 0.1（小数第2位以下切捨て）／合計 ＋ 1 → 四捨五入 = 5名／うち保育士3名（比率50%）,True
2026-10-05,10/5(月),08:30-09:00,08:30,09:00,3歳児,3,1,1,保育標準時間,3歳児 3名 → 必要人員1名／保育標準時間／0歳児 6名 × 1/3 = 2.0（小数第2位以下切捨て）／1歳児・2歳児 9名 × 1/6 = 1.5（小数第2位以下切捨て）／3歳児 3名 × 1/20 = 0.1（小数第2位以下切捨て）／4歳児・5歳児以上 5名 × 1/30 = 0.1（小数第2位以下切捨て）／合計 ＋ 1 → 四捨五入 = 5名／うち保育士3名（比率50%）,True
2026-10-05,10/5(月),08:30-09:00,08:30,09:00,4歳児,3,1,0,保育標準時間,4歳児 3名 → 必要人員1名／保育標準時間／0歳児 6名 × 1/3 = 2.0（小数第2位以下切捨て）／1歳児・2歳児 9名 × 1/6 = 1.5（小数第2位以下切捨て）／3歳児 3名 × 1/20 = 0.1（小数第2位以下切捨て）／4歳児・5歳児以上 5名 × 1/30 = 0.1（小数第2位以下切捨て）／合計 ＋ 1 → 四捨五入 = 5名／うち保育士3名（比率50%）,True
2026-10-05,10/5(月),08:30-09:00,08:30,09:00,5歳児以上,2,0,0,保育標準時間,5歳児以上 2名 → 必要人員0名／保育標準時間／0歳児 6名 × 1/3 = 2.0（小数第2位以下切捨て）／1歳児・2歳児 9名 × 1/6 = 1.5（小数第2位以下切捨て）／3歳児 3名 × 1/20 = 0.1（小数第2位以下切捨て）／4歳児・5歳児以上 5名 × 1/30 = 0.1（小数第2位以下切捨て）／合計 ＋ 1 → 四捨五入 = 5名／うち保育士3名（比率50%）,True
2026-10-05,10/5(月),09:00-09:30,09:00,09:30,0歳児,8,2,1,保育標準時間,0歳児 8名 → 必要人員2名／保育標準時間／0歳児 8名 × 1/3 = 2.6（小数第2位以下切捨て）／1歳児・2歳児 13名 × 1/6 = 2.1（小数第2位以下切捨て）／3歳児 5名 × 1/20 = 0.2（小数第2位以下切捨て）／4歳児・5歳児以上 7名 × 1/30 = 0.2（小数第2位以下切捨て）／合計 ＋ 1 → 四捨五入 = 6名／うち保育士3名（比率50%）,True
2026-10-05,10/5(月),09:00-09:30,09:00,09:30,1歳児,7,1,1,保育標準時間,1歳児 7名 → 必要人員1名／保育標準時間／0歳児 8名 × 1/3 = 2.6（小数第2位以下切捨て）／1歳児・2歳児 13名 × 1/6 = 2.1（小数第2位以下切捨て）／3歳児 5名 × 1/20 = 0.2（小数第2位以下切捨て）／4歳児・5歳児以上 7名 × 1/30 = 0.2（小数第2位以下切捨て）／合計 ＋ 1 → 四捨五入 = 6名／うち保育士3名（比率50%）,True
2026-10-05,10/5(月),09:00-09:30,09:00,09:30,2歳児,6,1,1,保育標準時間,2歳児 6名 → 必要人員1名／保育標準時間／0歳児 8名 × 1/3 = 2.6（小数第2位以下切捨て）／1歳児・2歳児 13名 × 1/6 = 2.1（小数第2位以下切捨て）／3歳児 5名 × 1/20 = 0.2（小数第2位以下切捨て）／4歳児・5歳児以上 7名 × 1/30 = 0.2（小数第2位以下切捨て）／合計 ＋ 1 → 四捨五入 = 6名／うち保育士3名（比率50%）,True
2026-10-05,10/5(月),09:00-09:30,09:00,09:30,3歳児,5,1,0,保育標準時間,3歳児 5名 → 必要人員1名／保育標準時間／0歳児 8名 × 1/3 = 2.6（小数第2位以下切捨て）／1歳児・2歳児 13名 × 1/6 = 2.1（小数第2位以下切捨て）／3歳児 5名 × 1/20 = 0.2（小数第2位以下切捨て）／4歳児・5歳児以上 7名 × 1/30 = 0.2（小数第2位以下切捨て）／合計 ＋ 1 → 四捨五入 = 6名／うち保育士3名（比率50%）,True
2026-10-05,10/5(月),09:00-09:30,09:00,09:30,4歳児,4,1,0,保育標準時間,4歳児 4名 → 必要人員1名／保育標準時間／0歳児 8名 × 1/3 = 2.6（小数第2位以下切捨て）／1歳児・2歳児 13名 × 1/6 = 2.1（小数第2位以下切捨て）／3歳児 5名 × 1/20 = 0.2（小数第2位以下切捨て）／4歳児・5歳児以上 7名 × 1/30 = 0.2（小数第2位以下切捨て）／合計 ＋ 1 → 四捨五入 = 6名／うち保育士3名（比率50%）,True
2026-10-05,10/5(月),09:00-09:30,09:00,09:30,5歳児以上,3,0,0,保育標準時間,5歳児以上 3名 → 必要人員0名／保育標準時間／0歳児 8名 × 1/3 = 2.6（小数第2位以下切捨て）／1歳児・2歳児 13名 × 1/6 = 2.1（小数第2位以下切捨て）／3歳児 5名 × 1/20 = 0.2（小数第2位以下切捨て）／4歳児・5歳児以上 7名 × 1/30 = 0.2（小数第2位以下切捨て）／合計 ＋ 1 → 四捨五入 = 6名／うち保育士3名（比率50%）,True
2026-10-05,10/5(月),09:30-10:00,09:30,10:00,0歳児,8,2,1,保育標準時間,0歳児 8名 → 必要人員2名／保育標準時間／0歳児 8名 × 1/3 = 2.6（小数第2位以下切捨て）／1歳児・2歳児 13名 × 1/6 = 2.1（小数第2位以下切捨て）／3歳児 5名 × 1/20 = 0.2（小数第2位以下切捨て）／4歳児・5歳児以上 7名 × 1/30 = 0.2（小数第2位以下切捨て）／合計 ＋ 1 → 四捨五入 = 6名／うち保育士3名（比率50%）,True
2026-10-05,10/5(月),09:30-10:00,09:30,10:00,1歳児,7,1,1,保育標準時間,1歳児 7名 → 必要人員1名／保育標準時間／0歳児 8名 × 1/3 = 2.6（小数第2位以下切捨て）／1歳児・2歳児 13名 × 1/6 = 2.1（小数第2位以下切捨て）／3歳児 5名 × 1/20 = 0.2（小数第2位以下切捨て）／4歳児・5歳児以上 7名 × 1/30 = 0.2（小数第2位以下切捨て）／合計 ＋ 1 → 四捨五入 = 6名／うち保育士3名（比率50%）,True
2026-10-05,10/5(月),09:30-10:00,09:30,10:00,2歳児,6,1,1,保育標準時間,2歳児 6名 → 必要人員1名／保育標準時間／0歳児 8名 × 1/3 = 2.6（小数第2位以下切捨て）／1歳児・2歳児 13名 × 1/6 = 2.1（小数第2位以下切捨て）／3歳児 5名 × 1/20 = 0.2（小数第2位以下切捨て）／4歳児・5歳児以上 7名 × 1/30 = 0.2（小数第2位以下切捨て）／合計 ＋ 1 → 四捨五入 = 6名／うち保育士3名（比率50%）,True
2026-10-05,10/5(月),09:30-10:00,09:30,10:00,3歳児,5,1,0,保育標準時間,3歳児 5名 → 必要人員1名／保育標準時間／0歳児 8名 × 1/3 = 2.6（小数第2位以下切捨て）／1歳児・2歳児 13名 × 1/6 = 2.1（小数第2位以下切捨て）／3歳児 5名 × 1/20 = 0.2（小数第2位以下切捨て）／4歳児・5歳児以上 7名 × 1/30 = 0.2（小数第2位以下切捨て）／合計 ＋ 1 → 四捨五入 = 6名／うち保育士3名（比率50%）,True
2026-10-05,10/5(月),09:30-10:00,09:30,10:00,4歳児,4,1,0,保育標準時間,4歳児 4名 → 必要人員1名／保育標準時間／0歳児 8名 × 1/3 = 2.6（小数第2位以下切捨て）／1歳児・2歳児 13名 × 1/6 = 2.1（小数第2位以下切捨て）／3歳児 5名 × 1/20 = 0.2（小数第2位以下切捨て）／4歳児・5歳児以上 7名 × 1/30 = 0.2（小数第2位以下切捨て）／合計 ＋ 1 → 四捨五入 = 6名／うち保育士3名（比率50%）,True
2026-10-05,10/5(月),09:30-10:00,09:30,10:00,5歳児以上,3,0,0,保育標準時間,5歳児以上 3名 → 必要人員0名／保育標準時間／0歳児 8名 × 1/3 = 2.6（小数第2位以下切捨て）／1歳児・2歳児 13名 × 1/6 = 2.1（小数第2位以下切捨て）／3歳児 5名 × 1/20 = 0.2（小数第2位以下切捨て）／4歳児・5歳児以上 7名 × 1/30 = 0.2（小数第2位以下切捨て）／合計 ＋ 1 → 四捨五入 = 6名／うち保育士3名（比率50%）,True
2026-10-05,10/5(月),10:00-10:30,10:00,10:30,0歳児,8,2,1,保育標準時間,0歳児 8名 → 必要人員2名／保育標準時間／0歳児 8名 × 1/3 = 2.6（小数第2位以下切捨て）／1歳児・2歳児 13名 × 1/6 = 2.1（小数第2位以下切捨て）／3歳児 5名 × 1/20 = 0.2（小数第2位以下切捨て）／4歳児・5歳児以上 7名 × 1/30 = 0.2（小数第2位以下切捨て）／合計 ＋ 1 → 四捨五入 = 6名／うち保育士3名（比率50%）,True
2026-10-05,10/5(月),10:00-10:30,10:00,10:30,1歳児,7,1,1,保育標準時間,1歳児 7名 → 必要人員1名／保育標準時間／0歳児 8名 × 1/3 = 2.6（小数第2位以下切捨て）／1歳児・2歳児 13名 × 1/6 = 2.1（小数第2位以下切捨て）／3歳児 5名 × 1/20 = 0.2（小数第2位以下切捨て）／4歳児・5歳児以上 7名 × 1/30 = 0.2（小数第2位以下切捨て）／合計 ＋ 1 → 四捨五入 = 6名／うち保育士3名（比率50%）,True
2026-10-05,10/5(月),10:00-10:30,10:00,10:30,2歳児,6,1,1,保育標準時間,2歳児 6名 → 必要人員1名／保育標準時間／0歳児 8名 × 1/3 = 2.6（小数第2位以下切捨て）／1歳児・2歳児 13名 × 1/6 = 2.1（小数第2位以下切捨て）／3歳児 5名 × 1/20 = 0.2（小数第2位以下切捨て）／4歳児・5歳児以上 7名 × 1/30 = 0.2（小数第2位以下切捨て）／合計 ＋ 1 → 四捨五入 = 6名／うち保育士3名（比率50%）,True
2026-10-05,10/5(月),10:00-10:30,10:00,10:30,3歳児,5,1,0,保育標準時間,3歳児 5名 → 必要人員1名／保育標準時間／0歳児 8名 × 1/3 = 2.6（小数第2位以下切捨て）／1歳児・2歳児 13名 × 1/6 = 2.1（小数第2位以下切捨て）／3歳児 5名 × 1/20 = 0.2（小数第2位以下切捨て）／4歳児・5歳児以上 7名 × 1/30 = 0.2（小数第2位以下切捨て）／合計 ＋ 1 → 四捨五入 = 6名／うち保育士3名（比率50%）,True
2026-10-05,10/5(月),10:00-10:30,10:00,10:30,4歳児,4,1,0,保育標準時間,4歳児 4名 → 必要人員1名／保育標準時間／0歳児 8名 × 1/3 = 2.6（小数第2位以下切捨て）／1歳児・2歳児 13名 × 1/6 = 2.1（小数第2位以下切捨て）／3歳児 5名 × 1/20 = 0.2（小数第2位以下切捨て）／4歳児・5歳児以上 7名 × 1/30 = 0.2（小数第2位以下切捨て）／合計 ＋ 1 → 四捨五入 = 6名／うち保育士3名（比率50%）,True
2026-10-05,10/5(月),10:00-10:30,10:00,10:30,5歳児以上,3,0,0,保育標準時間,5歳児以上 3名 → 必要人員0名／保育標準時間／0歳児 8名 × 1/3 = 2.6（小数第2位以下切捨て）／1歳児・2歳児 13名 × 1/6 = 2.1（小数第2位以下切捨て）／3歳児 5名 × 1/20 = 0.2（小数第2位以下切捨て）／4歳児・5歳児以上 7名 × 1/30 = 0.2（小数第2位以下切捨て）／合計 ＋ 1 → 四捨五入 = 6名／うち保育士3名（比率50%）,True
2026-10-05,10/5(月),10:30-11:00,10:30,11:00,0歳児,8,2,1,保育標準時間,0歳児 8名 → 必要人員2名／保育標準時間／0歳児 8名 × 1/3 = 2.6（小数第2位以下切捨て）／1歳児・2歳児 13名 × 1/6 = 2.1（小数第2位以下切捨て）／3歳児 5名 × 1/20 = 0.2（小数第2位以下切捨て）／4歳児・5歳児以上 7名 × 1/30 = 0.2（小数第2位以下切捨て）／合計 ＋ 1 → 四捨五入 = 6名／うち保育士3名（比率50%）,True
2026-10-05,10/5(月),10:30-11:00,10:30,11:00,1歳児,7,1,1,保育標準時間,1歳児 7名 → 必要人員1名／保育標準時間／0歳児 8名 × 1/3 = 2.6（小数第2位以下切捨て）／1歳児・2歳児 13名 × 1/6 = 2.1（小数第2位以下切捨て）／3歳児 5名 × 1/20 = 0.2（小数第2位以下切捨て）／4歳児・5歳児以上 7名 × 1/30 = 0.2（小数第2位以下切捨て）／合計 ＋ 1 → 四捨五入 = 6名／うち保育士3名（比率50%）,True
2026-10-05,10/5(月),10:30-11:00,10:30,11:00,2歳児,6,1,1,保育標準時間,2歳児 6名 → 必要人員1名／保育標準時間／0歳児 8名 × 1/3 = 2.6（小数第2位以下切捨て）／1歳児・2歳児 13名 × 1/6 = 2.1（小数第2位以下切捨て）／3歳児 5名 × 1/20 = 0.2（小数第2位以下切捨て）／4歳児・5歳児以上 7名 × 1/30 = 0.2（小数第2位以下切捨て）／合計 ＋ 1 → 四捨五入 = 6名／うち保育士3名（比率50%）,True
2026-10-05,10/5(月),10:30-11:00,10:30,11:00,3歳児,5,1,0,保育標準時間,3歳児 5名 → 必要人員1名／保育標準時間／0歳児 8名 × 1/3 = 2.6（小数第2位以下切捨て）／1歳児・2歳児 13名 × 1/6 = 2.1（小数第2位以下切捨て）／3歳児 5名 × 1/20 = 0.2（小数第2位以下切捨て）／4歳児・5歳児以上 7名 × 1/30 = 0.2（小数第2位以下切捨て）／合計 ＋ 1 → 四捨五入 = 6名／うち保育士3名（比率50%）,True
2026-10-05,10/5(月),10:30-11:00,10:30,11:00,4歳児,4,1,0,保育標準時間,4歳児 4名 → 必要人員1名／保育標準時間／0歳児 8名 × 1/3 = 2.6（小数第2位以下切捨て）／1歳児・2歳児 13名 × 1/6 = 2.1（小数第2位以下切捨て）／3歳児 5名 × 1/20 = 0.2（小数第2位以下切捨て）／4歳児・5歳児以上 7名 × 1/30 = 0.2（小数第2位以下切捨て）／合計 ＋ 1 → 四捨五入 = 6名／うち保育士3名（比率50%）,True
2026-10-05,10/5(月),10:30-11:00,10:30,11:00,5歳児以上,3,0,0,保育標準時間,5歳児以上 3名 → 必要人員0名／保育標準時間／0歳児 8名 × 1/3 = 2.6（小数第2位以下切捨て）／1歳児・2歳児 13名 × 1/6 = 2.1（小数第2位以下切捨て）／3歳児 5名 × 1/20 = 0.2（小数第2位以下切捨て）／4歳児・5歳児以上 7名 × 1/30 = 0.2（小数第2位以下切捨て）／合計 ＋ 1 → 四捨五入 = 6名／うち保育士3名（比率50%）,True
2026-10-05,10/5(月),11:00-11:30,11:00,11:30,0歳児,8,2,1,保育標準時間,0歳児 8名 → 必要人員2名／保育標準時間／0歳児 8名 × 1/3 = 2.6（小数第2位以下切捨て）／1歳児・2歳児 13名 × 1/6 = 2.1（小数第2位以下切捨て）／3歳児 5名 × 1/20 = 0.2（小数第2位以下切捨て）／4歳児・5歳児以上 7名 × 1/30 = 0.2（小数第2位以下切捨て）／合計 ＋ 1 → 四捨五入 = 6名／うち保育士3名（比率50%）,True
2026-10-05,10/5(月),11:00-11:30,11:00,11:30,1歳児,7,1,1,保育標準時間,1歳児 7名 → 必要人員1名／保育標準時間／0歳児 8名 × 1/3 = 2.6（小数第2位以下切捨て）／1歳児・2歳児 13名 × 1/6 = 2.1（小数第2位以下切捨て）／3歳児 5名 × 1/20 = 0.2（小数第2位以下切捨て）／4歳児・5歳児以上 7名 × 1/30 = 0.2（小数第2位以下切捨て）／合計 ＋ 1 → 四捨五入 = 6名／うち保育士3名（比率50%）,True
2026-10-05,10/5(月),11:00-11:30,11:00,11:30,2歳児,6,1,1,保育標準時間,2歳児 6名 → 必要人員1名／保育標準時間／0歳児 8名 × 1/3 = 2.6（小数第2位以下切捨て）／1歳児・2歳児 13名 × 1/6 = 2.1（小数第2位以下切捨て）／3歳児 5名 × 1/20 = 0.2（小数第2位以下切捨て）／4歳児・5歳児以上 7名 × 1/30 = 0.2（小数第2位以下切捨て）／合計 ＋ 1 → 四捨五入 = 6名／うち保育士3名（比率50%）,True
2026-10-05,10/5(月),11:00-11:30,11:00,11:30,3歳児,5,1,0,保育標準時間,3歳児 5名 → 必要人員1名／保育標準時間／0歳児 8名 × 1/3 = 2.6（小数第2位以下切捨て）／1歳児・2歳児 13名 × 1/6 = 2.1（小数第2位以下切捨て）／3歳児 5名 × 1/20 = 0.2（小数第2位以下切捨て）／4歳児・5歳児以上 7名 × 1/30 = 0.2（小数第2位以下切捨て）／合計 ＋ 1 → 四捨五入 = 6名／うち保育士3名（比率50%）,True
2026-10-05,10/5(月),11:00-11:30,11:00,11:30,4歳児,4,1,0,保育標準時間,4歳児 4名 → 必要人員1名／保育標準時間／0歳児 8名 × 1/3 = 2.6（小数第2位以下切捨て）／1歳児・2歳児 13名 × 1/6 = 2.1（小数第2位以下切捨て）／3歳児 5名 × 1/20 = 0.2（小数第2位以下切捨て）／4歳児・5歳児以上 7名 × 1/30 = 0.2（小数第2位以下切捨て）／合計 ＋ 1 → 四捨五入 = 6名／うち保育士3名（比率50%）,True
2026-10-05,10/5(月),11:00-11:30,11:00,11:30,5歳児以上,3,0,0,保育標準時間,5歳児以上 3名 → 必要人員0名／保育標準時間／0歳児 8名 × 1/3 = 2.6（小数第2位以下切捨て）／1歳児・2歳児 13名 × 1/6 = 2.1（小数第2位以下切捨て）／3歳児 5名 × 1/20 = 0.2（小数第2位以下切捨て）／4歳児・5歳児以上 7名 × 1/30 = 0.2（小数第2位以下切捨て）／合計 ＋ 1 → 四捨五入 = 6名／うち保育士3名（比率50%）,True
2026-10-05,10/5(月),11:30-12:00,11:30,12:00,0歳児,8,2,1,保育標準時間,0歳児 8名 → 必要人員2名／保育標準時間／0歳児 8名 × 1/3 = 2.6（小数第2位以下切捨て）／1歳児・2歳児 13名 × 1/6 = 2.1（小数第2位以下切捨て）／3歳児 5名 × 1/20 = 0.2（小数第2位以下切捨て）／4歳児・5歳児以上 7名 × 1/30 = 0.2（小数第2位以下切捨て）／合計 ＋ 1 → 四捨五入 = 6名／うち保育士3名（比率50%）,True
2026-10-05,10/5(月),11:30-12:00,11:30,12:00,1歳児,7,1,1,保育標準時間,1歳児 7名 → 必要人員1名／保育標準時間／0歳児 8名 × 1/3 = 2.6（小数第2位以下切捨て）／1歳児・2歳児 13名 × 1/6 = 2.1（小数第2位以下切捨て）／3歳児 5名 × 1/20 = 0.2（小数第2位以下切捨て）／4歳児・5歳児以上 7名 × 1/30 = 0.2（小数第2位以下切捨て）／合計 ＋ 1 → 四捨五入 = 6名／うち保育士3名（比率50%）,True
2026-10-05,10/5(月),11:30-12:00,11:30,12:00,2歳児,6,1,1,保育標準時間,2歳児 6名 → 必要人員1名／保育標準時間／0歳児 8名 × 1/3 = 2.6（小数第2位以下切捨て）／1歳児・2歳児 13名 × 1/6 = 2.1（小数第2位以下切捨て）／3歳児 5名 × 1/20 = 0.2（小数第2位以下切捨て）／4歳児・5歳児以上 7名 × 1/30 = 0.2（小数第2位以下切捨て）／合計 ＋ 1 → 四捨五入 = 6名／うち保育士3名（比率50%）,True
2026-10-05,10/5(月),11:30-12:00,11:30,12:00,3歳児,5,1,0,保育標準時間,3歳児 5名 → 必要人員1名／保育標準時間／0歳児 8名 × 1/3 = 2.6（小数第2位以下切捨て）／1歳児・2歳児 13名 × 1/6 = 2.1（小数第2位以下切捨て）／3歳児 5名 × 1/20 = 0.2（小数第2位以下切捨て）／4歳児・5歳児以上 7名 × 1/30 = 0.2（小数第2位以下切捨て）／合計 ＋ 1 → 四捨五入 = 6名／うち保育士3名（比率50%）,True
2026-10-05,10/5(月),11:30-12:00,11:30,12:00,4歳児,4,1,0,保育標準時間,4歳児 4名 → 必要人員1名／保育標準時間／0歳児 8名 × 1/3 = 2.6（小数第2位以下切捨て）／1歳児・2歳児 13名 × 1/6 = 2.1（小数第2位以下切捨て）／3歳児 5名 × 1/20 = 0.2（小数第2位以下切捨て）／4歳児・5歳児以上 7名 × 1/30 = 0.2（小数第2位以下切捨て）／合計 ＋ 1 → 四捨五入 = 6名／うち保育士3名（比率50%）,True
2026-10-05,10/5(月),11:30-12:00,11:30,12:00,5歳児以上,3,0,0,保育標準時間,5歳児以上 3名 → 必要人員0名／保育標準時間／0歳児 8名 × 1/3 = 2.6（小数第2位以下切捨て）／1歳児・2歳児 13名 × 1/6 = 2.1（小数第2位以下切捨て）／3歳児 5名 × 1/20 = 0.2（小数第2位以下切捨て）／4歳児・5歳児以上 7名 × 1/30 = 0.2（小数第2位以下切捨て）／合計 ＋ 1 → 四捨五入 = 6名／うち保育士3名（比率50%）,True
2026-10-05,10/5(月),12:00-12:30,12:00,12:30,0歳児,8,2,1,保育標準時間,0歳児 8名 → 必要人員2名／保育標準時間／0歳児 8名 × 1/3 = 2.6（小数第2位以下切捨て）／1歳児・2歳児 13名 × 1/6 = 2.1（小数第2位以下切捨て）／3歳児 5名 × 1/20 = 0.2（小数第2位以下切捨て）／4歳児・5歳児以上 7名 × 1/30 = 0.2（小数第2位以下切捨て）／合計 ＋ 1 → 四捨五入 = 6名／うち保育士3名（比率50%）,True
2026-10-05,10/5(月),12:00-12:30,12:00,12:30,1歳児,7,1,1,保育標準時間,1歳児 7名 → 必要人員1名／保育標準時間／0歳児 8名 × 1/3 = 2.6（小数第2位以下切捨て）／1歳児・2歳児 13名 × 1/6 = 2.1（小数第2位以下切捨て）／3歳児 5名 × 1/20 = 0.2（小数第2位以下切捨て）／4歳児・5歳児以上 7名 × 1/30 = 0.2（小数第2位以下切捨て）／合計 ＋ 1 → 四捨五入 = 6名／うち保育士3名（比率50%）,True
2026-10-05,10/5(月),12:00-12:30,12:00,12:30,2歳児,6,1,1,保育標準時間,2歳児 6名 → 必要人員1名／保育標準時間／0歳児 8名 × 1/3 = 2.6（小数第2位以下切捨て）／1歳児・2歳児 13名 × 1/6 = 2.1（小数第2位以下切捨て）／3歳児 5名 × 1/20 = 0.2（小数第2位以下切捨て）／4歳児・5歳児以上 7名 × 1/30 = 0.2（小数第2位以下切捨て）／合計 ＋ 1 → 四捨五入 = 6名／うち保育士3名（比率50%）,True
2026-10-05,10/5(月),12:00-12:30,12:00,12:30,3歳児,5,1,0,保育標準時間,3歳児 5名 → 必要人員1名／保育標準時間／0歳児 8名 × 1/3 = 2.6（小数第2位以下切捨て）／1歳児・2歳児 13名 × 1/6 = 2.1（小数第2位以下切捨て）／3歳児 5名 × 1/20 = 0.2（小数第2位以下切捨て）／4歳児・5歳児以上 7名 × 1/30 = 0.2（小数第2位以下切捨て）／合計 ＋ 1 → 四捨五入 = 6名／うち保育士3名（比率50%）,True
2026-10-05,10/5(月),12:00-12:30,12:00,12:30,4歳児,4,1,0,保育標準時間,4歳児 4名 → 必要人員1名／保育標準時間／0歳児 8名 × 1/3 = 2.6（小数第2位以下切捨て）／1歳児・2歳児 13名 × 1/6 = 2.1（小数第2位以下切捨て）／3歳児 5名 × 1/20 = 0.2（小数第2位以下切捨て）／4歳児・5歳児以上 7名 × 1/30 = 0.2（小数第2位以下切捨て）／合計 ＋ 1 → 四捨五入 = 6名／うち保育士3名（比率50%）,True
2026-10-05,10/5(月),12:00-12:30,12:00,12:30,5歳児以上,3,0,0,保育標準時間,5歳児以上 3名 → 必要人員0名／保育標準時間／0歳児 8名 × 1/3 = 2.6（小数第2位以下切捨て）／1歳児・2歳児 13名 × 1/6 = 2.1（小数第2位以下切捨て）／3歳児 5名 × 1/20 = 0.2（小数第2位以下切捨て）／4歳児・5歳児以上 7名 × 1/30 = 0.2（小数第2位以下切捨て）／合計 ＋ 1 → 四捨五入 = 6名／うち保育士3名（比率50%）,True
2026-10-05,10/5(月),12:30-13:00,12:30,13:00,0歳児,8,2,1,保育標準時間,0歳児 8名 → 必要人員2名／保育標準時間／0歳児 8名 × 1/3 = 2.6（小数第2位以下切捨て）／1歳児・2歳児 13名 × 1/6 = 2.1（小数第2位以下切捨て）／3歳児 5名 × 1/20 = 0.2（小数第2位以下切捨て）／4歳児・5歳児以上 7名 × 1/30 = 0.2（小数第2位以下切捨て）／合計 ＋ 1 → 四捨五入 = 6名／うち保育士3名（比率50%）,True
2026-10-05,10/5(月),12:30-13:00,12:30,13:00,1歳児,7,1,1,保育標準時間,1歳児 7名 → 必要人員1名／保育標準時間／0歳児 8名 × 1/3 = 2.6（小数第2位以下切捨て）／1歳児・2歳児 13名 × 1/6 = 2.1（小数第2位以下切捨て）／3歳児 5名 × 1/20 = 0.2（小数第2位以下切捨て）／4歳児・5歳児以上 7名 × 1/30 = 0.2（小数第2位以下切捨て）／合計 ＋ 1 → 四捨五入 = 6名／うち保育士3名（比率50%）,True
2026-10-05,10/5(月),12:30-13:00,12:30,13:00,2歳児,6,1,1,保育標準時間,2歳児 6名 → 必要人員1名／保育標準時間／0歳児 8名 × 1/3 = 2.6（小数第2位以下切捨て）／1歳児・2歳児 13名 × 1/6 = 2.1（小数第2位以下切捨て）／3歳児 5名 × 1/20 = 0.2（小数第2位以下切捨て）／4歳児・5歳児以上 7名 × 1/30 = 0.2（小数第2位以下切捨て）／合計 ＋ 1 → 四捨五入 = 6名／うち保育士3名（比率50%）,True
2026-10-05,10/5(月),12:30-13:00,12:30,13:00,3歳児,5,1,0,保育標準時間,3歳児 5名 → 必要人員1名／保育標準時間／0歳児 8名 × 1/3 = 2.6（小数第2位以下切捨て）／1歳児・2歳児 13名 × 1/6 = 2.1（小数第2位以下切捨て）／3歳児 5名 × 1/20 = 0.2（小数第2位以下切捨て）／4歳児・5歳児以上 7名 × 1/30 = 0.2（小数第2位以下切捨て）／合計 ＋ 1 → 四捨五入 = 6名／うち保育士3名（比率50%）,True
2026-10-05,10/5(月),12:30-13:00,12:30,13:00,4歳児,4,1,0,保育標準時間,4歳児 4名 → 必要人員1名／保育標準時間／0歳児 8名 × 1/3 = 2.6（小数第2位以下切捨て）／1歳児・2歳児 13名 × 1/6 = 2.1（小数第2位以下切捨て）／3歳児 5名 × 1/20 = 0.2（小数第2位以下切捨て）／4歳児・5歳児以上 7名 × 1/30 = 0.2（小数第2位以下切捨て）／合計 ＋ 1 → 四捨五入 = 6名／うち保育士3名（比率50%）,True
2026-10-05,10/5(月),12:30-13:00,12:30,13:00,5歳児以上,3,0,0,保育標準時間,5歳児以上 3名 → 必要人員0名／保育標準時間／0歳児 8名 × 1/3 = 2.6（小数第2位以下切捨て）／1歳児・2歳児 13名 × 1/6 = 2.1（小数第2位以下切捨て）／3歳児 5名 × 1/20 = 0.2（小数第2位以下切捨て）／4歳児・5歳児以上 7名 × 1/30 = 0.2（小数第2位以下切捨て）／合計 ＋ 1 → 四捨五入 = 6名／うち保育士3名（比率50%）,True
2026-10-05,10/5(月),13:00-13:30,13:00,13:30,0歳児,8,2,1,保育標準時間,0歳児 8名 → 必要人員2名／保育標準時間／0歳児 8名 × 1/3 = 2.6（小数第2位以下切捨て）／1歳児・2歳児 13名 × 1/6 = 2.1（小数第2位以下切捨て）／3歳児 5名 × 1/20 = 0.2（小数第2位以下切捨て）／4歳児・5歳児以上 7名 × 1/30 = 0.2（小数第2位以下切捨て）／合計 ＋ 1 → 四捨五入 = 6名／うち保育士3名（比率50%）,True
2026-10-05,10/5(月),13:00-13:30,13:00,13:30,1歳児,7,1,1,保育標準時間,1歳児 7名 → 必要人員1名／保育標準時間／0歳児 8名 × 1/3 = 2.6（小数第2位以下切捨て）／1歳児・2歳児 13名 × 1/6 = 2.1（小数第2位以下切捨て）／3歳児 5名 × 1/20 = 0.2（小数第2位以下切捨て）／4歳児・5歳児以上 7名 × 1/30 = 0.2（小数第2位以下切捨て）／合計 ＋ 1 → 四捨五入 = 6名／うち保育士3名（比率50%）,True
2026-10-05,10/5(月),13:00-13:30,13:00,13:30,2歳児,6,1,1,保育標準時間,2歳児 6名 → 必要人員1名／保育標準時間／0歳児 8名 × 1/3 = 2.6（小数第2位以下切捨て）／1歳児・2歳児 13名 × 1/6 = 2.1（小数第2位以下切捨て）／3歳児 5名 × 1/20 = 0.2（小数第2位以下切捨て）／4歳児・5歳児以上 7名 × 1/30 = 0.2（小数第2位以下切捨て）／合計 ＋ 1 → 四捨五入 = 6名／うち保育士3名（比率50%）,True
2026-10-05,10/5(月),13:00-13:30,13:00,13:30,3歳児,5,1,0,保育標準時間,3歳児 5名 → 必要人員1名／保育標準時間／0歳児 8名 × 1/3 = 2.6（小数第2位以下切捨て）／1歳児・2歳児 13名 × 1/6 = 2.1（小数第2位以下切捨て）／3歳児 5名 × 1/20 = 0.2（小数第2位以下切捨て）／4歳児・5歳児以上 7名 × 1/30 = 0.2（小数第2位以下切捨て）／合計 ＋ 1 → 四捨五入 = 6名／うち保育士3名（比率50%）,True
2026-10-05,10/5(月),13:00-13:30,13:00,13:30,4歳児,4,1,0,保育標準時間,4歳児 4名 → 必要人員1名／保育標準時間／0歳児 8名 × 1/3 = 2.6（小数第2位以下切捨て）／1歳児・2歳児 13名 × 1/6 = 2.1（小数第2位以下切捨て）／3歳児 5名 × 1/20 = 0.2（小数第2位以下切捨て）／4歳児・5歳児以上 7名 × 1/30 = 0.2（小数第2位以下切捨て）／合計 ＋ 1 → 四捨五入 = 6名／うち保育士3名（比率50%）,True
2026-10-05,10/5(月),13:00-13:30,13:00,13:30,5歳児以上,3,0,0,保育標準時間,5歳児以上 3名 → 必要人員0名／保育標準時間／0歳児 8名 × 1/3 = 2.6（小数第2位以下切捨て）／1歳児・2歳児 13名 × 1/6 = 2.1（小数第2位以下切捨て）／3歳児 5名 × 1/20 = 0.2（小数第2位以下切捨て）／4歳児・5歳児以上 7名 × 1/30 = 0.2（小数第2位以下切捨て）／合計 ＋ 1 → 四捨五入 = 6名／うち保育士3名（比率50%）,True
2026-10-05,10/5(月),13:30-14:00,13:30,14:00,0歳児,8,2,1,保育標準時間,0歳児 8名 → 必要人員2名／保育標準時間／0歳児 8名 × 1/3 = 2.6（小数第2位以下切捨て）／1歳児・2歳児 13名 × 1/6 = 2.1（小数第2位以下切捨て）／3歳児 5名 × 1/20 = 0.2（小数第2位以下切捨て）／4歳児・5歳児以上 7名 × 1/30 = 0.2（小数第2位以下切捨て）／合計 ＋ 1 → 四捨五入 = 6名／うち保育士3名（比率50%）,True
2026-10-05,10/5(月),13:30-14:00,13:30,14:00,1歳児,7,1,1,保育標準時間,1歳児 7名 → 必要人員1名／保育標準時間／0歳児 8名 × 1/3 = 2.6（小数第2位以下切捨て）／1歳児・2歳児 13名 × 1/6 = 2.1（小数第2位以下切捨て）／3歳児 5名 × 1/20 = 0.2（小数第2位以下切捨て）／4歳児・5歳児以上 7名 × 1/30 = 0.2（小数第2位以下切捨て）／合計 ＋ 1 → 四捨五入 = 6名／うち保育士3名（比率50%）,True
2026-10-05,10/5(月),13:30-14:00,13:30,14:00,2歳児,6,1,1,保育標準時間,2歳児 6名 → 必要人員1名／保育標準時間／0歳児 8名 × 1/3 = 2.6（小数第2位以下切捨て）／1歳児・2歳児 13名 × 1/6 = 2.1（小数第2位以下切捨て）／3歳児 5名 × 1/20 = 0.2（小数第2位以下切捨て）／4歳児・5歳児以上 7名 × 1/30 = 0.2（小数第2位以下切捨て）／合計 ＋ 1 → 四捨五入 = 6名／うち保育士3名（比率50%）,True
2026-10-05,10/5(月),13:30-14:00,13:30,14:00,3歳児,5,1,0,保育標準時間,3歳児 5名 → 必要人員1名／保育標準時間／0歳児 8名 × 1/3 = 2.6（小数第2位以下切捨て）／1歳児・2歳児 13名 × 1/6 = 2.1（小数第2位以下切捨て）／3歳児 5名 × 1/20 = 0.2（小数第2位以下切捨て）／4歳児・5歳児以上 7名 × 1/30 = 0.2（小数第2位以下切捨て）／合計 ＋ 1 → 四捨五入 = 6名／うち保育士3名（比率50%）,True
2026-10-05,10/5(月),13:30-14:00,13:30,14:00,4歳児,4,1,0,保育標準時間,4歳児 4名 → 必要人員1名／保育標準時間／0歳児 8名 × 1/3 = 2.6（小数第2位以下切捨て）／1歳児・2歳児 13名 × 1/6 = 2.1（小数第2位以下切捨て）／3歳児 5名 × 1/20 = 0.2（小数第2位以下切捨て）／4歳児・5歳児以上 7名 × 1/30 = 0.2（小数第2位以下切捨て）／合計 ＋ 1 → 四捨五入 = 6名／うち保育士3名（比率50%）,True
2026-10-05,10/5(月),13:30-14:00,13:30,14:00,5歳児以上,3,0,0,保育標準時間,5歳児以上 3名 → 必要人員0名／保育標準時間／0歳児 8名 × 1/3 = 2.6（小数第2位以下切捨て）／1歳児・2歳児 13名 × 1/6 = 2.1（小数第2位以下切捨て）／3歳児 5名 × 1/20 = 0.2（小数第2位以下切捨て）／4歳児・5歳児以上 7名 × 1/30 = 0.2（小数第2位以下切捨て）／合計 ＋ 1 → 四捨五入 = 6名／うち保育士3名（比率50%）,True
2026-10-05,10/5(月),14:00-14:30,14:00,14:30,0歳児,7,2,1,保育標準時間,0歳児 7名 → 必要人員2名／保育標準時間／0歳児 7名 × 1/3 = 2.3（小数第2位以下切捨て）／1歳児・2歳児 13名 × 1/6 = 2.1（小数第2位以下切捨て）／3歳児 4名 × 1/20 = 0.2（小数第2位以下切捨て）／4歳児・5歳児以上 7名 × 1/30 = 0.2（小数第2位以下切捨て）／合計 ＋ 1 → 四捨五入 = 6名／うち保育士3名（比率50%）,True
2026-10-05,10/5(月),14:00-14:30,14:00,14:30,1歳児,7,1,1,保育標準時間,1歳児 7名 → 必要人員1名／保育標準時間／0歳児 7名 × 1/3 = 2.3（小数第2位以下切捨て）／1歳児・2歳児 13名 × 1/6 = 2.1（小数第2位以下切捨て）／3歳児 4名 × 1/20 = 0.2（小数第2位以下切捨て）／4歳児・5歳児以上 7名 × 1/30 = 0.2（小数第2位以下切捨て）／合計 ＋ 1 → 四捨五入 = 6名／うち保育士3名（比率50%）,True
2026-10-05,10/5(月),14:00-14:30,14:00,14:30,2歳児,6,1,1,保育標準時間,2歳児 6名 → 必要人員1名／保育標準時間／0歳児 7名 × 1/3 = 2.3（小数第2位以下切捨て）／1歳児・2歳児 13名 × 1/6 = 2.1（小数第2位以下切捨て）／3歳児 4名 × 1/20 = 0.2（小数第2位以下切捨て）／4歳児・5歳児以上 7名 × 1/30 = 0.2（小数第2位以下切捨て）／合計 ＋ 1 → 四捨五入 = 6名／うち保育士3名（比率50%）,True
2026-10-05,10/5(月),14:00-14:30,14:00,14:30,3歳児,4,1,0,保育標準時間,3歳児 4名 → 必要人員1名／保育標準時間／0歳児 7名 × 1/3 = 2.3（小数第2位以下切捨て）／1歳児・2歳児 13名 × 1/6 = 2.1（小数第2位以下切捨て）／3歳児 4名 × 1/20 = 0.2（小数第2位以下切捨て）／4歳児・5歳児以上 7名 × 1/30 = 0.2（小数第2位以下切捨て）／合計 ＋ 1 → 四捨五入 = 6名／うち保育士3名（比率50%）,True
2026-10-05,10/5(月),14:00-14:30,14:00,14:30,4歳児,4,1,0,保育標準時間,4歳児 4名 → 必要人員1名／保育標準時間／0歳児 7名 × 1/3 = 2.3（小数第2位以下切捨て）／1歳児・2歳児 13名 × 1/6 = 2.1（小数第2位以下切捨て）／3歳児 4名 × 1/20 = 0.2（小数第2位以下切捨て）／4歳児・5歳児以上 7名 × 1/30 = 0.2（小数第2位以下切捨て）／合計 ＋ 1 → 四捨五入 = 6名／うち保育士3名（比率50%）,True
2026-10-05,10/5(月),14:00-14:30,14:00,14:30,5歳児以上,3,0,0,保育標準時間,5歳児以上 3名 → 必要人員0名／保育標準時間／0歳児 7名 × 1/3 = 2.3（小数第2位以下切捨て）／1歳児・2歳児 13名 × 1/6 = 2.1（小数第2位以下切捨て）／3歳児 4名 × 1/20 = 0.2（小数第2位以下切捨て）／4歳児・5歳児以上 7名 × 1/30 = 0.2（小数第2位以下切捨て）／合計 ＋ 1 → 四捨五入 = 6名／うち保育士3名（比率50%）,True
2026-10-05,10/5(月),14:30-15:00,14:30,15:00,0歳児,6,2,1,保育標準時間,0歳児 6名 → 必要人員2名／保育標準時間／0歳児 6名 × 1/3 = 2.0（小数第2位以下切捨て）／1歳児・2歳児 12名 × 1/6 = 2.0（小数第2位以下切捨て）／3歳児 4名 × 1/20 = 0.2（小数第2位以下切捨て）／4歳児・5歳児以上 6名 × 1/30 = 0.2（小数第2位以下切捨て）／合計 ＋ 1 → 四捨五入 = 5名／うち保育士3名（比率50%）,True
2026-10-05,10/5(月),14:30-15:00,14:30,15:00,1歳児,7,1,1,保育標準時間,1歳児 7名 → 必要人員1名／保育標準時間／0歳児 6名 × 1/3 = 2.0（小数第2位以下切捨て）／1歳児・2歳児 12名 × 1/6 = 2.0（小数第2位以下切捨て）／3歳児 4名 × 1/20 = 0.2（小数第2位以下切捨て）／4歳児・5歳児以上 6名 × 1/30 = 0.2（小数第2位以下切捨て）／合計 ＋ 1 → 四捨五入 = 5名／うち保育士3名（比率50%）,True
2026-10-05,10/5(月),14:30-15:00,14:30,15:00,2歳児,5,0,0,保育標準時間,2歳児 5名 → 必要人員0名／保育標準時間／0歳児 6名 × 1/3 = 2.0（小数第2位以下切捨て）／1歳児・2歳児 12名 × 1/6 = 2.0（小数第2位以下切捨て）／3歳児 4名 × 1/20 = 0.2（小数第2位以下切捨て）／4歳児・5歳児以上 6名 × 1/30 = 0.2（小数第2位以下切捨て）／合計 ＋ 1 → 四捨五入 = 5名／うち保育士3名（比率50%）,True
2026-10-05,10/5(月),14:30-15:00,14:30,15:00,3歳児,4,1,1,保育標準時間,3歳児 4名 → 必要人員1名／保育標準時間／0歳児 6名 × 1/3 = 2.0（小数第2位以下切捨て）／1歳児・2歳児 12名 × 1/6 = 2.0（小数第2位以下切捨て）／3歳児 4名 × 1/20 = 0.2（小数第2位以下切捨て）／4歳児・5歳児以上 6名 × 1/30 = 0.2（小数第2位以下切捨て）／合計 ＋ 1 → 四捨五入 = 5名／うち保育士3名（比率50%）,True
2026-10-05,10/5(月),14:30-15:00,14:30,15:00,4歳児,3,1,0,保育標準時間,4歳児 3名 → 必要人員1名／保育標準時間／0歳児 6名 × 1/3 = 2.0（小数第2位以下切捨て）／1歳児・2歳児 12名 × 1/6 = 2.0（小数第2位以下切捨て）／3歳児 4名 × 1/20 = 0.2（小数第2位以下切捨て）／4歳児・5歳児以上 6名 × 1/30 = 0.2（小数第2位以下切捨て）／合計 ＋ 1 → 四捨五入 = 5名／うち保育士3名（比率50%）,True
2026-10-05,10/5(月),14:30-15:00,14:30,15:00,5歳児以上,3,0,0,保育標準時間,5歳児以上 3名 → 必要人員0名／保育標準時間／0歳児 6名 × 1/3 = 2.0（小数第2位以下切捨て）／1歳児・2歳児 12名 × 1/6 = 2.0（小数第2位以下切捨て）／3歳児 4名 × 1/20 = 0.2（小数第2位以下切捨て）／4歳児・5歳児以上 6名 × 1/30 = 0.2（小数第2位以下切捨て）／合計 ＋ 1 → 四捨五入 = 5名／うち保育士3名（比率50%）,True
2026-10-05,10/5(月),15:00-15:30,15:00,15:30,0歳児,6,2,1,保育標準時間,0歳児 6名 → 必要人員2名／保育標準時間／0歳児 6名 × 1/3 = 2.0（小数第2位以下切捨て）／1歳児・2歳児 12名 × 1/6 = 2.0（小数第2位以下切捨て）／3歳児 4名 × 1/20 = 0.2（小数第2位以下切捨て）／4歳児・5歳児以上 6名 × 1/30 = 0.2（小数第2位以下切捨て）／合計 ＋ 1 → 四捨五入 = 5名／うち保育士3名（比率50%）,True
2026-10-05,10/5(月),15:00-15:30,15:00,15:30,1歳児,7,1,1,保育標準時間,1歳児 7名 → 必要人員1名／保育標準時間／0歳児 6名 × 1/3 = 2.0（小数第2位以下切捨て）／1歳児・2歳児 12名 × 1/6 = 2.0（小数第2位以下切捨て）／3歳児 4名 × 1/20 = 0.2（小数第2位以下切捨て）／4歳児・5歳児以上 6名 × 1/30 = 0.2（小数第2位以下切捨て）／合計 ＋ 1 → 四捨五入 = 5名／うち保育士3名（比率50%）,True
2026-10-05,10/5(月),15:00-15:30,15:00,15:30,2歳児,5,0,0,保育標準時間,2歳児 5名 → 必要人員0名／保育標準時間／0歳児 6名 × 1/3 = 2.0（小数第2位以下切捨て）／1歳児・2歳児 12名 × 1/6 = 2.0（小数第2位以下切捨て）／3歳児 4名 × 1/20 = 0.2（小数第2位以下切捨て）／4歳児・5歳児以上 6名 × 1/30 = 0.2（小数第2位以下切捨て）／合計 ＋ 1 → 四捨五入 = 5名／うち保育士3名（比率50%）,True
2026-10-05,10/5(月),15:00-15:30,15:00,15:30,3歳児,4,1,1,保育標準時間,3歳児 4名 → 必要人員1名／保育標準時間／0歳児 6名 × 1/3 = 2.0（小数第2位以下切捨て）／1歳児・2歳児 12名 × 1/6 = 2.0（小数第2位以下切捨て）／3歳児 4名 × 1/20 = 0.2（小数第2位以下切捨て）／4歳児・5歳児以上 6名 × 1/30 = 0.2（小数第2位以下切捨て）／合計 ＋ 1 → 四捨五入 = 5名／うち保育士3名（比率50%）,True
2026-10-05,10/5(月),15:00-15:30,15:00,15:30,4歳児,3,1,0,保育標準時間,4歳児 3名 → 必要人員1名／保育標準時間／0歳児 6名 × 1/3 = 2.0（小数第2位以下切捨て）／1歳児・2歳児 12名 × 1/6 = 2.0（小数第2位以下切捨て）／3歳児 4名 × 1/20 = 0.2（小数第2位以下切捨て）／4歳児・5歳児以上 6名 × 1/30 = 0.2（小数第2位以下切捨て）／合計 ＋ 1 → 四捨五入 = 5名／うち保育士3名（比率50%）,True
2026-10-05,10/5(月),15:00-15:30,15:00,15:30,5歳児以上,3,0,0,保育標準時間,5歳児以上 3名 → 必要人員0名／保育標準時間／0歳児 6名 × 1/3 = 2.0（小数第2位以下切捨て）／1歳児・2歳児 12名 × 1/6 = 2.0（小数第2位以下切捨て）／3歳児 4名 × 1/20 = 0.2（小数第2位以下切捨て）／4歳児・5歳児以上 6名 × 1/30 = 0.2（小数第2位以下切捨て）／合計 ＋ 1 → 四捨五入 = 5名／うち保育士3名（比率50%）,True
2026-10-05,10/5(月),15:30-16:00,15:30,16:00,0歳児,6,2,1,保育標準時間,0歳児 6名 → 必要人員2名／保育標準時間／0歳児 6名 × 1/3 = 2.0（小数第2位以下切捨て）／1歳児・2歳児 12名 × 1/6 = 2.0（小数第2位以下切捨て）／3歳児 4名 × 1/20 = 0.2（小数第2位以下切捨て）／4歳児・5歳児以上 6名 × 1/30 = 0.2（小数第2位以下切捨て）／合計 ＋ 1 → 四捨五入 = 5名／うち保育士3名（比率50%）,True
2026-10-05,10/5(月),15:30-16:00,15:30,16:00,1歳児,7,1,1,保育標準時間,1歳児 7名 → 必要人員1名／保育標準時間／0歳児 6名 × 1/3 = 2.0（小数第2位以下切捨て）／1歳児・2歳児 12名 × 1/6 = 2.0（小数第2位以下切捨て）／3歳児 4名 × 1/20 = 0.2（小数第2位以下切捨て）／4歳児・5歳児以上 6名 × 1/30 = 0.2（小数第2位以下切捨て）／合計 ＋ 1 → 四捨五入 = 5名／うち保育士3名（比率50%）,True
2026-10-05,10/5(月),15:30-16:00,15:30,16:00,2歳児,5,0,0,保育標準時間,2歳児 5名 → 必要人員0名／保育標準時間／0歳児 6名 × 1/3 = 2.0（小数第2位以下切捨て）／1歳児・2歳児 12名 × 1/6 = 2.0（小数第2位以下切捨て）／3歳児 4名 × 1/20 = 0.2（小数第2位以下切捨て）／4歳児・5歳児以上 6名 × 1/30 = 0.2（小数第2位以下切捨て）／合計 ＋ 1 → 四捨五入 = 5名／うち保育士3名（比率50%）,True
2026-10-05,10/5(月),15:30-16:00,15:30,16:00,3歳児,4,1,1,保育標準時間,3歳児 4名 → 必要人員1名／保育標準時間／0歳児 6名 × 1/3 = 2.0（小数第2位以下切捨て）／1歳児・2歳児 12名 × 1/6 = 2.0（小数第2位以下切捨て）／3歳児 4名 × 1/20 = 0.2（小数第2位以下切捨て）／4歳児・5歳児以上 6名 × 1/30 = 0.2（小数第2位以下切捨て）／合計 ＋ 1 → 四捨五入 = 5名／うち保育士3名（比率50%）,True
2026-10-05,10/5(月),15:30-16:00,15:30,16:00,4歳児,3,1,0,保育標準時間,4歳児 3名 → 必要人員1名／保育標準時間／0歳児 6名 × 1/3 = 2.0（小数第2位以下切捨て）／1歳児・2歳児 12名 × 1/6 = 2.0（小数第2位以下切捨て）／3歳児 4名 × 1/20 = 0.2（小数第2位以下切捨て）／4歳児・5歳児以上 6名 × 1/30 = 0.2（小数第2位以下切捨て）／合計 ＋ 1 → 四捨五入 = 5名／うち保育士3名（比率50%）,True
2026-10-05,10/5(月),15:30-16:00,15:30,16:00,5歳児以上,3,0,0,保育標準時間,5歳児以上 3名 → 必要人員0名／保育標準時間／0歳児 6名 × 1/3 = 2.0（小数第2位以下切捨て）／1歳児・2歳児 12名 × 1/6 = 2.0（小数第2位以下切捨て）／3歳児 4名 × 1/20 = 0.2（小数第2位以下切捨て）／4歳児・5歳児以上 6名 × 1/30 = 0.2（小数第2位以下切捨て）／合計 ＋ 1 → 四捨五入 = 5名／うち保育士3名（比率50%）,True
2026-10-05,10/5(月),16:00-16:30,16:00,16:30,0歳児,6,2,1,保育標準時間,0歳児 6名 → 必要人員2名／保育標準時間／0歳児 6名 × 1/3 = 2.0（小数第2位以下切捨て）／1歳児・2歳児 12名 × 1/6 = 2.0（小数第2位以下切捨て）／3歳児 4名 × 1/20 = 0.2（小数第2位以下切捨て）／4歳児・5歳児以上 6名 × 1/30 = 0.2（小数第2位以下切捨て）／合計 ＋ 1 → 四捨五入 = 5名／うち保育士3名（比率50%）,True
2026-10-05,10/5(月),16:00-16:30,16:00,16:30,1歳児,7,1,1,保育標準時間,1歳児 7名 → 必要人員1名／保育標準時間／0歳児 6名 × 1/3 = 2.0（小数第2位以下切捨て）／1歳児・2歳児 12名 × 1/6 = 2.0（小数第2位以下切捨て）／3歳児 4名 × 1/20 = 0.2（小数第2位以下切捨て）／4歳児・5歳児以上 6名 × 1/30 = 0.2（小数第2位以下切捨て）／合計 ＋ 1 → 四捨五入 = 5名／うち保育士3名（比率50%）,True
2026-10-05,10/5(月),16:00-16:30,16:00,16:30,2歳児,5,0,0,保育標準時間,2歳児 5名 → 必要人員0名／保育標準時間／0歳児 6名 × 1/3 = 2.0（小数第2位以下切捨て）／1歳児・2歳児 12名 × 1/6 = 2.0（小数第2位以下切捨て）／3歳児 4名 × 1/20 = 0.2（小数第2位以下切捨て）／4歳児・5歳児以上 6名 × 1/30 = 0.2（小数第2位以下切捨て）／合計 ＋ 1 → 四捨五入 = 5名／うち保育士3名（比率50%）,True
2026-10-05,10/5(月),16:00-16:30,16:00,16:30,3歳児,4,1,1,保育標準時間,3歳児 4名 → 必要人員1名／保育標準時間／0歳児 6名 × 1/3 = 2.0（小数第2位以下切捨て）／1歳児・2歳児 12名 × 1/6 = 2.0（小数第2位以下切捨て）／3歳児 4名 × 1/20 = 0.2（小数第2位以下切捨て）／4歳児・5歳児以上 6名 × 1/30 = 0.2（小数第2位以下切捨て）／合計 ＋ 1 → 四捨五入 = 5名／うち保育士3名（比率50%）,True
2026-10-05,10/5(月),16:00-16:30,16:00,16:30,4歳児,3,1,0,保育標準時間,4歳児 3名 → 必要人員1名／保育標準時間／0歳児 6名 × 1/3 = 2.0（小数第2位以下切捨て）／1歳児・2歳児 12名 × 1/6 = 2.0（小数第2位以下切捨て）／3歳児 4名 × 1/20 = 0.2（小数第2位以下切捨て）／4歳児・5歳児以上 6名 × 1/30 = 0.2（小数第2位以下切捨て）／合計 ＋ 1 → 四捨五入 = 5名／うち保育士3名（比率50%）,True
2026-10-05,10/5(月),16:00-16:30,16:00,16:30,5歳児以上,3,0,0,保育標準時間,5歳児以上 3名 → 必要人員0名／保育標準時間／0歳児 6名 × 1/3 = 2.0（小数第2位以下切捨て）／1歳児・2歳児 12名 × 1/6 = 2.0（小数第2位以下切捨て）／3歳児 4名 × 1/20 = 0.2（小数第2位以下切捨て）／4歳児・5歳児以上 6名 × 1/30 = 0.2（小数第2位以下切捨て）／合計 ＋ 1 → 四捨五入 = 5名／うち保育士3名（比率50%）,True
2026-10-05,10/5(月),16:30-17:00,16:30,17:00,0歳児,6,2,1,保育標準時間,0歳児 6名 → 必要人員2名／保育標準時間／0歳児 6名 × 1/3 = 2.0（小数第2位以下切捨て）／1歳児・2歳児 12名 × 1/6 = 2.0（小数第2位以下切捨て）／3歳児 4名 × 1/20 = 0.2（小数第2位以下切捨て）／4歳児・5歳児以上 6名 × 1/30 = 0.2（小数第2位以下切捨て）／合計 ＋ 1 → 四捨五入 = 5名／うち保育士3名（比率50%）,True
2026-10-05,10/5(月),16:30-17:00,16:30,17:00,1歳児,7,1,1,保育標準時間,1歳児 7名 → 必要人員1名／保育標準時間／0歳児 6名 × 1/3 = 2.0（小数第2位以下切捨て）／1歳児・2歳児 12名 × 1/6 = 2.0（小数第2位以下切捨て）／3歳児 4名 × 1/20 = 0.2（小数第2位以下切捨て）／4歳児・5歳児以上 6名 × 1/30 = 0.2（小数第2位以下切捨て）／合計 ＋ 1 → 四捨五入 = 5名／うち保育士3名（比率50%）,True
2026-10-05,10/5(月),16:30-17:00,16:30,17:00,2歳児,5,0,0,保育標準時間,2歳児 5名 → 必要人員0名／保育標準時間／0歳児 6名 × 1/3 = 2.0（小数第2位以下切捨て）／1歳児・2歳児 12名 × 1/6 = 2.0（小数第2位以下切捨て）／3歳児 4名 × 1/20 = 0.2（小数第2位以下切捨て）／4歳児・5歳児以上 6名 × 1/30 = 0.2（小数第2位以下切捨て）／合計 ＋ 1 → 四捨五入 = 5名／うち保育士3名（比率50%）,True
2026-10-05,10/5(月),16:30-17:00,16:30,17:00,3歳児,4,1,1,保育標準時間,3歳児 4名 → 必要人員1名／保育標準時間／0歳児 6名 × 1/3 = 2.0（小数第2位以下切捨て）／1歳児・2歳児 12名 × 1/6 = 2.0（小数第2位以下切捨て）／3歳児 4名 × 1/20 = 0.2（小数第2位以下切捨て）／4歳児・5歳児以上 6名 × 1/30 = 0.2（小数第2位以下切捨て）／合計 ＋ 1 → 四捨五入 = 5名／うち保育士3名（比率50%）,True
2026-10-05,10/5(月),16:30-17:00,16:30,17:00,4歳児,3,1,0,保育標準時間,4歳児 3名 → 必要人員1名／保育標準時間／0歳児 6名 × 1/3 = 2.0（小数第2位以下切捨て）／1歳児・2歳児 12名 × 1/6 = 2.0（小数第2位以下切捨て）／3歳児 4名 × 1/20 = 0.2（小数第2位以下切捨て）／4歳児・5歳児以上 6名 × 1/30 = 0.2（小数第2位以下切捨て）／合計 ＋ 1 → 四捨五入 = 5名／うち保育士3名（比率50%）,True
2026-10-05,10/5(月),16:30-17:00,16:30,17:00,5歳児以上,3,0,0,保育標準時間,5歳児以上 3名 → 必要人員0名／保育標準時間／0歳児 6名 × 1/3 = 2.0（小数第2位以下切捨て）／1歳児・2歳児 12名 × 1/6 = 2.0（小数第2位以下切捨て）／3歳児 4名 × 1/20 = 0.2（小数第2位以下切捨て）／4歳児・5歳児以上 6名 × 1/30 = 0.2（小数第2位以下切捨て）／合計 ＋ 1 → 四捨五入 = 5名／うち保育士3名（比率50%）,True
2026-10-05,10/5(月),17:00-17:30,17:00,17:30,0歳児,4,1,1,保育標準時間,0歳児 4名 → 必要人員1名／保育標準時間／0歳児 4名 × 1/3 = 1.3（小数第2位以下切捨て）／1歳児・2歳児 11名 × 1/6 = 1.8（小数第2位以下切捨て）／3歳児 4名 × 1/20 = 0.2（小数第2位以下切捨て）／4歳児・5歳児以上 6名 × 1/30 = 0.2（小数第2位以下切捨て）／合計 ＋ 1 → 四捨五入 = 5名／うち保育士3名（比率50%）,True
2026-10-05,10/5(月),17:00-17:30,17:00,17:30,1歳児,7,1,1,保育標準時間,1歳児 7名 → 必要人員1名／保育標準時間／0歳児 4名 × 1/3 = 1.3（小数第2位以下切捨て）／1歳児・2歳児 11名 × 1/6 = 1.8（小数第2位以下切捨て）／3歳児 4名 × 1/20 = 0.2（小数第2位以下切捨て）／4歳児・5歳児以上 6名 × 1/30 = 0.2（小数第2位以下切捨て）／合計 ＋ 1 → 四捨五入 = 5名／うち保育士3名（比率50%）,True
2026-10-05,10/5(月),17:00-17:30,17:00,17:30,2歳児,4,1,1,保育標準時間,2歳児 4名 → 必要人員1名／保育標準時間／0歳児 4名 × 1/3 = 1.3（小数第2位以下切捨て）／1歳児・2歳児 11名 × 1/6 = 1.8（小数第2位以下切捨て）／3歳児 4名 × 1/20 = 0.2（小数第2位以下切捨て）／4歳児・5歳児以上 6名 × 1/30 = 0.2（小数第2位以下切捨て）／合計 ＋ 1 → 四捨五入 = 5名／うち保育士3名（比率50%）,True
2026-10-05,10/5(月),17:00-17:30,17:00,17:30,3歳児,4,1,0,保育標準時間,3歳児 4名 → 必要人員1名／保育標準時間／0歳児 4名 × 1/3 = 1.3（小数第2位以下切捨て）／1歳児・2歳児 11名 × 1/6 = 1.8（小数第2位以下切捨て）／3歳児 4名 × 1/20 = 0.2（小数第2位以下切捨て）／4歳児・5歳児以上 6名 × 1/30 = 0.2（小数第2位以下切捨て）／合計 ＋ 1 → 四捨五入 = 5名／うち保育士3名（比率50%）,True
2026-10-05,10/5(月),17:00-17:30,17:00,17:30,4歳児,3,1,0,保育標準時間,4歳児 3名 → 必要人員1名／保育標準時間／0歳児 4名 × 1/3 = 1.3（小数第2位以下切捨て）／1歳児・2歳児 11名 × 1/6 = 1.8（小数第2位以下切捨て）／3歳児 4名 × 1/20 = 0.2（小数第2位以下切捨て）／4歳児・5歳児以上 6名 × 1/30 = 0.2（小数第2位以下切捨て）／合計 ＋ 1 → 四捨五入 = 5名／うち保育士3名（比率50%）,True
2026-10-05,10/5(月),17:00-17:30,17:00,17:30,5歳児以上,3,0,0,保育標準時間,5歳児以上 3名 → 必要人員0名／保育標準時間／0歳児 4名 × 1/3 = 1.3（小数第2位以下切捨て）／1歳児・2歳児 11名 × 1/6 = 1.8（小数第2位以下切捨て）／3歳児 4名 × 1/20 = 0.2（小数第2位以下切捨て）／4歳児・5歳児以上 6名 × 1/30 = 0.2（小数第2位以下切捨て）／合計 ＋ 1 → 四捨五入 = 5名／うち保育士3名（比率50%）,True
2026-10-05,10/5(月),17:30-18:00,17:30,18:00,0歳児,4,1,1,保育標準時間,0歳児 4名 → 必要人員1名／保育標準時間／0歳児 4名 × 1/3 = 1.3（小数第2位以下切捨て）／1歳児・2歳児 9名 × 1/6 = 1.5（小数第2位以下切捨て）／3歳児 4名 × 1/20 = 0.2（小数第2位以下切捨て）／4歳児・5歳児以上 5名 × 1/30 = 0.1（小数第2位以下切捨て）／合計 ＋ 1 → 四捨五入 = 4名／うち保育士2名（比率50%）,True
2026-10-05,10/5(月),17:30-18:00,17:30,18:00,1歳児,6,1,1,保育標準時間,1歳児 6名 → 必要人員1名／保育標準時間／0歳児 4名 × 1/3 = 1.3（小数第2位以下切捨て）／1歳児・2歳児 9名 × 1/6 = 1.5（小数第2位以下切捨て）／3歳児 4名 × 1/20 = 0.2（小数第2位以下切捨て）／4歳児・5歳児以上 5名 × 1/30 = 0.1（小数第2位以下切捨て）／合計 ＋ 1 → 四捨五入 = 4名／うち保育士2名（比率50%）,True
2026-10-05,10/5(月),17:30-18:00,17:30,18:00,2歳児,3,0,0,保育標準時間,2歳児 3名 → 必要人員0名／保育標準時間／0歳児 4名 × 1/3 = 1.3（小数第2位以下切捨て）／1歳児・2歳児 9名 × 1/6 = 1.5（小数第2位以下切捨て）／3歳児 4名 × 1/20 = 0.2（小数第2位以下切捨て）／4歳児・5歳児以上 5名 × 1/30 = 0.1（小数第2位以下切捨て）／合計 ＋ 1 → 四捨五入 = 4名／うち保育士2名（比率50%）,True
2026-10-05,10/5(月),17:30-18:00,17:30,18:00,3歳児,4,1,0,保育標準時間,3歳児 4名 → 必要人員1名／保育標準時間／0歳児 4名 × 1/3 = 1.3（小数第2位以下切捨て）／1歳児・2歳児 9名 × 1/6 = 1.5（小数第2位以下切捨て）／3歳児 4名 × 1/20 = 0.2（小数第2位以下切捨て）／4歳児・5歳児以上 5名 × 1/30 = 0.1（小数第2位以下切捨て）／合計 ＋ 1 → 四捨五入 = 4名／うち保育士2名（比率50%）,True
2026-10-05,10/5(月),17:30-18:00,17:30,18:00,4歳児,2,0,0,保育標準時間,4歳児 2名 → 必要人員0名／保育標準時間／0歳児 4名 × 1/3 = 1.3（小数第2位以下切捨て）／1歳児・2歳児 9名 × 1/6 = 1.5（小数第2位以下切捨て）／3歳児 4名 × 1/20 = 0.2（小数第2位以下切捨て）／4歳児・5歳児以上 5名 × 1/30 = 0.1（小数第2位以下切捨て）／合計 ＋ 1 → 四捨五入 = 4名／うち保育士2名（比率50%）,True
2026-10-05,10/5(月),17:30-18:00,17:30,18:00,5歳児以上,3,1,0,保育標準時間,5歳児以上 3名 → 必要人員1名／保育標準時間／0歳児 4名 × 1/3 = 1.3（小数第2位以下切捨て）／1歳児・2歳児 9名 × 1/6 = 1.5（小数第2位以下切捨て）／3歳児 4名 × 1/20 = 0.2（小数第2位以下切捨て）／4歳児・5歳児以上 5名 × 1/30 = 0.1（小数第2位以下切捨て）／合計 ＋ 1 → 四捨五入 = 4名／うち保育士2名（比率50%）,True
2026-10-05,10/5(月),18:00-18:30,18:00,18:30,0歳児,3,1,1,延長保育,0歳児 3名 → 必要人員1名／保育標準時間外（延長保育）／0歳児 3名 × 1/3 = 1.0（小数第2位以下切捨て）／1歳児・2歳児 9名 × 1/6 = 1.5（小数第2位以下切捨て）／3歳児 3名 × 1/20 = 0.1（小数第2位以下切捨て）／4歳児・5歳児以上 5名 × 1/30 = 0.1（小数第2位以下切捨て）／合計 ＋ 1 → 四捨五入 = 4名／うち保育士2名（比率50%）,True
2026-10-05,10/5(月),18:00-18:30,18:00,18:30,1歳児,6,1,1,延長保育,1歳児 6名 → 必要人員1名／保育標準時間外（延長保育）／0歳児 3名 × 1/3 = 1.0（小数第2位以下切捨て）／1歳児・2歳児 9名 × 1/6 = 1.5（小数第2位以下切捨て）／3歳児 3名 × 1/20 = 0.1（小数第2位以下切捨て）／4歳児・5歳児以上 5名 × 1/30 = 0.1（小数第2位以下切捨て）／合計 ＋ 1 → 四捨五入 = 4名／うち保育士2名（比率50%）,True
2026-10-05,10/5(月),18:00-18:30,18:00,18:30,2歳児,3,0,0,延長保育,2歳児 3名 → 必要人員0名／保育標準時間外（延長保育）／0歳児 3名 × 1/3 = 1.0（小数第2位以下切捨て）／1歳児・2歳児 9名 × 1/6 = 1.5（小数第2位以下切捨て）／3歳児 3名 × 1/20 = 0.1（小数第2位以下切捨て）／4歳児・5歳児以上 5名 × 1/30 = 0.1（小数第2位以下切捨て）／合計 ＋ 1 → 四捨五入 = 4名／うち保育士2名（比率50%）,True
2026-10-05,10/5(月),18:00-18:30,18:00,18:30,3歳児,3,1,0,延長保育,3歳児 3名 → 必要人員1名／保育標準時間外（延長保育）／0歳児 3名 × 1/3 = 1.0（小数第2位以下切捨て）／1歳児・2歳児 9名 × 1/6 = 1.5（小数第2位以下切捨て）／3歳児 3名 × 1/20 = 0.1（小数第2位以下切捨て）／4歳児・5歳児以上 5名 × 1/30 = 0.1（小数第2位以下切捨て）／合計 ＋ 1 → 四捨五入 = 4名／うち保育士2名（比率50%）,True
2026-10-05,10/5(月),18:00-18:30,18:00,18:30,4歳児,2,0,0,延長保育,4歳児 2名 → 必要人員0名／保育標準時間外（延長保育）／0歳児 3名 × 1/3 = 1.0（小数第2位以下切捨て）／1歳児・2歳児 9名 × 1/6 = 1.5（小数第2位以下切捨て）／3歳児 3名 × 1/20 = 0.1（小数第2位以下切捨て）／4歳児・5歳児以上 5名 × 1/30 = 0.1（小数第2位以下切捨て）／合計 ＋ 1 → 四捨五入 = 4名／うち保育士2名（比率50%）,True
2026-10-05,10/5(月),18:00-18:30,18:00,18:30,5歳児以上,3,1,0,延長保育,5歳児以上 3名 → 必要人員1名／保育標準時間外（延長保育）／0歳児 3名 × 1/3 = 1.0（小数第2位以下切捨て）／1歳児・2歳児 9名 × 1/6 = 1.5（小数第2位以下切捨て）／3歳児 3名 × 1/20 = 0.1（小数第2位以下切捨て）／4歳児・5歳児以上 5名 × 1/30 = 0.1（小数第2位以下切捨て）／合計 ＋ 1 → 四捨五入 = 4名／うち保育士2名（比率50%）,True
2026-10-05,10/5(月),18:30-19:00,18:30,19:00,0歳児,2,1,1,延長保育,0歳児 2名 → 必要人員1名／保育標準時間外（延長保育）／0歳児 2名 × 1/3 = 0.6（小数第2位以下切捨て）／1歳児・2歳児 6名 × 1/6 = 1.0（小数第2位以下切捨て）／3歳児 3名 × 1/20 = 0.1（小数第2位以下切捨て）／4歳児・5歳児以上 3名 × 1/30 = 0.1（小数第2位以下切捨て）／合計 ＋ 1 → 四捨五入 = 3名／うち保育士2名（比率50%）,True
2026-10-05,10/5(月),18:30-19:00,18:30,19:00,1歳児,4,1,1,延長保育,1歳児 4名 → 必要人員1名／保育標準時間外（延長保育）／0歳児 2名 × 1/3 = 0.6（小数第2位以下切捨て）／1歳児・2歳児 6名 × 1/6 = 1.0（小数第2位以下切捨て）／3歳児 3名 × 1/20 = 0.1（小数第2位以下切捨て）／4歳児・5歳児以上 3名 × 1/30 = 0.1（小数第2位以下切捨て）／合計 ＋ 1 → 四捨五入 = 3名／うち保育士2名（比率50%）,True
2026-10-05,10/5(月),18:30-19:00,18:30,19:00,2歳児,2,0,0,延長保育,2歳児 2名 → 必要人員0名／保育標準時間外（延長保育）／0歳児 2名 × 1/3 = 0.6（小数第2位以下切捨て）／1歳児・2歳児 6名 × 1/6 = 1.0（小数第2位以下切捨て）／3歳児 3名 × 1/20 = 0.1（小数第2位以下切捨て）／4歳児・5歳児以上 3名 × 1/30 = 0.1（小数第2位以下切捨て）／合計 ＋ 1 → 四捨五入 = 3名／うち保育士2名（比率50%）,True
2026-10-05,10/5(月),18:30-19:00,18:30,19:00,3歳児,3,1,0,延長保育,3歳児 3名 → 必要人員1名／保育標準時間外（延長保育）／0歳児 2名 × 1/3 = 0.6（小数第2位以下切捨て）／1歳児・2歳児 6名 × 1/6 = 1.0（小数第2位以下切捨て）／3歳児 3名 × 1/20 = 0.1（小数第2位以下切捨て）／4歳児・5歳児以上 3名 × 1/30 = 0.1（小数第2位以下切捨て）／合計 ＋ 1 → 四捨五入 = 3名／うち保育士2名（比率50%）,True
2026-10-05,10/5(月),18:30-19:00,18:30,19:00,4歳児,2,0,0,延長保育,4歳児 2名 → 必要人員0名／保育標準時間外（延長保育）／0歳児 2名 × 1/3 = 0.6（小数第2位以下切捨て）／1歳児・2歳児 6名 × 1/6 = 1.0（小数第2位以下切捨て）／3歳児 3名 × 1/20 = 0.1（小数第2位以下切捨て）／4歳児・5歳児以上 3名 × 1/30 = 0.1（小数第2位以下切捨て）／合計 ＋ 1 → 四捨五入 = 3名／うち保育士2名（比率50%）,True
2026-10-05,10/5(月),18:30-19:00,18:30,19:00,5歳児以上,1,0,0,延長保育,5歳児以上 1名 → 必要人員0名／保育標準時間外（延長保育）／0歳児 2名 × 1/3 = 0.6（小数第2位以下切捨て）／1歳児・2歳児 6名 × 1/6 = 1.0（小数第2位以下切捨て）／3歳児 3名 × 1/20 = 0.1（小数第2位以下切捨て）／4歳児・5歳児以上 3名 × 1/30 = 0.1（小数第2位以下切捨て）／合計 ＋ 1 → 四捨五入 = 3名／うち保育士2名（比率50%）,True
2026-10-05,10/5(月),19:00-19:30,19:00,19:30,0歳児,1,1,1,延長保育,0歳児 1名 → 必要人員1名／保育標準時間外（延長保育）／0歳児 1名 × 1/3 = 0.3（小数第2位以下切捨て）／1歳児・2歳児 4名 × 1/6 = 0.6（小数第2位以下切捨て）／3歳児 3名 × 1/20 = 0.1（小数第2位以下切捨て）／5歳児以上 1名 × 1/30 = 0.0（小数第2位以下切捨て）／合計 ＋ 1 → 四捨五入 = 2名／うち保育士1名（比率50%）,True
2026-10-05,10/5(月),19:00-19:30,19:00,19:30,1歳児,3,1,0,延長保育,1歳児 3名 → 必要人員1名／保育標準時間外（延長保育）／0歳児 1名 × 1/3 = 0.3（小数第2位以下切捨て）／1歳児・2歳児 4名 × 1/6 = 0.6（小数第2位以下切捨て）／3歳児 3名 × 1/20 = 0.1（小数第2位以下切捨て）／5歳児以上 1名 × 1/30 = 0.0（小数第2位以下切捨て）／合計 ＋ 1 → 四捨五入 = 2名／うち保育士1名（比率50%）,True
2026-10-05,10/5(月),19:00-19:30,19:00,19:30,2歳児,1,0,0,延長保育,2歳児 1名 → 必要人員0名／保育標準時間外（延長保育）／0歳児 1名 × 1/3 = 0.3（小数第2位以下切捨て）／1歳児・2歳児 4名 × 1/6 = 0.6（小数第2位以下切捨て）／3歳児 3名 × 1/20 = 0.1（小数第2位以下切捨て）／5歳児以上 1名 × 1/30 = 0.0（小数第2位以下切捨て）／合計 ＋ 1 → 四捨五入 = 2名／うち保育士1名（比率50%）,True
2026-10-05,10/5(月),19:00-19:30,19:00,19:30,3歳児,3,0,0,延長保育,3歳児 3名 → 必要人員0名／保育標準時間外（延長保育）／0歳児 1名 × 1/3 = 0.3（小数第2位以下切捨て）／1歳児・2歳児 4名 × 1/6 = 0.6（小数第2位以下切捨て）／3歳児 3名 × 1/20 = 0.1（小数第2位以下切捨て）／5歳児以上 1名 × 1/30 = 0.0（小数第2位以下切捨て）／合計 ＋ 1 → 四捨五入 = 2名／うち保育士1名（比率50%）,True
2026-10-05,10/5(月),19:00-19:30,19:00,19:30,5歳児以上,1,0,0,延長保育,5歳児以上 1名 → 必要人員0名／保育標準時間外（延長保育）／0歳児 1名 × 1/3 = 0.3（小数第2位以下切捨て）／1歳児・2歳児 4名 × 1/6 = 0.6（小数第2位以下切捨て）／3歳児 3名 × 1/20 = 0.1（小数第2位以下切捨て）／5歳児以上 1名 × 1/30 = 0.0（小数第2位以下切捨て）／合計 ＋ 1 → 四捨五入 = 2名／うち保育士1名（比率50%）,True
2026-10-06,10/6(火),07:00-07:30,07:00,07:30,0歳児,1,2,1,早朝保育,0歳児 1名 → 必要人員1名／早朝保育（保育標準時間前）／0歳児 1名 × 1/3 = 0.3（小数第2位以下切捨て）／5歳児以上 1名 × 1/30 = 0.0（小数第2位以下切捨て）／合計 ＋ 1 → 四捨五入 = 1名／うち保育士1名（比率50%）／2名ルールによる底上げ,True
2026-10-06,10/6(火),07:00-07:30,07:00,07:30,5歳児以上,1,0,0,早朝保育,5歳児以上 1名 → 必要人員0名／早朝保育（保育標準時間前）／0歳児 1名 × 1/3 = 0.3（小数第2位以下切捨て）／5歳児以上 1名 × 1/30 = 0.0（小数第2位以下切捨て）／合計 ＋ 1 → 四捨五入 = 1名／うち保育士1名（比率50%）,True
2026-10-06,10/6(火),07:30-08:00,07:30,08:00,0歳児,3,1,1,早朝保育,0歳児 3名 → 必要人員1名／早朝保育（保育標準時間前）／0歳児 3名 × 1/3 = 1.0（小数第2位以下切捨て）／4歳児・5歳児以上 2名 × 1/30 = 0.0（小数第2位以下切捨て）／合計 ＋ 1 → 四捨五入 = 2名／うち保育士1名（比率50%）,True
2026-10-06,10/6(火),07:30-08:00,07:30,08:00,4歳児,1,1,0,早朝保育,4歳児 1名 → 必要人員1名／早朝保育（保育標準時間前）／0歳児 3名 × 1/3 = 1.0（小数第2位以下切捨て）／4歳児・5歳児以上 2名 × 1/30 = 0.0（小数第2位以下切捨て）／合計 ＋ 1 → 四捨五入 = 2名／うち保育士1名（比率50%）,True
2026-10-06,10/6(火),07:30-08:00,07:30,08:00,5歳児以上,1,0,0,早朝保育,5歳児以上 1名 → 必要人員0名／早朝保育（保育標準時間前）／0歳児 3名 × 1/3 = 1.0（小数第2位以下切捨て）／4歳児・5歳児以上 2名 × 1/30 = 0.0（小数第2位以下切捨て）／合計 ＋ 1 → 四捨五入 = 2名／うち保育士1名（比率50%）,True
2026-10-06,10/6(火),08:00-08:30,08:00,08:30,0歳児,7,2,1,早朝保育,0歳児 7名 → 必要人員2名／早朝保育（保育標準時間前）／0歳児 7名 × 1/3 = 2.3（小数第2位以下切捨て）／1歳児・2歳児 10名 × 1/6 = 1.6（小数第2位以下切捨て）／3歳児 3名 × 1/20 = 0.1（小数第2位以下切捨て）／4歳児・5歳児以上 5名 × 1/30 = 0.1（小数第2位以下切捨て）／合計 ＋ 1 → 四捨五入 = 5名／うち保育士3名（比率50%）,True
2026-10-06,10/6(火),08:00-08:30,08:00,08:30,1歳児,6,1,1,早朝保育,1歳児 6名 → 必要人員1名／早朝保育（保育標準時間前）／0歳児 7名 × 1/3 = 2.3（小数第2位以下切捨て）／1歳児・2歳児 10名 × 1/6 = 1.6（小数第2位以下切捨て）／3歳児 3名 × 1/20 = 0.1（小数第2位以下切捨て）／4歳児・5歳児以上 5名 × 1/30 = 0.1（小数第2位以下切捨て）／合計 ＋ 1 → 四捨五入 = 5名／うち保育士3名（比率50%）,True
2026-10-06,10/6(火),08:00-08:30,08:00,08:30,2歳児,4,0,0,早朝保育,2歳児 4名 → 必要人員0名／早朝保育（保育標準時間前）／0歳児 7名 × 1/3 = 2.3（小数第2位以下切捨て）／1歳児・2歳児 10名 × 1/6 = 1.6（小数第2位以下切捨て）／3歳児 3名 × 1/20 = 0.1（小数第2位以下切捨て）／4歳児・5歳児以上 5名 × 1/30 = 0.1（小数第2位以下切捨て）／合計 ＋ 1 → 四捨五入 = 5名／うち保育士3名（比率50%）,True
2026-10-06,10/6(火),08:00-08:30,08:00,08:30,3歳児,3,1,1,早朝保育,3歳児 3名 → 必要人員1名／早朝保育（保育標準時間前）／0歳児 7名 × 1/3 = 2.3（小数第2位以下切捨て）／1歳児・2歳児 10名 × 1/6 = 1.6（小数第2位以下切捨て）／3歳児 3名 × 1/20 = 0.1（小数第2位以下切捨て）／4歳児・5歳児以上 5名 × 1/30 = 0.1（小数第2位以下切捨て）／合計 ＋ 1 → 四捨五入 = 5名／うち保育士3名（比率50%）,True
2026-10-06,10/6(火),08:00-08:30,08:00,08:30,4歳児,3,1,0,早朝保育,4歳児 3名 → 必要人員1名／早朝保育（保育標準時間前）／0歳児 7名 × 1/3 = 2.3（小数第2位以下切捨て）／1歳児・2歳児 10名 × 1/6 = 1.6（小数第2位以下切捨て）／3歳児 3名 × 1/20 = 0.1（小数第2位以下切捨て）／4歳児・5歳児以上 5名 × 1/30 = 0.1（小数第2位以下切捨て）／合計 ＋ 1 → 四捨五入 = 5名／うち保育士3名（比率50%）,True
2026-10-06,10/6(火),08:00-08:30,08:00,08:30,5歳児以上,2,0,0,早朝保育,5歳児以上 2名 → 必要人員0名／早朝保育（保育標準時間前）／0歳児 7名 × 1/3 = 2.3（小数第2位以下切捨て）／1歳児・2歳児 10名 × 1/6 = 1.6（小数第2位以下切捨て）／3歳児 3名 × 1/20 = 0.1（小数第2位以下切捨て）／4歳児・5歳児以上 5名 × 1/30 = 0.1（小数第2位以下切捨て）／合計 ＋ 1 → 四捨五入 = 5名／うち保育士3名（比率50%）,True
2026-10-06,10/6(火),08:30-09:00,08:30,09:00,0歳児,8,2,1,保育標準時間,0歳児 8名 → 必要人員2名／保育標準時間／0歳児 8名 × 1/3 = 2.6（小数第2位以下切捨て）／1歳児・2歳児 12名 × 1/6 = 2.0（小数第2位以下切捨て）／3歳児 4名 × 1/20 = 0.2（小数第2位以下切捨て）／4歳児・5歳児以上 6名 × 1/30 = 0.2（小数第2位以下切捨て）／合計 ＋ 1 → 四捨五入 = 6名／うち保育士3名（比率50%）,True
2026-10-06,10/6(火),08:30-09:00,08:30,09:00,1歳児,7,1,1,保育標準時間,1歳児 7名 → 必要人員1名／保育標準時間／0歳児 8名 × 1/3 = 2.6（小数第2位以下切捨て）／1歳児・2歳児 12名 × 1/6 = 2.0（小数第2位以下切捨て）／3歳児 4名 × 1/20 = 0.2（小数第2位以下切捨て）／4歳児・5歳児以上 6名 × 1/30 = 0.2（小数第2位以下切捨て）／合計 ＋ 1 → 四捨五入 = 6名／うち保育士3名（比率50%）,True
2026-10-06,10/6(火),08:30-09:00,08:30,09:00,2歳児,5,1,1,保育標準時間,2歳児 5名 → 必要人員1名／保育標準時間／0歳児 8名 × 1/3 = 2.6（小数第2位以下切捨て）／1歳児・2歳児 12名 × 1/6 = 2.0（小数第2位以下切捨て）／3歳児 4名 × 1/20 = 0.2（小数第2位以下切捨て）／4歳児・5歳児以上 6名 × 1/30 = 0.2（小数第2位以下切捨て）／合計 ＋ 1 → 四捨五入 = 6名／うち保育士3名（比率50%）,True
2026-10-06,10/6(火),08:30-09:00,08:30,09:00,3歳児,4,1,0,保育標準時間,3歳児 4名 → 必要人員1名／保育標準時間／0歳児 8名 × 1/3 = 2.6（小数第2位以下切捨て）／1歳児・2歳児 12名 × 1/6 = 2.0（小数第2位以下切捨て）／3歳児 4名 × 1/20 = 0.2（小数第2位以下切捨て）／4歳児・5歳児以上 6名 × 1/30 = 0.2（小数第2位以下切捨て）／合計 ＋ 1 → 四捨五入 = 6名／うち保育士3名（比率50%）,True
2026-10-06,10/6(火),08:30-09:00,08:30,09:00,4歳児,3,1,0,保育標準時間,4歳児 3名 → 必要人員1名／保育標準時間／0歳児 8名 × 1/3 = 2.6（小数第2位以下切捨て）／1歳児・2歳児 12名 × 1/6 = 2.0（小数第2位以下切捨て）／3歳児 4名 × 1/20 = 0.2（小数第2位以下切捨て）／4歳児・5歳児以上 6名 × 1/30 = 0.2（小数第2位以下切捨て）／合計 ＋ 1 → 四捨五入 = 6名／うち保育士3名（比率50%）,True
2026-10-06,10/6(火),08:30-09:00,08:30,09:00,5歳児以上,3,0,0,保育標準時間,5歳児以上 3名 → 必要人員0名／保育標準時間／0歳児 8名 × 1/3 = 2.6（小数第2位以下切捨て）／1歳児・2歳児 12名 × 1/6 = 2.0（小数第2位以下切捨て）／3歳児 4名 × 1/20 = 0.2（小数第2位以下切捨て）／4歳児・5歳児以上 6名 × 1/30 = 0.2（小数第2位以下切捨て）／合計 ＋ 1 → 四捨五入 = 6名／うち保育士3名（比率50%）,True
2026-10-06,10/6(火),09:00-09:30,09:00,09:30,0歳児,8,2,1,保育標準時間,0歳児 8名 → 必要人員2名／保育標準時間／0歳児 8名 × 1/3 = 2.6（小数第2位以下切捨て）／1歳児・2歳児 13名 × 1/6 = 2.1（小数第2位以下切捨て）／3歳児 4名 × 1/20 = 0.2（小数第2位以下切捨て）／4歳児・5歳児以上 7名 × 1/30 = 0.2（小数第2位以下切捨て）／合計 ＋ 1 → 四捨五入 = 6名／うち保育士3名（比率50%）,True
2026-10-06,10/6(火),09:00-09:30,09:00,09:30,1歳児,7,1,1,保育標準時間,1歳児 7名 → 必要人員1名／保育標準時間／0歳児 8名 × 1/3 = 2.6（小数第2位以下切捨て）／1歳児・2歳児 13名 × 1/6 = 2.1（小数第2位以下切捨て）／3歳児 4名 × 1/20 = 0.2（小数第2位以下切捨て）／4歳児・5歳児以上 7名 × 1/30 = 0.2（小数第2位以下切捨て）／合計 ＋ 1 → 四捨五入 = 6名／うち保育士3名（比率50%）,True
2026-10-06,10/6(火),09:00-09:30,09:00,09:30,2歳児,6,1,1,保育標準時間,2歳児 6名 → 必要人員1名／保育標準時間／0歳児 8名 × 1/3 = 2.6（小数第2位以下切捨て）／1歳児・2歳児 13名 × 1/6 = 2.1（小数第2位以下切捨て）／3歳児 4名 × 1/20 = 0.2（小数第2位以下切捨て）／4歳児・5歳児以上 7名 × 1/30 = 0.2（小数第2位以下切捨て）／合計 ＋ 1 → 四捨五入 = 6名／うち保育士3名（比率50%）,True
2026-10-06,10/6(火),09:00-09:30,09:00,09:30,3歳児,4,1,0,保育標準時間,3歳児 4名 → 必要人員1名／保育標準時間／0歳児 8名 × 1/3 = 2.6（小数第2位以下切捨て）／1歳児・2歳児 13名 × 1/6 = 2.1（小数第2位以下切捨て）／3歳児 4名 × 1/20 = 0.2（小数第2位以下切捨て）／4歳児・5歳児以上 7名 × 1/30 = 0.2（小数第2位以下切捨て）／合計 ＋ 1 → 四捨五入 = 6名／うち保育士3名（比率50%）,True
2026-10-06,10/6(火),09:00-09:30,09:00,09:30,4歳児,3,0,0,保育標準時間,4歳児 3名 → 必要人員0名／保育標準時間／0歳児 8名 × 1/3 = 2.6（小数第2位以下切捨て）／1歳児・2歳児 13名 × 1/6 = 2.1（小数第2位以下切捨て）／3歳児 4名 × 1/20 = 0.2（小数第2位以下切捨て）／4歳児・5歳児以上 7名 × 1/30 = 0.2（小数第2位以下切捨て）／合計 ＋ 1 → 四捨五入 = 6名／うち保育士3名（比率50%）,True
2026-10-06,10/6(火),09:00-09:30,09:00,09:30,5歳児以上,4,1,0,保育標準時間,5歳児以上 4名 → 必要人員1名／保育標準時間／0歳児 8名 × 1/3 = 2.6（小数第2位以下切捨て）／1歳児・2歳児 13名 × 1/6 = 2.1（小数第2位以下切捨て）／3歳児 4名 × 1/20 = 0.2（小数第2位以下切捨て）／4歳児・5歳児以上 7名 × 1/30 = 0.2（小数第2位以下切捨て）／合計 ＋ 1 → 四捨五入 = 6名／うち保育士3名（比率50%）,True
2026-10-06,10/6(火),09:30-10:00,09:30,10:00,0歳児,8,2,1,保育標準時間,0歳児 8名 → 必要人員2名／保育標準時間／0歳児 8名 × 1/3 = 2.6（小数第2位以下切捨て）／1歳児・2歳児 13名 × 1/6 = 2.1（小数第2位以下切捨て）／3歳児 4名 × 1/20 = 0.2（小数第2位以下切捨て）／4歳児・5歳児以上 7名 × 1/30 = 0.2（小数第2位以下切捨て）／合計 ＋ 1 → 四捨五入 = 6名／うち保育士3名（比率50%）,True
2026-10-06,10/6(火),09:30-10:00,09:30,10:00,1歳児,7,1,1,保育標準時間,1歳児 7名 → 必要人員1名／保育標準時間／0歳児 8名 × 1/3 = 2.6（小数第2位以下切捨て）／1歳児・2歳児 13名 × 1/6 = 2.1（小数第2位以下切捨て）／3歳児 4名 × 1/20 = 0.2（小数第2位以下切捨て）／4歳児・5歳児以上 7名 × 1/30 = 0.2（小数第2位以下切捨て）／合計 ＋ 1 → 四捨五入 = 6名／うち保育士3名（比率50%）,True
2026-10-06,10/6(火),09:30-10:00,09:30,10:00,2歳児,6,1,1,保育標準時間,2歳児 6名 → 必要人員1名／保育標準時間／0歳児 8名 × 1/3 = 2.6（小数第2位以下切捨て）／1歳児・2歳児 13名 × 1/6 = 2.1（小数第2位以下切捨て）／3歳児 4名 × 1/20 = 0.2（小数第2位以下切捨て）／4歳児・5歳児以上 7名 × 1/30 = 0.2（小数第2位以下切捨て）／合計 ＋ 1 → 四捨五入 = 6名／うち保育士3名（比率50%）,True
2026-10-06,10/6(火),09:30-10:00,09:30,10:00,3歳児,4,1,0,保育標準時間,3歳児 4名 → 必要人員1名／保育標準時間／0歳児 8名 × 1/3 = 2.6（小数第2位以下切捨て）／1歳児・2歳児 13名 × 1/6 = 2.1（小数第2位以下切捨て）／3歳児 4名 × 1/20 = 0.2（小数第2位以下切捨て）／4歳児・5歳児以上 7名 × 1/30 = 0.2（小数第2位以下切捨て）／合計 ＋ 1 → 四捨五入 = 6名／うち保育士3名（比率50%）,True
2026-10-06,10/6(火),09:30-10:00,09:30,10:00,4歳児,3,0,0,保育標準時間,4歳児 3名 → 必要人員0名／保育標準時間／0歳児 8名 × 1/3 = 2.6（小数第2位以下切捨て）／1歳児・2歳児 13名 × 1/6 = 2.1（小数第2位以下切捨て）／3歳児 4名 × 1/20 = 0.2（小数第2位以下切捨て）／4歳児・5歳児以上 7名 × 1/30 = 0.2（小数第2位以下切捨て）／合計 ＋ 1 → 四捨五入 = 6名／うち保育士3名（比率50%）,True
2026-10-06,10/6(火),09:30-10:00,09:30,10:00,5歳児以上,4,1,0,保育標準時間,5歳児以上 4名 → 必要人員1名／保育標準時間／0歳児 8名 × 1/3 = 2.6（小数第2位以下切捨て）／1歳児・2歳児 13名 × 1/6 = 2.1（小数第2位以下切捨て）／3歳児 4名 × 1/20 = 0.2（小数第2位以下切捨て）／4歳児・5歳児以上 7名 × 1/30 = 0.2（小数第2位以下切捨て）／合計 ＋ 1 → 四捨五入 = 6名／うち保育士3名（比率50%）,True
2026-10-06,10/6(火),10:00-10:30,10:00,10:30,0歳児,8,2,1,保育標準時間,0歳児 8名 → 必要人員2名／保育標準時間／0歳児 8名 × 1/3 = 2.6（小数第2位以下切捨て）／1歳児・2歳児 13名 × 1/6 = 2.1（小数第2位以下切捨て）／3歳児 4名 × 1/20 = 0.2（小数第2位以下切捨て）／4歳児・5歳児以上 7名 × 1/30 = 0.2（小数第2位以下切捨て）／合計 ＋ 1 → 四捨五入 = 6名／うち保育士3名（比率50%）,True
2026-10-06,10/6(火),10:00-10:30,10:00,10:30,1歳児,7,1,1,保育標準時間,1歳児 7名 → 必要人員1名／保育標準時間／0歳児 8名 × 1/3 = 2.6（小数第2位以下切捨て）／1歳児・2歳児 13名 × 1/6 = 2.1（小数第2位以下切捨て）／3歳児 4名 × 1/20 = 0.2（小数第2位以下切捨て）／4歳児・5歳児以上 7名 × 1/30 = 0.2（小数第2位以下切捨て）／合計 ＋ 1 → 四捨五入 = 6名／うち保育士3名（比率50%）,True
2026-10-06,10/6(火),10:00-10:30,10:00,10:30,2歳児,6,1,1,保育標準時間,2歳児 6名 → 必要人員1名／保育標準時間／0歳児 8名 × 1/3 = 2.6（小数第2位以下切捨て）／1歳児・2歳児 13名 × 1/6 = 2.1（小数第2位以下切捨て）／3歳児 4名 × 1/20 = 0.2（小数第2位以下切捨て）／4歳児・5歳児以上 7名 × 1/30 = 0.2（小数第2位以下切捨て）／合計 ＋ 1 → 四捨五入 = 6名／うち保育士3名（比率50%）,True
2026-10-06,10/6(火),10:00-10:30,10:00,10:30,3歳児,4,1,0,保育標準時間,3歳児 4名 → 必要人員1名／保育標準時間／0歳児 8名 × 1/3 = 2.6（小数第2位以下切捨て）／1歳児・2歳児 13名 × 1/6 = 2.1（小数第2位以下切捨て）／3歳児 4名 × 1/20 = 0.2（小数第2位以下切捨て）／4歳児・5歳児以上 7名 × 1/30 = 0.2（小数第2位以下切捨て）／合計 ＋ 1 → 四捨五入 = 6名／うち保育士3名（比率50%）,True
2026-10-06,10/6(火),10:00-10:30,10:00,10:30,4歳児,3,0,0,保育標準時間,4歳児 3名 → 必要人員0名／保育標準時間／0歳児 8名 × 1/3 = 2.6（小数第2位以下切捨て）／1歳児・2歳児 13名 × 1/6 = 2.1（小数第2位以下切捨て）／3歳児 4名 × 1/20 = 0.2（小数第2位以下切捨て）／4歳児・5歳児以上 7名 × 1/30 = 0.2（小数第2位以下切捨て）／合計 ＋ 1 → 四捨五入 = 6名／うち保育士3名（比率50%）,True
2026-10-06,10/6(火),10:00-10:30,10:00,10:30,5歳児以上,4,1,0,保育標準時間,5歳児以上 4名 → 必要人員1名／保育標準時間／0歳児 8名 × 1/3 = 2.6（小数第2位以下切捨て）／1歳児・2歳児 13名 × 1/6 = 2.1（小数第2位以下切捨て）／3歳児 4名 × 1/20 = 0.2（小数第2位以下切捨て）／4歳児・5歳児以上 7名 × 1/30 = 0.2（小数第2位以下切捨て）／合計 ＋ 1 → 四捨五入 = 6名／うち保育士3名（比率50%）,True
2026-10-06,10/6(火),10:30-11:00,10:30,11:00,0歳児,8,2,1,保育標準時間,0歳児 8名 → 必要人員2名／保育標準時間／0歳児 8名 × 1/3 = 2.6（小数第2位以下切捨て）／1歳児・2歳児 13名 × 1/6 = 2.1（小数第2位以下切捨て）／3歳児 4名 × 1/20 = 0.2（小数第2位以下切捨て）／4歳児・5歳児以上 7名 × 1/30 = 0.2（小数第2位以下切捨て）／合計 ＋ 1 → 四捨五入 = 6名／うち保育士3名（比率50%）,True
2026-10-06,10/6(火),10:30-11:00,10:30,11:00,1歳児,7,1,1,保育標準時間,1歳児 7名 → 必要人員1名／保育標準時間／0歳児 8名 × 1/3 = 2.6（小数第2位以下切捨て）／1歳児・2歳児 13名 × 1/6 = 2.1（小数第2位以下切捨て）／3歳児 4名 × 1/20 = 0.2（小数第2位以下切捨て）／4歳児・5歳児以上 7名 × 1/30 = 0.2（小数第2位以下切捨て）／合計 ＋ 1 → 四捨五入 = 6名／うち保育士3名（比率50%）,True
2026-10-06,10/6(火),10:30-11:00,10:30,11:00,2歳児,6,1,1,保育標準時間,2歳児 6名 → 必要人員1名／保育標準時間／0歳児 8名 × 1/3 = 2.6（小数第2位以下切捨て）／1歳児・2歳児 13名 × 1/6 = 2.1（小数第2位以下切捨て）／3歳児 4名 × 1/20 = 0.2（小数第2位以下切捨て）／4歳児・5歳児以上 7名 × 1/30 = 0.2（小数第2位以下切捨て）／合計 ＋ 1 → 四捨五入 = 6名／うち保育士3名（比率50%）,True
2026-10-06,10/6(火),10:30-11:00,10:30,11:00,3歳児,4,1,0,保育標準時間,3歳児 4名 → 必要人員1名／保育標準時間／0歳児 8名 × 1/3 = 2.6（小数第2位以下切捨て）／1歳児・2歳児 13名 × 1/6 = 2.1（小数第2位以下切捨て）／3歳児 4名 × 1/20 = 0.2（小数第2位以下切捨て）／4歳児・5歳児以上 7名 × 1/30 = 0.2（小数第2位以下切捨て）／合計 ＋ 1 → 四捨五入 = 6名／うち保育士3名（比率50%）,True
2026-10-06,10/6(火),10:30-11:00,10:30,11:00,4歳児,3,0,0,保育標準時間,4歳児 3名 → 必要人員0名／保育標準時間／0歳児 8名 × 1/3 = 2.6（小数第2位以下切捨て）／1歳児・2歳児 13名 × 1/6 = 2.1（小数第2位以下切捨て）／3歳児 4名 × 1/20 = 0.2（小数第2位以下切捨て）／4歳児・5歳児以上 7名 × 1/30 = 0.2（小数第2位以下切捨て）／合計 ＋ 1 → 四捨五入 = 6名／うち保育士3名（比率50%）,True
2026-10-06,10/6(火),10:30-11:00,10:30,11:00,5歳児以上,4,1,0,保育標準時間,5歳児以上 4名 → 必要人員1名／保育標準時間／0歳児 8名 × 1/3 = 2.6（小数第2位以下切捨て）／1歳児・2歳児 13名 × 1/6 = 2.1（小数第2位以下切捨て）／3歳児 4名 × 1/20 = 0.2（小数第2位以下切捨て）／4歳児・5歳児以上 7名 × 1/30 = 0.2（小数第2位以下切捨て）／合計 ＋ 1 → 四捨五入 = 6名／うち保育士3名（比率50%）,True
2026-10-06,10/6(火),11:00-11:30,11:00,11:30,0歳児,8,2,1,保育標準時間,0歳児 8名 → 必要人員2名／保育標準時間／0歳児 8名 × 1/3 = 2.6（小数第2位以下切捨て）／1歳児・2歳児 13名 × 1/6 = 2.1（小数第2位以下切捨て）／3歳児 4名 × 1/20 = 0.2（小数第2位以下切捨て）／4歳児・5歳児以上 7名 × 1/30 = 0.2（小数第2位以下切捨て）／合計 ＋ 1 → 四捨五入 = 6名／うち保育士3名（比率50%）,True
2026-10-06,10/6(火),11:00-11:30,11:00,11:30,1歳児,7,1,1,保育標準時間,1歳児 7名 → 必要人員1名／保育標準時間／0歳児 8名 × 1/3 = 2.6（小数第2位以下切捨て）／1歳児・2歳児 13名 × 1/6 = 2.1（小数第2位以下切捨て）／3歳児 4名 × 1/20 = 0.2（小数第2位以下切捨て）／4歳児・5歳児以上 7名 × 1/30 = 0.2（小数第2位以下切捨て）／合計 ＋ 1 → 四捨五入 = 6名／うち保育士3名（比率50%）,True
2026-10-06,10/6(火),11:00-11:30,11:00,11:30,2歳児,6,1,1,保育標準時間,2歳児 6名 → 必要人員1名／保育標準時間／0歳児 8名 × 1/3 = 2.6（小数第2位以下切捨て）／1歳児・2歳児 13名 × 1/6 = 2.1（小数第2位以下切捨て）／3歳児 4名 × 1/20 = 0.2（小数第2位以下切捨て）／4歳児・5歳児以上 7名 × 1/30 = 0.2（小数第2位以下切捨て）／合計 ＋ 1 → 四捨五入 = 6名／うち保育士3名（比率50%）,True
2026-10-06,10/6(火),11:00-11:30,11:00,11:30,3歳児,4,1,0,保育標準時間,3歳児 4名 → 必要人員1名／保育標準時間／0歳児 8名 × 1/3 = 2.6（小数第2位以下切捨て）／1歳児・2歳児 13名 × 1/6 = 2.1（小数第2位以下切捨て）／3歳児 4名 × 1/20 = 0.2（小数第2位以下切捨て）／4歳児・5歳児以上 7名 × 1/30 = 0.2（小数第2位以下切捨て）／合計 ＋ 1 → 四捨五入 = 6名／うち保育士3名（比率50%）,True
2026-10-06,10/6(火),11:00-11:30,11:00,11:30,4歳児,3,0,0,保育標準時間,4歳児 3名 → 必要人員0名／保育標準時間／0歳児 8名 × 1/3 = 2.6（小数第2位以下切捨て）／1歳児・2歳児 13名 × 1/6 = 2.1（小数第2位以下切捨て）／3歳児 4名 × 1/20 = 0.2（小数第2位以下切捨て）／4歳児・5歳児以上 7名 × 1/30 = 0.2（小数第2位以下切捨て）／合計 ＋ 1 → 四捨五入 = 6名／うち保育士3名（比率50%）,True
2026-10-06,10/6(火),11:00-11:30,11:00,11:30,5歳児以上,4,1,0,保育標準時間,5歳児以上 4名 → 必要人員1名／保育標準時間／0歳児 8名 × 1/3 = 2.6（小数第2位以下切捨て）／1歳児・2歳児 13名 × 1/6 = 2.1（小数第2位以下切捨て）／3歳児 4名 × 1/20 = 0.2（小数第2位以下切捨て）／4歳児・5歳児以上 7名 × 1/30 = 0.2（小数第2位以下切捨て）／合計 ＋ 1 → 四捨五入 = 6名／うち保育士3名（比率50%）,True
2026-10-06,10/6(火),11:30-12:00,11:30,12:00,0歳児,8,2,1,保育標準時間,0歳児 8名 → 必要人員2名／保育標準時間／0歳児 8名 × 1/3 = 2.6（小数第2位以下切捨て）／1歳児・2歳児 13名 × 1/6 = 2.1（小数第2位以下切捨て）／3歳児 4名 × 1/20 = 0.2（小数第2位以下切捨て）／4歳児・5歳児以上 7名 × 1/30 = 0.2（小数第2位以下切捨て）／合計 ＋ 1 → 四捨五入 = 6名／うち保育士3名（比率50%）,True
2026-10-06,10/6(火),11:30-12:00,11:30,12:00,1歳児,7,1,1,保育標準時間,1歳児 7名 → 必要人員1名／保育標準時間／0歳児 8名 × 1/3 = 2.6（小数第2位以下切捨て）／1歳児・2歳児 13名 × 1/6 = 2.1（小数第2位以下切捨て）／3歳児 4名 × 1/20 = 0.2（小数第2位以下切捨て）／4歳児・5歳児以上 7名 × 1/30 = 0.2（小数第2位以下切捨て）／合計 ＋ 1 → 四捨五入 = 6名／うち保育士3名（比率50%）,True
2026-10-06,10/6(火),11:30-12:00,11:30,12:00,2歳児,6,1,1,保育標準時間,2歳児 6名 → 必要人員1名／保育標準時間／0歳児 8名 × 1/3 = 2.6（小数第2位以下切捨て）／1歳児・2歳児 13名 × 1/6 = 2.1（小数第2位以下切捨て）／3歳児 4名 × 1/20 = 0.2（小数第2位以下切捨て）／4歳児・5歳児以上 7名 × 1/30 = 0.2（小数第2位以下切捨て）／合計 ＋ 1 → 四捨五入 = 6名／うち保育士3名（比率50%）,True
2026-10-06,10/6(火),11:30-12:00,11:30,12:00,3歳児,4,1,0,保育標準時間,3歳児 4名 → 必要人員1名／保育標準時間／0歳児 8名 × 1/3 = 2.6（小数第2位以下切捨て）／1歳児・2歳児 13名 × 1/6 = 2.1（小数第2位以下切捨て）／3歳児 4名 × 1/20 = 0.2（小数第2位以下切捨て）／4歳児・5歳児以上 7名 × 1/30 = 0.2（小数第2位以下切捨て）／合計 ＋ 1 → 四捨五入 = 6名／うち保育士3名（比率50%）,True
2026-10-06,10/6(火),11:30-12:00,11:30,12:00,4歳児,3,0,0,保育標準時間,4歳児 3名 → 必要人員0名／保育標準時間／0歳児 8名 × 1/3 = 2.6（小数第2位以下切捨て）／1歳児・2歳児 13名 × 1/6 = 2.1（小数第2位以下切捨て）／3歳児 4名 × 1/20 = 0.2（小数第2位以下切捨て）／4歳児・5歳児以上 7名 × 1/30 = 0.2（小数第2位以下切捨て）／合計 ＋ 1 → 四捨五入 = 6名／うち保育士3名（比率50%）,True
2026-10-06,10/6(火),11:30-12:00,11:30,12:00,5歳児以上,4,1,0,保育標準時間,5歳児以上 4名 → 必要人員1名／保育標準時間／0歳児 8名 × 1/3 = 2.6（小数第2位以下切捨て）／1歳児・2歳児 13名 × 1/6 = 2.1（小数第2位以下切捨て）／3歳児 4名 × 1/20 = 0.2（小数第2位以下切捨て）／4歳児・5歳児以上 7名 × 1/30 = 0.2（小数第2位以下切捨て）／合計 ＋ 1 → 四捨五入 = 6名／うち保育士3名（比率50%）,True
2026-10-06,10/6(火),12:00-12:30,12:00,12:30,0歳児,8,2,1,保育標準時間,0歳児 8名 → 必要人員2名／保育標準時間／0歳児 8名 × 1/3 = 2.6（小数第2位以下切捨て）／1歳児・2歳児 13名 × 1/6 = 2.1（小数第2位以下切捨て）／3歳児 4名 × 1/20 = 0.2（小数第2位以下切捨て）／4歳児・5歳児以上 7名 × 1/30 = 0.2（小数第2位以下切捨て）／合計 ＋ 1 → 四捨五入 = 6名／うち保育士3名（比率50%）,True
2026-10-06,10/6(火),12:00-12:30,12:00,12:30,1歳児,7,1,1,保育標準時間,1歳児 7名 → 必要人員1名／保育標準時間／0歳児 8名 × 1/3 = 2.6（小数第2位以下切捨て）／1歳児・2歳児 13名 × 1/6 = 2.1（小数第2位以下切捨て）／3歳児 4名 × 1/20 = 0.2（小数第2位以下切捨て）／4歳児・5歳児以上 7名 × 1/30 = 0.2（小数第2位以下切捨て）／合計 ＋ 1 → 四捨五入 = 6名／うち保育士3名（比率50%）,True
2026-10-06,10/6(火),12:00-12:30,12:00,12:30,2歳児,6,1,1,保育標準時間,2歳児 6名 → 必要人員1名／保育標準時間／0歳児 8名 × 1/3 = 2.6（小数第2位以下切捨て）／1歳児・2歳児 13名 × 1/6 = 2.1（小数第2位以下切捨て）／3歳児 4名 × 1/20 = 0.2（小数第2位以下切捨て）／4歳児・5歳児以上 7名 × 1/30 = 0.2（小数第2位以下切捨て）／合計 ＋ 1 → 四捨五入 = 6名／うち保育士3名（比率50%）,True
2026-10-06,10/6(火),12:00-12:30,12:00,12:30,3歳児,4,1,0,保育標準時間,3歳児 4名 → 必要人員1名／保育標準時間／0歳児 8名 × 1/3 = 2.6（小数第2位以下切捨て）／1歳児・2歳児 13名 × 1/6 = 2.1（小数第2位以下切捨て）／3歳児 4名 × 1/20 = 0.2（小数第2位以下切捨て）／4歳児・5歳児以上 7名 × 1/30 = 0.2（小数第2位以下切捨て）／合計 ＋ 1 → 四捨五入 = 6名／うち保育士3名（比率50%）,True
2026-10-06,10/6(火),12:00-12:30,12:00,12:30,4歳児,3,0,0,保育標準時間,4歳児 3名 → 必要人員0名／保育標準時間／0歳児 8名 × 1/3 = 2.6（小数第2位以下切捨て）／1歳児・2歳児 13名 × 1/6 = 2.1（小数第2位以下切捨て）／3歳児 4名 × 1/20 = 0.2（小数第2位以下切捨て）／4歳児・5歳児以上 7名 × 1/30 = 0.2（小数第2位以下切捨て）／合計 ＋ 1 → 四捨五入 = 6名／うち保育士3名（比率50%）,True
2026-10-06,10/6(火),12:00-12:30,12:00,12:30,5歳児以上,4,1,0,保育標準時間,5歳児以上 4名 → 必要人員1名／保育標準時間／0歳児 8名 × 1/3 = 2.6（小数第2位以下切捨て）／1歳児・2歳児 13名 × 1/6 = 2.1（小数第2位以下切捨て）／3歳児 4名 × 1/20 = 0.2（小数第2位以下切捨て）／4歳児・5歳児以上 7名 × 1/30 = 0.2（小数第2位以下切捨て）／合計 ＋ 1 → 四捨五入 = 6名／うち保育士3名（比率50%）,True
2026-10-06,10/6(火),12:30-13:00,12:30,13:00,0歳児,8,2,1,保育標準時間,0歳児 8名 → 必要人員2名／保育標準時間／0歳児 8名 × 1/3 = 2.6（小数第2位以下切捨て）／1歳児・2歳児 13名 × 1/6 = 2.1（小数第2位以下切捨て）／3歳児 4名 × 1/20 = 0.2（小数第2位以下切捨て）／4歳児・5歳児以上 7名 × 1/30 = 0.2（小数第2位以下切捨て）／合計 ＋ 1 → 四捨五入 = 6名／うち保育士3名（比率50%）,True
2026-10-06,10/6(火),12:30-13:00,12:30,13:00,1歳児,7,1,1,保育標準時間,1歳児 7名 → 必要人員1名／保育標準時間／0歳児 8名 × 1/3 = 2.6（小数第2位以下切捨て）／1歳児・2歳児 13名 × 1/6 = 2.1（小数第2位以下切捨て）／3歳児 4名 × 1/20 = 0.2（小数第2位以下切捨て）／4歳児・5歳児以上 7名 × 1/30 = 0.2（小数第2位以下切捨て）／合計 ＋ 1 → 四捨五入 = 6名／うち保育士3名（比率50%）,True
2026-10-06,10/6(火),12:30-13:00,12:30,13:00,2歳児,6,1,1,保育標準時間,2歳児 6名 → 必要人員1名／保育標準時間／0歳児 8名 × 1/3 = 2.6（小数第2位以下切捨て）／1歳児・2歳児 13名 × 1/6 = 2.1（小数第2位以下切捨て）／3歳児 4名 × 1/20 = 0.2（小数第2位以下切捨て）／4歳児・5歳児以上 7名 × 1/30 = 0.2（小数第2位以下切捨て）／合計 ＋ 1 → 四捨五入 = 6名／うち保育士3名（比率50%）,True
2026-10-06,10/6(火),12:30-13:00,12:30,13:00,3歳児,4,1,0,保育標準時間,3歳児 4名 → 必要人員1名／保育標準時間／0歳児 8名 × 1/3 = 2.6（小数第2位以下切捨て）／1歳児・2歳児 13名 × 1/6 = 2.1（小数第2位以下切捨て）／3歳児 4名 × 1/20 = 0.2（小数第2位以下切捨て）／4歳児・5歳児以上 7名 × 1/30 = 0.2（小数第2位以下切捨て）／合計 ＋ 1 → 四捨五入 = 6名／うち保育士3名（比率50%）,True
2026-10-06,10/6(火),12:30-13:00,12:30,13:00,4歳児,3,0,0,保育標準時間,4歳児 3名 → 必要人員0名／保育標準時間／0歳児 8名 × 1/3 = 2.6（小数第2位以下切捨て）／1歳児・2歳児 13名 × 1/6 = 2.1（小数第2位以下切捨て）／3歳児 4名 × 1/20 = 0.2（小数第2位以下切捨て）／4歳児・5歳児以上 7名 × 1/30 = 0.2（小数第2位以下切捨て）／合計 ＋ 1 → 四捨五入 = 6名／うち保育士3名（比率50%）,True
2026-10-06,10/6(火),12:30-13:00,12:30,13:00,5歳児以上,4,1,0,保育標準時間,5歳児以上 4名 → 必要人員1名／保育標準時間／0歳児 8名 × 1/3 = 2.6（小数第2位以下切捨て）／1歳児・2歳児 13名 × 1/6 = 2.1（小数第2位以下切捨て）／3歳児 4名 × 1/20 = 0.2（小数第2位以下切捨て）／4歳児・5歳児以上 7名 × 1/30 = 0.2（小数第2位以下切捨て）／合計 ＋ 1 → 四捨五入 = 6名／うち保育士3名（比率50%）,True
2026-10-06,10/6(火),13:00-13:30,13:00,13:30,0歳児,8,2,1,保育標準時間,0歳児 8名 → 必要人員2名／保育標準時間／0歳児 8名 × 1/3 = 2.6（小数第2位以下切捨て）／1歳児・2歳児 13名 × 1/6 = 2.1（小数第2位以下切捨て）／3歳児 4名 × 1/20 = 0.2（小数第2位以下切捨て）／4歳児・5歳児以上 7名 × 1/30 = 0.2（小数第2位以下切捨て）／合計 ＋ 1 → 四捨五入 = 6名／うち保育士3名（比率50%）,True
2026-10-06,10/6(火),13:00-13:30,13:00,13:30,1歳児,7,1,1,保育標準時間,1歳児 7名 → 必要人員1名／保育標準時間／0歳児 8名 × 1/3 = 2.6（小数第2位以下切捨て）／1歳児・2歳児 13名 × 1/6 = 2.1（小数第2位以下切捨て）／3歳児 4名 × 1/20 = 0.2（小数第2位以下切捨て）／4歳児・5歳児以上 7名 × 1/30 = 0.2（小数第2位以下切捨て）／合計 ＋ 1 → 四捨五入 = 6名／うち保育士3名（比率50%）,True
2026-10-06,10/6(火),13:00-13:30,13:00,13:30,2歳児,6,1,1,保育標準時間,2歳児 6名 → 必要人員1名／保育標準時間／0歳児 8名 × 1/3 = 2.6（小数第2位以下切捨て）／1歳児・2歳児 13名 × 1/6 = 2.1（小数第2位以下切捨て）／3歳児 4名 × 1/20 = 0.2（小数第2位以下切捨て）／4歳児・5歳児以上 7名 × 1/30 = 0.2（小数第2位以下切捨て）／合計 ＋ 1 → 四捨五入 = 6名／うち保育士3名（比率50%）,True
2026-10-06,10/6(火),13:00-13:30,13:00,13:30,3歳児,4,1,0,保育標準時間,3歳児 4名 → 必要人員1名／保育標準時間／0歳児 8名 × 1/3 = 2.6（小数第2位以下切捨て）／1歳児・2歳児 13名 × 1/6 = 2.1（小数第2位以下切捨て）／3歳児 4名 × 1/20 = 0.2（小数第2位以下切捨て）／4歳児・5歳児以上 7名 × 1/30 = 0.2（小数第2位以下切捨て）／合計 ＋ 1 → 四捨五入 = 6名／うち保育士3名（比率50%）,True
2026-10-06,10/6(火),13:00-13:30,13:00,13:30,4歳児,3,0,0,保育標準時間,4歳児 3名 → 必要人員0名／保育標準時間／0歳児 8名 × 1/3 = 2.6（小数第2位以下切捨て）／1歳児・2歳児 13名 × 1/6 = 2.1（小数第2位以下切捨て）／3歳児 4名 × 1/20 = 0.2（小数第2位以下切捨て）／4歳児・5歳児以上 7名 × 1/30 = 0.2（小数第2位以下切捨て）／合計 ＋ 1 → 四捨五入 = 6名／うち保育士3名（比率50%）,True
2026-10-06,10/6(火),13:00-13:30,13:00,13:30,5歳児以上,4,1,0,保育標準時間,5歳児以上 4名 → 必要人員1名／保育標準時間／0歳児 8名 × 1/3 = 2.6（小数第2位以下切捨て）／1歳児・2歳児 13名 × 1/6 = 2.1（小数第2位以下切捨て）／3歳児 4名 × 1/20 = 0.2（小数第2位以下切捨て）／4歳児・5歳児以上 7名 × 1/30 = 0.2（小数第2位以下切捨て）／合計 ＋ 1 → 四捨五入 = 6名／うち保育士3名（比率50%）,True
2026-10-06,10/6(火),13:30-14:00,13:30,14:00,0歳児,8,2,1,保育標準時間,0歳児 8名 → 必要人員2名／保育標準時間／0歳児 8名 × 1/3 = 2.6（小数第2位以下切捨て）／1歳児・2歳児 13名 × 1/6 = 2.1（小数第2位以下切捨て）／3歳児 4名 × 1/20 = 0.2（小数第2位以下切捨て）／4歳児・5歳児以上 7名 × 1/30 = 0.2（小数第2位以下切捨て）／合計 ＋ 1 → 四捨五入 = 6名／うち保育士3名（比率50%）,True
2026-10-06,10/6(火),13:30-14:00,13:30,14:00,1歳児,7,1,1,保育標準時間,1歳児 7名 → 必要人員1名／保育標準時間／0歳児 8名 × 1/3 = 2.6（小数第2位以下切捨て）／1歳児・2歳児 13名 × 1/6 = 2.1（小数第2位以下切捨て）／3歳児 4名 × 1/20 = 0.2（小数第2位以下切捨て）／4歳児・5歳児以上 7名 × 1/30 = 0.2（小数第2位以下切捨て）／合計 ＋ 1 → 四捨五入 = 6名／うち保育士3名（比率50%）,True
2026-10-06,10/6(火),13:30-14:00,13:30,14:00,2歳児,6,1,1,保育標準時間,2歳児 6名 → 必要人員1名／保育標準時間／0歳児 8名 × 1/3 = 2.6（小数第2位以下切捨て）／1歳児・2歳児 13名 × 1/6 = 2.1（小数第2位以下切捨て）／3歳児 4名 × 1/20 = 0.2（小数第2位以下切捨て）／4歳児・5歳児以上 7名 × 1/30 = 0.2（小数第2位以下切捨て）／合計 ＋ 1 → 四捨五入 = 6名／うち保育士3名（比率50%）,True
2026-10-06,10/6(火),13:30-14:00,13:30,14:00,3歳児,4,1,0,保育標準時間,3歳児 4名 → 必要人員1名／保育標準時間／0歳児 8名 × 1/3 = 2.6（小数第2位以下切捨て）／1歳児・2歳児 13名 × 1/6 = 2.1（小数第2位以下切捨て）／3歳児 4名 × 1/20 = 0.2（小数第2位以下切捨て）／4歳児・5歳児以上 7名 × 1/30 = 0.2（小数第2位以下切捨て）／合計 ＋ 1 → 四捨五入 = 6名／うち保育士3名（比率50%）,True
2026-10-06,10/6(火),13:30-14:00,13:30,14:00,4歳児,3,0,0,保育標準時間,4歳児 3名 → 必要人員0名／保育標準時間／0歳児 8名 × 1/3 = 2.6（小数第2位以下切捨て）／1歳児・2歳児 13名 × 1/6 = 2.1（小数第2位以下切捨て）／3歳児 4名 × 1/20 = 0.2（小数第2位以下切捨て）／4歳児・5歳児以上 7名 × 1/30 = 0.2（小数第2位以下切捨て）／合計 ＋ 1 → 四捨五入 = 6名／うち保育士3名（比率50%）,True
2026-10-06,10/6(火),13:30-14:00,13:30,14:00,5歳児以上,4,1,0,保育標準時間,5歳児以上 4名 → 必要人員1名／保育標準時間／0歳児 8名 × 1/3 = 2.6（小数第2位以下切捨て）／1歳児・2歳児 13名 × 1/6 = 2.1（小数第2位以下切捨て）／3歳児 4名 × 1/20 = 0.2（小数第2位以下切捨て）／4歳児・5歳児以上 7名 × 1/30 = 0.2（小数第2位以下切捨て）／合計 ＋ 1 → 四捨五入 = 6名／うち保育士3名（比率50%）,True
2026-10-06,10/6(火),14:00-14:30,14:00,14:30,0歳児,8,2,1,保育標準時間,0歳児 8名 → 必要人員2名／保育標準時間／0歳児 8名 × 1/3 = 2.6（小数第2位以下切捨て）／1歳児・2歳児 13名 × 1/6 = 2.1（小数第2位以下切捨て）／3歳児 4名 × 1/20 = 0.2（小数第2位以下切捨て）／4歳児・5歳児以上 7名 × 1/30 = 0.2（小数第2位以下切捨て）／合計 ＋ 1 → 四捨五入 = 6名／うち保育士3名（比率50%）,True
2026-10-06,10/6(火),14:00-14:30,14:00,14:30,1歳児,7,1,1,保育標準時間,1歳児 7名 → 必要人員1名／保育標準時間／0歳児 8名 × 1/3 = 2.6（小数第2位以下切捨て）／1歳児・2歳児 13名 × 1/6 = 2.1（小数第2位以下切捨て）／3歳児 4名 × 1/20 = 0.2（小数第2位以下切捨て）／4歳児・5歳児以上 7名 × 1/30 = 0.2（小数第2位以下切捨て）／合計 ＋ 1 → 四捨五入 = 6名／うち保育士3名（比率50%）,True
2026-10-06,10/6(火),14:00-14:30,14:00,14:30,2歳児,6,1,1,保育標準時間,2歳児 6名 → 必要人員1名／保育標準時間／0歳児 8名 × 1/3 = 2.6（小数第2位以下切捨て）／1歳児・2歳児 13名 × 1/6 = 2.1（小数第2位以下切捨て）／3歳児 4名 × 1/20 = 0.2（小数第2位以下切捨て）／4歳児・5歳児以上 7名 × 1/30 = 0.2（小数第2位以下切捨て）／合計 ＋ 1 → 四捨五入 = 6名／うち保育士3名（比率50%）,True
2026-10-06,10/6(火),14:00-14:30,14:00,14:30,3歳児,4,1,0,保育標準時間,3歳児 4名 → 必要人員1名／保育標準時間／0歳児 8名 × 1/3 = 2.6（小数第2位以下切捨て）／1歳児・2歳児 13名 × 1/6 = 2.1（小数第2位以下切捨て）／3歳児 4名 × 1/20 = 0.2（小数第2位以下切捨て）／4歳児・5歳児以上 7名 × 1/30 = 0.2（小数第2位以下切捨て）／合計 ＋ 1 → 四捨五入 = 6名／うち保育士3名（比率50%）,True
2026-10-06,10/6(火),14:00-14:30,14:00,14:30,4歳児,3,0,0,保育標準時間,4歳児 3名 → 必要人員0名／保育標準時間／0歳児 8名 × 1/3 = 2.6（小数第2位以下切捨て）／1歳児・2歳児 13名 × 1/6 = 2.1（小数第2位以下切捨て）／3歳児 4名 × 1/20 = 0.2（小数第2位以下切捨て）／4歳児・5歳児以上 7名 × 1/30 = 0.2（小数第2位以下切捨て）／合計 ＋ 1 → 四捨五入 = 6名／うち保育士3名（比率50%）,True
2026-10-06,10/6(火),14:00-14:30,14:00,14:30,5歳児以上,4,1,0,保育標準時間,5歳児以上 4名 → 必要人員1名／保育標準時間／0歳児 8名 × 1/3 = 2.6（小数第2位以下切捨て）／1歳児・2歳児 13名 × 1/6 = 2.1（小数第2位以下切捨て）／3歳児 4名 × 1/20 = 0.2（小数第2位以下切捨て）／4歳児・5歳児以上 7名 × 1/30 = 0.2（小数第2位以下切捨て）／合計 ＋ 1 → 四捨五入 = 6名／うち保育士3名（比率50%）,True
2026-10-06,10/6(火),14:30-15:00,14:30,15:00,0歳児,6,2,1,保育標準時間,0歳児 6名 → 必要人員2名／保育標準時間／0歳児 6名 × 1/3 = 2.0（小数第2位以下切捨て）／1歳児・2歳児 12名 × 1/6 = 2.0（小数第2位以下切捨て）／3歳児 4名 × 1/20 = 0.2（小数第2位以下切捨て）／4歳児・5歳児以上 6名 × 1/30 = 0.2（小数第2位以下切捨て）／合計 ＋ 1 → 四捨五入 = 5名／うち保育士3名（比率50%）,True
2026-10-06,10/6(火),14:30-15:00,14:30,15:00,1歳児,7,1,1,保育標準時間,1歳児 7名 → 必要人員1名／保育標準時間／0歳児 6名 × 1/3 = 2.0（小数第2位以下切捨て）／1歳児・2歳児 12名 × 1/6 = 2.0（小数第2位以下切捨て）／3歳児 4名 × 1/20 = 0.2（小数第2位以下切捨て）／4歳児・5歳児以上 6名 × 1/30 = 0.2（小数第2位以下切捨て）／合計 ＋ 1 → 四捨五入 = 5名／うち保育士3名（比率50%）,True
2026-10-06,10/6(火),14:30-15:00,14:30,15:00,2歳児,5,0,0,保育標準時間,2歳児 5名 → 必要人員0名／保育標準時間／0歳児 6名 × 1/3 = 2.0（小数第2位以下切捨て）／1歳児・2歳児 12名 × 1/6 = 2.0（小数第2位以下切捨て）／3歳児 4名 × 1/20 = 0.2（小数第2位以下切捨て）／4歳児・5歳児以上 6名 × 1/30 = 0.2（小数第2位以下切捨て）／合計 ＋ 1 → 四捨五入 = 5名／うち保育士3名（比率50%）,True
2026-10-06,10/6(火),14:30-15:00,14:30,15:00,3歳児,4,1,1,保育標準時間,3歳児 4名 → 必要人員1名／保育標準時間／0歳児 6名 × 1/3 = 2.0（小数第2位以下切捨て）／1歳児・2歳児 12名 × 1/6 = 2.0（小数第2位以下切捨て）／3歳児 4名 × 1/20 = 0.2（小数第2位以下切捨て）／4歳児・5歳児以上 6名 × 1/30 = 0.2（小数第2位以下切捨て）／合計 ＋ 1 → 四捨五入 = 5名／うち保育士3名（比率50%）,True
2026-10-06,10/6(火),14:30-15:00,14:30,15:00,4歳児,2,0,0,保育標準時間,4歳児 2名 → 必要人員0名／保育標準時間／0歳児 6名 × 1/3 = 2.0（小数第2位以下切捨て）／1歳児・2歳児 12名 × 1/6 = 2.0（小数第2位以下切捨て）／3歳児 4名 × 1/20 = 0.2（小数第2位以下切捨て）／4歳児・5歳児以上 6名 × 1/30 = 0.2（小数第2位以下切捨て）／合計 ＋ 1 → 四捨五入 = 5名／うち保育士3名（比率50%）,True
2026-10-06,10/6(火),14:30-15:00,14:30,15:00,5歳児以上,4,1,0,保育標準時間,5歳児以上 4名 → 必要人員1名／保育標準時間／0歳児 6名 × 1/3 = 2.0（小数第2位以下切捨て）／1歳児・2歳児 12名 × 1/6 = 2.0（小数第2位以下切捨て）／3歳児 4名 × 1/20 = 0.2（小数第2位以下切捨て）／4歳児・5歳児以上 6名 × 1/30 = 0.2（小数第2位以下切捨て）／合計 ＋ 1 → 四捨五入 = 5名／うち保育士3名（比率50%）,True
2026-10-06,10/6(火),15:00-15:30,15:00,15:30,0歳児,6,2,1,保育標準時間,0歳児 6名 → 必要人員2名／保育標準時間／0歳児 6名 × 1/3 = 2.0（小数第2位以下切捨て）／1歳児・2歳児 12名 × 1/6 = 2.0（小数第2位以下切捨て）／3歳児 4名 × 1/20 = 0.2（小数第2位以下切捨て）／4歳児・5歳児以上 6名 × 1/30 = 0.2（小数第2位以下切捨て）／合計 ＋ 1 → 四捨五入 = 5名／うち保育士3名（比率50%）,True
2026-10-06,10/6(火),15:00-15:30,15:00,15:30,1歳児,7,1,1,保育標準時間,1歳児 7名 → 必要人員1名／保育標準時間／0歳児 6名 × 1/3 = 2.0（小数第2位以下切捨て）／1歳児・2歳児 12名 × 1/6 = 2.0（小数第2位以下切捨て）／3歳児 4名 × 1/20 = 0.2（小数第2位以下切捨て）／4歳児・5歳児以上 6名 × 1/30 = 0.2（小数第2位以下切捨て）／合計 ＋ 1 → 四捨五入 = 5名／うち保育士3名（比率50%）,True
2026-10-06,10/6(火),15:00-15:30,15:00,15:30,2歳児,5,0,0,保育標準時間,2歳児 5名 → 必要人員0名／保育標準時間／0歳児 6名 × 1/3 = 2.0（小数第2位以下切捨て）／1歳児・2歳児 12名 × 1/6 = 2.0（小数第2位以下切捨て）／3歳児 4名 × 1/20 = 0.2（小数第2位以下切捨て）／4歳児・5歳児以上 6名 × 1/30 = 0.2（小数第2位以下切捨て）／合計 ＋ 1 → 四捨五入 = 5名／うち保育士3名（比率50%）,True
2026-10-06,10/6(火),15:00-15:30,15:00,15:30,3歳児,4,1,1,保育標準時間,3歳児 4名 → 必要人員1名／保育標準時間／0歳児 6名 × 1/3 = 2.0（小数第2位以下切捨て）／1歳児・2歳児 12名 × 1/6 = 2.0（小数第2位以下切捨て）／3歳児 4名 × 1/20 = 0.2（小数第2位以下切捨て）／4歳児・5歳児以上 6名 × 1/30 = 0.2（小数第2位以下切捨て）／合計 ＋ 1 → 四捨五入 = 5名／うち保育士3名（比率50%）,True
2026-10-06,10/6(火),15:00-15:30,15:00,15:30,4歳児,2,0,0,保育標準時間,4歳児 2名 → 必要人員0名／保育標準時間／0歳児 6名 × 1/3 = 2.0（小数第2位以下切捨て）／1歳児・2歳児 12名 × 1/6 = 2.0（小数第2位以下切捨て）／3歳児 4名 × 1/20 = 0.2（小数第2位以下切捨て）／4歳児・5歳児以上 6名 × 1/30 = 0.2（小数第2位以下切捨て）／合計 ＋ 1 → 四捨五入 = 5名／うち保育士3名（比率50%）,True
2026-10-06,10/6(火),15:00-15:30,15:00,15:30,5歳児以上,4,1,0,保育標準時間,5歳児以上 4名 → 必要人員1名／保育標準時間／0歳児 6名 × 1/3 = 2.0（小数第2位以下切捨て）／1歳児・2歳児 12名 × 1/6 = 2.0（小数第2位以下切捨て）／3歳児 4名 × 1/20 = 0.2（小数第2位以下切捨て）／4歳児・5歳児以上 6名 × 1/30 = 0.2（小数第2位以下切捨て）／合計 ＋ 1 → 四捨五入 = 5名／うち保育士3名（比率50%）,True
2026-10-06,10/6(火),15:30-16:00,15:30,16:00,0歳児,6,2,1,保育標準時間,0歳児 6名 → 必要人員2名／保育標準時間／0歳児 6名 × 1/3 = 2.0（小数第2位以下切捨て）／1歳児・2歳児 12名 × 1/6 = 2.0（小数第2位以下切捨て）／3歳児 4名 × 1/20 = 0.2（小数第2位以下切捨て）／4歳児・5歳児以上 6名 × 1/30 = 0.2（小数第2位以下切捨て）／合計 ＋ 1 → 四捨五入 = 5名／うち保育士3名（比率50%）,True
2026-10-06,10/6(火),15:30-16:00,15:30,16:00,1歳児,7,1,1,保育標準時間,1歳児 7名 → 必要人員1名／保育標準時間／0歳児 6名 × 1/3 = 2.0（小数第2位以下切捨て）／1歳児・2歳児 12名 × 1/6 = 2.0（小数第2位以下切捨て）／3歳児 4名 × 1/20 = 0.2（小数第2位以下切捨て）／4歳児・5歳児以上 6名 × 1/30 = 0.2（小数第2位以下切捨て）／合計 ＋ 1 → 四捨五入 = 5名／うち保育士3名（比率50%）,True
2026-10-06,10/6(火),15:30-16:00,15:30,16:00,2歳児,5,0,0,保育標準時間,2歳児 5名 → 必要人員0名／保育標準時間／0歳児 6名 × 1/3 = 2.0（小数第2位以下切捨て）／1歳児・2歳児 12名 × 1/6 = 2.0（小数第2位以下切捨て）／3歳児 4名 × 1/20 = 0.2（小数第2位以下切捨て）／4歳児・5歳児以上 6名 × 1/30 = 0.2（小数第2位以下切捨て）／合計 ＋ 1 → 四捨五入 = 5名／うち保育士3名（比率50%）,True
2026-10-06,10/6(火),15:30-16:00,15:30,16:00,3歳児,4,1,1,保育標準時間,3歳児 4名 → 必要人員1名／保育標準時間／0歳児 6名 × 1/3 = 2.0（小数第2位以下切捨て）／1歳児・2歳児 12名 × 1/6 = 2.0（小数第2位以下切捨て）／3歳児 4名 × 1/20 = 0.2（小数第2位以下切捨て）／4歳児・5歳児以上 6名 × 1/30 = 0.2（小数第2位以下切捨て）／合計 ＋ 1 → 四捨五入 = 5名／うち保育士3名（比率50%）,True
2026-10-06,10/6(火),15:30-16:00,15:30,16:00,4歳児,2,0,0,保育標準時間,4歳児 2名 → 必要人員0名／保育標準時間／0歳児 6名 × 1/3 = 2.0（小数第2位以下切捨て）／1歳児・2歳児 12名 × 1/6 = 2.0（小数第2位以下切捨て）／3歳児 4名 × 1/20 = 0.2（小数第2位以下切捨て）／4歳児・5歳児以上 6名 × 1/30 = 0.2（小数第2位以下切捨て）／合計 ＋ 1 → 四捨五入 = 5名／うち保育士3名（比率50%）,True
2026-10-06,10/6(火),15:30-16:00,15:30,16:00,5歳児以上,4,1,0,保育標準時間,5歳児以上 4名 → 必要人員1名／保育標準時間／0歳児 6名 × 1/3 = 2.0（小数第2位以下切捨て）／1歳児・2歳児 12名 × 1/6 = 2.0（小数第2位以下切捨て）／3歳児 4名 × 1/20 = 0.2（小数第2位以下切捨て）／4歳児・5歳児以上 6名 × 1/30 = 0.2（小数第2位以下切捨て）／合計 ＋ 1 → 四捨五入 = 5名／うち保育士3名（比率50%）,True
2026-10-06,10/6(火),16:00-16:30,16:00,16:30,0歳児,6,2,1,保育標準時間,0歳児 6名 → 必要人員2名／保育標準時間／0歳児 6名 × 1/3 = 2.0（小数第2位以下切捨て）／1歳児・2歳児 12名 × 1/6 = 2.0（小数第2位以下切捨て）／3歳児 4名 × 1/20 = 0.2（小数第2位以下切捨て）／4歳児・5歳児以上 6名 × 1/30 = 0.2（小数第2位以下切捨て）／合計 ＋ 1 → 四捨五入 = 5名／うち保育士3名（比率50%）,True
2026-10-06,10/6(火),16:00-16:30,16:00,16:30,1歳児,7,1,1,保育標準時間,1歳児 7名 → 必要人員1名／保育標準時間／0歳児 6名 × 1/3 = 2.0（小数第2位以下切捨て）／1歳児・2歳児 12名 × 1/6 = 2.0（小数第2位以下切捨て）／3歳児 4名 × 1/20 = 0.2（小数第2位以下切捨て）／4歳児・5歳児以上 6名 × 1/30 = 0.2（小数第2位以下切捨て）／合計 ＋ 1 → 四捨五入 = 5名／うち保育士3名（比率50%）,True
2026-10-06,10/6(火),16:00-16:30,16:00,16:30,2歳児,5,0,0,保育標準時間,2歳児 5名 → 必要人員0名／保育標準時間／0歳児 6名 × 1/3 = 2.0（小数第2位以下切捨て）／1歳児・2歳児 12名 × 1/6 = 2.0（小数第2位以下切捨て）／3歳児 4名 × 1/20 = 0.2（小数第2位以下切捨て）／4歳児・5歳児以上 6名 × 1/30 = 0.2（小数第2位以下切捨て）／合計 ＋ 1 → 四捨五入 = 5名／うち保育士3名（比率50%）,True
2026-10-06,10/6(火),16:00-16:30,16:00,16:30,3歳児,4,1,1,保育標準時間,3歳児 4名 → 必要人員1名／保育標準時間／0歳児 6名 × 1/3 = 2.0（小数第2位以下切捨て）／1歳児・2歳児 12名 × 1/6 = 2.0（小数第2位以下切捨て）／3歳児 4名 × 1/20 = 0.2（小数第2位以下切捨て）／4歳児・5歳児以上 6名 × 1/30 = 0.2（小数第2位以下切捨て）／合計 ＋ 1 → 四捨五入 = 5名／うち保育士3名（比率50%）,True
2026-10-06,10/6(火),16:00-16:30,16:00,16:30,4歳児,2,0,0,保育標準時間,4歳児 2名 → 必要人員0名／保育標準時間／0歳児 6名 × 1/3 = 2.0（小数第2位以下切捨て）／1歳児・2歳児 12名 × 1/6 = 2.0（小数第2位以下切捨て）／3歳児 4名 × 1/20 = 0.2（小数第2位以下切捨て）／4歳児・5歳児以上 6名 × 1/30 = 0.2（小数第2位以下切捨て）／合計 ＋ 1 → 四捨五入 = 5名／うち保育士3名（比率50%）,True
2026-10-06,10/6(火),16:00-16:30,16:00,16:30,5歳児以上,4,1,0,保育標準時間,5歳児以上 4名 → 必要人員1名／保育標準時間／0歳児 6名 × 1/3 = 2.0（小数第2位以下切捨て）／1歳児・2歳児 12名 × 1/6 = 2.0（小数第2位以下切捨て）／3歳児 4名 × 1/20 = 0.2（小数第2位以下切捨て）／4歳児・5歳児以上 6名 × 1/30 = 0.2（小数第2位以下切捨て）／合計 ＋ 1 → 四捨五入 = 5名／うち保育士3名（比率50%）,True
2026-10-06,10/6(火),16:30-17:00,16:30,17:00,0歳児,6,2,1,保育標準時間,0歳児 6名 → 必要人員2名／保育標準時間／0歳児 6名 × 1/3 = 2.0（小数第2位以下切捨て）／1歳児・2歳児 12名 × 1/6 = 2.0（小数第2位以下切捨て）／3歳児 4名 × 1/20 = 0.2（小数第2位以下切捨て）／4歳児・5歳児以上 6名 × 1/30 = 0.2（小数第2位以下切捨て）／合計 ＋ 1 → 四捨五入 = 5名／うち保育士3名（比率50%）,True
2026-10-06,10/6(火),16:30-17:00,16:30,17:00,1歳児,7,1,1,保育標準時間,1歳児 7名 → 必要人員1名／保育標準時間／0歳児 6名 × 1/3 = 2.0（小数第2位以下切捨て）／1歳児・2歳児 12名 × 1/6 = 2.0（小数第2位以下切捨て）／3歳児 4名 × 1/20 = 0.2（小数第2位以下切捨て）／4歳児・5歳児以上 6名 × 1/30 = 0.2（小数第2位以下切捨て）／合計 ＋ 1 → 四捨五入 = 5名／うち保育士3名（比率50%）,True
2026-10-06,10/6(火),16:30-17:00,16:30,17:00,2歳児,5,0,0,保育標準時間,2歳児 5名 → 必要人員0名／保育標準時間／0歳児 6名 × 1/3 = 2.0（小数第2位以下切捨て）／1歳児・2歳児 12名 × 1/6 = 2.0（小数第2位以下切捨て）／3歳児 4名 × 1/20 = 0.2（小数第2位以下切捨て）／4歳児・5歳児以上 6名 × 1/30 = 0.2（小数第2位以下切捨て）／合計 ＋ 1 → 四捨五入 = 5名／うち保育士3名（比率50%）,True
2026-10-06,10/6(火),16:30-17:00,16:30,17:00,3歳児,4,1,1,保育標準時間,3歳児 4名 → 必要人員1名／保育標準時間／0歳児 6名 × 1/3 = 2.0（小数第2位以下切捨て）／1歳児・2歳児 12名 × 1/6 = 2.0（小数第2位以下切捨て）／3歳児 4名 × 1/20 = 0.2（小数第2位以下切捨て）／4歳児・5歳児以上 6名 × 1/30 = 0.2（小数第2位以下切捨て）／合計 ＋ 1 → 四捨五入 = 5名／うち保育士3名（比率50%）,True
2026-10-06,10/6(火),16:30-17:00,16:30,17:00,4歳児,2,0,0,保育標準時間,4歳児 2名 → 必要人員0名／保育標準時間／0歳児 6名 × 1/3 = 2.0（小数第2位以下切捨て）／1歳児・2歳児 12名 × 1/6 = 2.0（小数第2位以下切捨て）／3歳児 4名 × 1/20 = 0.2（小数第2位以下切捨て）／4歳児・5歳児以上 6名 × 1/30 = 0.2（小数第2位以下切捨て）／合計 ＋ 1 → 四捨五入 = 5名／うち保育士3名（比率50%）,True
2026-10-06,10/6(火),16:30-17:00,16:30,17:00,5歳児以上,4,1,0,保育標準時間,5歳児以上 4名 → 必要人員1名／保育標準時間／0歳児 6名 × 1/3 = 2.0（小数第2位以下切捨て）／1歳児・2歳児 12名 × 1/6 = 2.0（小数第2位以下切捨て）／3歳児 4名 × 1/20 = 0.2（小数第2位以下切捨て）／4歳児・5歳児以上 6名 × 1/30 = 0.2（小数第2位以下切捨て）／合計 ＋ 1 → 四捨五入 = 5名／うち保育士3名（比率50%）,True
2026-10-06,10/6(火),17:00-17:30,17:00,17:30,0歳児,6,2,1,保育標準時間,0歳児 6名 → 必要人員2名／保育標準時間／0歳児 6名 × 1/3 = 2.0（小数第2位以下切捨て）／1歳児・2歳児 10名 × 1/6 = 1.6（小数第2位以下切捨て）／3歳児 4名 × 1/20 = 0.2（小数第2位以下切捨て）／5歳児以上 3名 × 1/30 = 0.1（小数第2位以下切捨て）／合計 ＋ 1 → 四捨五入 = 5名／うち保育士3名（比率50%）,True
2026-10-06,10/6(火),17:00-17:30,17:00,17:30,1歳児,6,1,1,保育標準時間,1歳児 6名 → 必要人員1名／保育標準時間／0歳児 6名 × 1/3 = 2.0（小数第2位以下切捨て）／1歳児・2歳児 10名 × 1/6 = 1.6（小数第2位以下切捨て）／3歳児 4名 × 1/20 = 0.2（小数第2位以下切捨て）／5歳児以上 3名 × 1/30 = 0.1（小数第2位以下切捨て）／合計 ＋ 1 → 四捨五入 = 5名／うち保育士3名（比率50%）,True
2026-10-06,10/6(火),17:00-17:30,17:00,17:30,2歳児,4,0,0,保育標準時間,2歳児 4名 → 必要人員0名／保育標準時間／0歳児 6名 × 1/3 = 2.0（小数第2位以下切捨て）／1歳児・2歳児 10名 × 1/6 = 1.6（小数第2位以下切捨て）／3歳児 4名 × 1/20 = 0.2（小数第2位以下切捨て）／5歳児以上 3名 × 1/30 = 0.1（小数第2位以下切捨て）／合計 ＋ 1 → 四捨五入 = 5名／うち保育士3名（比率50%）,True
2026-10-06,10/6(火),17:00-17:30,17:00,17:30,3歳児,4,1,1,保育標準時間,3歳児 4名 → 必要人員1名／保育標準時間／0歳児 6名 × 1/3 = 2.0（小数第2位以下切捨て）／1歳児・2歳児 10名 × 1/6 = 1.6（小数第2位以下切捨て）／3歳児 4名 × 1/20 = 0.2（小数第2位以下切捨て）／5歳児以上 3名 × 1/30 = 0.1（小数第2位以下切捨て）／合計 ＋ 1 → 四捨五入 = 5名／うち保育士3名（比率50%）,True
2026-10-06,10/6(火),17:00-17:30,17:00,17:30,5歳児以上,3,1,0,保育標準時間,5歳児以上 3名 → 必要人員1名／保育標準時間／0歳児 6名 × 1/3 = 2.0（小数第2位以下切捨て）／1歳児・2歳児 10名 × 1/6 = 1.6（小数第2位以下切捨て）／3歳児 4名 × 1/20 = 0.2（小数第2位以下切捨て）／5歳児以上 3名 × 1/30 = 0.1（小数第2位以下切捨て）／合計 ＋ 1 → 四捨五入 = 5名／うち保育士3名（比率50%）,True
2026-10-06,10/6(火),17:30-18:00,17:30,18:00,0歳児,3,1,1,保育標準時間,0歳児 3名 → 必要人員1名／保育標準時間／0歳児 3名 × 1/3 = 1.0（小数第2位以下切捨て）／1歳児・2歳児 8名 × 1/6 = 1.3（小数第2位以下切捨て）／3歳児 4名 × 1/20 = 0.2（小数第2位以下切捨て）／5歳児以上 2名 × 1/30 = 0.0（小数第2位以下切捨て）／合計 ＋ 1 → 四捨五入 = 4名／うち保育士2名（比率50%）,True
2026-10-06,10/6(火),17:30-18:00,17:30,18:00,1歳児,4,1,1,保育標準時間,1歳児 4名 → 必要人員1名／保育標準時間／0歳児 3名 × 1/3 = 1.0（小数第2位以下切捨て）／1歳児・2歳児 8名 × 1/6 = 1.3（小数第2位以下切捨て）／3歳児 4名 × 1/20 = 0.2（小数第2位以下切捨て）／5歳児以上 2名 × 1/30 = 0.0（小数第2位以下切捨て）／合計 ＋ 1 → 四捨五入 = 4名／うち保育士2名（比率50%）,True
2026-10-06,10/6(火),17:30-18:00,17:30,18:00,2歳児,4,0,0,保育標準時間,2歳児 4名 → 必要人員0名／保育標準時間／0歳児 3名 × 1/3 = 1.0（小数第2位以下切捨て）／1歳児・2歳児 8名 × 1/6 = 1.3（小数第2位以下切捨て）／3歳児 4名 × 1/20 = 0.2（小数第2位以下切捨て）／5歳児以上 2名 × 1/30 = 0.0（小数第2位以下切捨て）／合計 ＋ 1 → 四捨五入 = 4名／うち保育士2名（比率50%）,True
2026-10-06,10/6(火),17:30-18:00,17:30,18:00,3歳児,4,1,0,保育標準時間,3歳児 4名 → 必要人員1名／保育標準時間／0歳児 3名 × 1/3 = 1.0（小数第2位以下切捨て）／1歳児・2歳児 8名 × 1/6 = 1.3（小数第2位以下切捨て）／3歳児 4名 × 1/20 = 0.2（小数第2位以下切捨て）／5歳児以上 2名 × 1/30 = 0.0（小数第2位以下切捨て）／合計 ＋ 1 → 四捨五入 = 4名／うち保育士2名（比率50%）,True
2026-10-06,10/6(火),17:30-18:00,17:30,18:00,5歳児以上,2,1,0,保育標準時間,5歳児以上 2名 → 必要人員1名／保育標準時間／0歳児 3名 × 1/3 = 1.0（小数第2位以下切捨て）／1歳児・2歳児 8名 × 1/6 = 1.3（小数第2位以下切捨て）／3歳児 4名 × 1/20 = 0.2（小数第2位以下切捨て）／5歳児以上 2名 × 1/30 = 0.0（小数第2位以下切捨て）／合計 ＋ 1 → 四捨五入 = 4名／うち保育士2名（比率50%）,True
2026-10-06,10/6(火),18:00-18:30,18:00,18:30,0歳児,3,1,1,延長保育,0歳児 3名 → 必要人員1名／保育標準時間外（延長保育）／0歳児 3名 × 1/3 = 1.0（小数第2位以下切捨て）／1歳児・2歳児 6名 × 1/6 = 1.0（小数第2位以下切捨て）／3歳児 4名 × 1/20 = 0.2（小数第2位以下切捨て）／合計 ＋ 1 → 四捨五入 = 3名／うち保育士2名（比率50%）,True
2026-10-06,10/6(火),18:00-18:30,18:00,18:30,1歳児,3,1,1,延長保育,1歳児 3名 → 必要人員1名／保育標準時間外（延長保育）／0歳児 3名 × 1/3 = 1.0（小数第2位以下切捨て）／1歳児・2歳児 6名 × 1/6 = 1.0（小数第2位以下切捨て）／3歳児 4名 × 1/20 = 0.2（小数第2位以下切捨て）／合計 ＋ 1 → 四捨五入 = 3名／うち保育士2名（比率50%）,True
2026-10-06,10/6(火),18:00-18:30,18:00,18:30,2歳児,3,0,0,延長保育,2歳児 3名 → 必要人員0名／保育標準時間外（延長保育）／0歳児 3名 × 1/3 = 1.0（小数第2位以下切捨て）／1歳児・2歳児 6名 × 1/6 = 1.0（小数第2位以下切捨て）／3歳児 4名 × 1/20 = 0.2（小数第2位以下切捨て）／合計 ＋ 1 → 四捨五入 = 3名／うち保育士2名（比率50%）,True
2026-10-06,10/6(火),18:00-18:30,18:00,18:30,3歳児,4,1,0,延長保育,3歳児 4名 → 必要人員1名／保育標準時間外（延長保育）／0歳児 3名 × 1/3 = 1.0（小数第2位以下切捨て）／1歳児・2歳児 6名 × 1/6 = 1.0（小数第2位以下切捨て）／3歳児 4名 × 1/20 = 0.2（小数第2位以下切捨て）／合計 ＋ 1 → 四捨五入 = 3名／うち保育士2名（比率50%）,True
2026-10-06,10/6(火),18:30-19:00,18:30,19:00,0歳児,1,1,1,延長保育,0歳児 1名 → 必要人員1名／保育標準時間外（延長保育）／0歳児 1名 × 1/3 = 0.3（小数第2位以下切捨て）／1歳児・2歳児 5名 × 1/6 = 0.8（小数第2位以下切捨て）／3歳児 3名 × 1/20 = 0.1（小数第2位以下切捨て）／合計 ＋ 1 → 四捨五入 = 2名／うち保育士1名（比率50%）,True
2026-10-06,10/6(火),18:30-19:00,18:30,19:00,1歳児,3,1,0,延長保育,1歳児 3名 → 必要人員1名／保育標準時間外（延長保育）／0歳児 1名 × 1/3 = 0.3（小数第2位以下切捨て）／1歳児・2歳児 5名 × 1/6 = 0.8（小数第2位以下切捨て）／3歳児 3名 × 1/20 = 0.1（小数第2位以下切捨て）／合計 ＋ 1 → 四捨五入 = 2名／うち保育士1名（比率50%）,True
2026-10-06,10/6(火),18:30-19:00,18:30,19:00,2歳児,2,0,0,延長保育,2歳児 2名 → 必要人員0名／保育標準時間外（延長保育）／0歳児 1名 × 1/3 = 0.3（小数第2位以下切捨て）／1歳児・2歳児 5名 × 1/6 = 0.8（小数第2位以下切捨て）／3歳児 3名 × 1/20 = 0.1（小数第2位以下切捨て）／合計 ＋ 1 → 四捨五入 = 2名／うち保育士1名（比率50%）,True
2026-10-06,10/6(火),18:30-19:00,18:30,19:00,3歳児,3,0,0,延長保育,3歳児 3名 → 必要人員0名／保育標準時間外（延長保育）／0歳児 1名 × 1/3 = 0.3（小数第2位以下切捨て）／1歳児・2歳児 5名 × 1/6 = 0.8（小数第2位以下切捨て）／3歳児 3名 × 1/20 = 0.1（小数第2位以下切捨て）／合計 ＋ 1 → 四捨五入 = 2名／うち保育士1名（比率50%）,True
2026-10-06,10/6(火),19:00-19:30,19:00,19:30,0歳児,1,1,1,延長保育,0歳児 1名 → 必要人員1名／保育標準時間外（延長保育）／0歳児 1名 × 1/3 = 0.3（小数第2位以下切捨て）／1歳児・2歳児 4名 × 1/6 = 0.6（小数第2位以下切捨て）／3歳児 3名 × 1/20 = 0.1（小数第2位以下切捨て）／合計 ＋ 1 → 四捨五入 = 2名／うち保育士1名（比率50%）,True
2026-10-06,10/6(火),19:00-19:30,19:00,19:30,1歳児,3,1,0,延長保育,1歳児 3名 → 必要人員1名／保育標準時間外（延長保育）／0歳児 1名 × 1/3 = 0.3（小数第2位以下切捨て）／1歳児・2歳児 4名 × 1/6 = 0.6（小数第2位以下切捨て）／3歳児 3名 × 1/20 = 0.1（小数第2位以下切捨て）／合計 ＋ 1 → 四捨五入 = 2名／うち保育士1名（比率50%）,True
2026-10-06,10/6(火),19:00-19:30,19:00,19:30,2歳児,1,0,0,延長保育,2歳児 1名 → 必要人員0名／保育標準時間外（延長保育）／0歳児 1名 × 1/3 = 0.3（小数第2位以下切捨て）／1歳児・2歳児 4名 × 1/6 = 0.6（小数第2位以下切捨て）／3歳児 3名 × 1/20 = 0.1（小数第2位以下切捨て）／合計 ＋ 1 → 四捨五入 = 2名／うち保育士1名（比率50%）,True
2026-10-06,10/6(火),19:00-19:30,19:00,19:30,3歳児,3,0,0,延長保育,3歳児 3名 → 必要人員0名／保育標準時間外（延長保育）／0歳児 1名 × 1/3 = 0.3（小数第2位以下切捨て）／1歳児・2歳児 4名 × 1/6 = 0.6（小数第2位以下切捨て）／3歳児 3名 × 1/20 = 0.1（小数第2位以下切捨て）／合計 ＋ 1 → 四捨五入 = 2名／うち保育士1名（比率50%）,True
2026-10-07,10/7(水),07:00-07:30,07:00,07:30,0歳児,1,2,1,早朝保育,0歳児 1名 → 必要人員1名／早朝保育（保育標準時間前）／0歳児 1名 × 1/3 = 0.3（小数第2位以下切捨て）／5歳児以上 1名 × 1/30 = 0.0（小数第2位以下切捨て）／合計 ＋ 1 → 四捨五入 = 1名／うち保育士1名（比率50%）／2名ルールによる底上げ,True
2026-10-07,10/7(水),07:00-07:30,07:00,07:30,5歳児以上,1,0,0,早朝保育,5歳児以上 1名 → 必要人員0名／早朝保育（保育標準時間前）／0歳児 1名 × 1/3 = 0.3（小数第2位以下切捨て）／5歳児以上 1名 × 1/30 = 0.0（小数第2位以下切捨て）／合計 ＋ 1 → 四捨五入 = 1名／うち保育士1名（比率50%）,True
2026-10-07,10/7(水),07:30-08:00,07:30,08:00,0歳児,3,1,1,早朝保育,0歳児 3名 → 必要人員1名／早朝保育（保育標準時間前）／0歳児 3名 × 1/3 = 1.0（小数第2位以下切捨て）／4歳児・5歳児以上 2名 × 1/30 = 0.0（小数第2位以下切捨て）／合計 ＋ 1 → 四捨五入 = 2名／うち保育士1名（比率50%）,True
2026-10-07,10/7(水),07:30-08:00,07:30,08:00,4歳児,1,1,0,早朝保育,4歳児 1名 → 必要人員1名／早朝保育（保育標準時間前）／0歳児 3名 × 1/3 = 1.0（小数第2位以下切捨て）／4歳児・5歳児以上 2名 × 1/30 = 0.0（小数第2位以下切捨て）／合計 ＋ 1 → 四捨五入 = 2名／うち保育士1名（比率50%）,True
2026-10-07,10/7(水),07:30-08:00,07:30,08:00,5歳児以上,1,0,0,早朝保育,5歳児以上 1名 → 必要人員0名／早朝保育（保育標準時間前）／0歳児 3名 × 1/3 = 1.0（小数第2位以下切捨て）／4歳児・5歳児以上 2名 × 1/30 = 0.0（小数第2位以下切捨て）／合計 ＋ 1 → 四捨五入 = 2名／うち保育士1名（比率50%）,True
2026-10-07,10/7(水),08:00-08:30,08:00,08:30,0歳児,6,1,1,早朝保育,0歳児 6名 → 必要人員1名／早朝保育（保育標準時間前）／0歳児 6名 × 1/3 = 2.0（小数第2位以下切捨て）／1歳児・2歳児 5名 × 1/6 = 0.8（小数第2位以下切捨て）／3歳児 2名 × 1/20 = 0.1（小数第2位以下切捨て）／4歳児・5歳児以上 5名 × 1/30 = 0.1（小数第2位以下切捨て）／合計 ＋ 1 → 四捨五入 = 4名／うち保育士2名（比率50%）,True
2026-10-07,10/7(水),08:00-08:30,08:00,08:30,1歳児,4,1,1,早朝保育,1歳児 4名 → 必要人員1名／早朝保育（保育標準時間前）／0歳児 6名 × 1/3 = 2.0（小数第2位以下切捨て）／1歳児・2歳児 5名 × 1/6 = 0.8（小数第2位以下切捨て）／3歳児 2名 × 1/20 = 0.1（小数第2位以下切捨て）／4歳児・5歳児以上 5名 × 1/30 = 0.1（小数第2位以下切捨て）／合計 ＋ 1 → 四捨五入 = 4名／うち保育士2名（比率50%）,True
2026-10-07,10/7(水),08:00-08:30,08:00,08:30,2歳児,1,0,0,早朝保育,2歳児 1名 → 必要人員0名／早朝保育（保育標準時間前）／0歳児 6名 × 1/3 = 2.0（小数第2位以下切捨て）／1歳児・2歳児 5名 × 1/6 = 0.8（小数第2位以下切捨て）／3歳児 2名 × 1/20 = 0.1（小数第2位以下切捨て）／4歳児・5歳児以上 5名 × 1/30 = 0.1（小数第2位以下切捨て）／合計 ＋ 1 → 四捨五入 = 4名／うち保育士2名（比率50%）,True
2026-10-07,10/7(水),08:00-08:30,08:00,08:30,3歳児,2,1,0,早朝保育,3歳児 2名 → 必要人員1名／早朝保育（保育標準時間前）／0歳児 6名 × 1/3 = 2.0（小数第2位以下切捨て）／1歳児・2歳児 5名 × 1/6 = 0.8（小数第2位以下切捨て）／3歳児 2名 × 1/20 = 0.1（小数第2位以下切捨て）／4歳児・5歳児以上 5名 × 1/30 = 0.1（小数第2位以下切捨て）／合計 ＋ 1 → 四捨五入 = 4名／うち保育士2名（比率50%）,True
2026-10-07,10/7(水),08:00-08:30,08:00,08:30,4歳児,2,0,0,早朝保育,4歳児 2名 → 必要人員0名／早朝保育（保育標準時間前）／0歳児 6名 × 1/3 = 2.0（小数第2位以下切捨て）／1歳児・2歳児 5名 × 1/6 = 0.8（小数第2位以下切捨て）／3歳児 2名 × 1/20 = 0.1（小数第2位以下切捨て）／4歳児・5歳児以上 5名 × 1/30 = 0.1（小数第2位以下切捨て）／合計 ＋ 1 → 四捨五入 = 4名／うち保育士2名（比率50%）,True
2026-10-07,10/7(水),08:00-08:30,08:00,08:30,5歳児以上,3,1,0,早朝保育,5歳児以上 3名 → 必要人員1名／早朝保育（保育標準時間前）／0歳児 6名 × 1/3 = 2.0（小数第2位以下切捨て）／1歳児・2歳児 5名 × 1/6 = 0.8（小数第2位以下切捨て）／3歳児 2名 × 1/20 = 0.1（小数第2位以下切捨て）／4歳児・5歳児以上 5名 × 1/30 = 0.1（小数第2位以下切捨て）／合計 ＋ 1 → 四捨五入 = 4名／うち保育士2名（比率50%）,True
2026-10-07,10/7(水),08:30-09:00,08:30,09:00,0歳児,7,2,1,保育標準時間,0歳児 7名 → 必要人員2名／保育標準時間／0歳児 7名 × 1/3 = 2.3（小数第2位以下切捨て）／1歳児・2歳児 11名 × 1/6 = 1.8（小数第2位以下切捨て）／3歳児 4名 × 1/20 = 0.2（小数第2位以下切捨て）／4歳児・5歳児以上 8名 × 1/30 = 0.2（小数第2位以下切捨て）／合計 ＋ 1 → 四捨五入 = 6名／うち保育士3名（比率50%）,True
2026-10-07,10/7(水),08:30-09:00,08:30,09:00,1歳児,7,1,1,保育標準時間,1歳児 7名 → 必要人員1名／保育標準時間／0歳児 7名 × 1/3 = 2.3（小数第2位以下切捨て）／1歳児・2歳児 11名 × 1/6 = 1.8（小数第2位以下切捨て）／3歳児 4名 × 1/20 = 0.2（小数第2位以下切捨て）／4歳児・5歳児以上 8名 × 1/30 = 0.2（小数第2位以下切捨て）／合計 ＋ 1 → 四捨五入 = 6名／うち保育士3名（比率50%）,True
2026-10-07,10/7(水),08:30-09:00,08:30,09:00,2歳児,4,1,1,保育標準時間,2歳児 4名 → 必要人員1名／保育標準時間／0歳児 7名 × 1/3 = 2.3（小数第2位以下切捨て）／1歳児・2歳児 11名 × 1/6 = 1.8（小数第2位以下切捨て）／3歳児 4名 × 1/20 = 0.2（小数第2位以下切捨て）／4歳児・5歳児以上 8名 × 1/30 = 0.2（小数第2位以下切捨て）／合計 ＋ 1 → 四捨五入 = 6名／うち保育士3名（比率50%）,True
2026-10-07,10/7(水),08:30-09:00,08:30,09:00,3歳児,4,1,0,保育標準時間,3歳児 4名 → 必要人員1名／保育標準時間／0歳児 7名 × 1/3 = 2.3（小数第2位以下切捨て）／1歳児・2歳児 11名 × 1/6 = 1.8（小数第2位以下切捨て）／3歳児 4名 × 1/20 = 0.2（小数第2位以下切捨て）／4歳児・5歳児以上 8名 × 1/30 = 0.2（小数第2位以下切捨て）／合計 ＋ 1 → 四捨五入 = 6名／うち保育士3名（比率50%）,True
2026-10-07,10/7(水),08:30-09:00,08:30,09:00,4歳児,4,1,0,保育標準時間,4歳児 4名 → 必要人員1名／保育標準時間／0歳児 7名 × 1/3 = 2.3（小数第2位以下切捨て）／1歳児・2歳児 11名 × 1/6 = 1.8（小数第2位以下切捨て）／3歳児 4名 × 1/20 = 0.2（小数第2位以下切捨て）／4歳児・5歳児以上 8名 × 1/30 = 0.2（小数第2位以下切捨て）／合計 ＋ 1 → 四捨五入 = 6名／うち保育士3名（比率50%）,True
2026-10-07,10/7(水),08:30-09:00,08:30,09:00,5歳児以上,4,0,0,保育標準時間,5歳児以上 4名 → 必要人員0名／保育標準時間／0歳児 7名 × 1/3 = 2.3（小数第2位以下切捨て）／1歳児・2歳児 11名 × 1/6 = 1.8（小数第2位以下切捨て）／3歳児 4名 × 1/20 = 0.2（小数第2位以下切捨て）／4歳児・5歳児以上 8名 × 1/30 = 0.2（小数第2位以下切捨て）／合計 ＋ 1 → 四捨五入 = 6名／うち保育士3名（比率50%）,True
2026-10-07,10/7(水),09:00-09:30,09:00,09:30,0歳児,7,2,1,保育標準時間,0歳児 7名 → 必要人員2名／保育標準時間／0歳児 7名 × 1/3 = 2.3（小数第2位以下切捨て）／1歳児・2歳児 13名 × 1/6 = 2.1（小数第2位以下切捨て）／3歳児 5名 × 1/20 = 0.2（小数第2位以下切捨て）／4歳児・5歳児以上 8名 × 1/30 = 0.2（小数第2位以下切捨て）／合計 ＋ 1 → 四捨五入 = 6名／うち保育士3名（比率50%）,True
2026-10-07,10/7(水),09:00-09:30,09:00,09:30,1歳児,7,1,1,保育標準時間,1歳児 7名 → 必要人員1名／保育標準時間／0歳児 7名 × 1/3 = 2.3（小数第2位以下切捨て）／1歳児・2歳児 13名 × 1/6 = 2.1（小数第2位以下切捨て）／3歳児 5名 × 1/20 = 0.2（小数第2位以下切捨て）／4歳児・5歳児以上 8名 × 1/30 = 0.2（小数第2位以下切捨て）／合計 ＋ 1 → 四捨五入 = 6名／うち保育士3名（比率50%）,True
2026-10-07,10/7(水),09:00-09:30,09:00,09:30,2歳児,6,1,1,保育標準時間,2歳児 6名 → 必要人員1名／保育標準時間／0歳児 7名 × 1/3 = 2.3（小数第2位以下切捨て）／1歳児・2歳児 13名 × 1/6 = 2.1（小数第2位以下切捨て）／3歳児 5名 × 1/20 = 0.2（小数第2位以下切捨て）／4歳児・5歳児以上 8名 × 1/30 = 0.2（小数第2位以下切捨て）／合計 ＋ 1 → 四捨五入 = 6名／うち保育士3名（比率50%）,True
2026-10-07,10/7(水),09:00-09:30,09:00,09:30,3歳児,5,1,0,保育標準時間,3歳児 5名 → 必要人員1名／保育標準時間／0歳児 7名 × 1/3 = 2.3（小数第2位以下切捨て）／1歳児・2歳児 13名 × 1/6 = 2.1（小数第2位以下切捨て）／3歳児 5名 × 1/20 = 0.2（小数第2位以下切捨て）／4歳児・5歳児以上 8名 × 1/30 = 0.2（小数第2位以下切捨て）／合計 ＋ 1 → 四捨五入 = 6名／うち保育士3名（比率50%）,True
2026-10-07,10/7(水),09:00-09:30,09:00,09:30,4歳児,4,1,0,保育標準時間,4歳児 4名 → 必要人員1名／保育標準時間／0歳児 7名 × 1/3 = 2.3（小数第2位以下切捨て）／1歳児・2歳児 13名 × 1/6 = 2.1（小数第2位以下切捨て）／3歳児 5名 × 1/20 = 0.2（小数第2位以下切捨て）／4歳児・5歳児以上 8名 × 1/30 = 0.2（小数第2位以下切捨て）／合計 ＋ 1 → 四捨五入 = 6名／うち保育士3名（比率50%）,True
2026-10-07,10/7(水),09:00-09:30,09:00,09:30,5歳児以上,4,0,0,保育標準時間,5歳児以上 4名 → 必要人員0名／保育標準時間／0歳児 7名 × 1/3 = 2.3（小数第2位以下切捨て）／1歳児・2歳児 13名 × 1/6 = 2.1（小数第2位以下切捨て）／3歳児 5名 × 1/20 = 0.2（小数第2位以下切捨て）／4歳児・5歳児以上 8名 × 1/30 = 0.2（小数第2位以下切捨て）／合計 ＋ 1 → 四捨五入 = 6名／うち保育士3名（比率50%）,True
2026-10-07,10/7(水),09:30-10:00,09:30,10:00,0歳児,7,2,1,保育標準時間,0歳児 7名 → 必要人員2名／保育標準時間／0歳児 7名 × 1/3 = 2.3（小数第2位以下切捨て）／1歳児・2歳児 13名 × 1/6 = 2.1（小数第2位以下切捨て）／3歳児 5名 × 1/20 = 0.2（小数第2位以下切捨て）／4歳児・5歳児以上 8名 × 1/30 = 0.2（小数第2位以下切捨て）／合計 ＋ 1 → 四捨五入 = 6名／うち保育士3名（比率50%）,True
2026-10-07,10/7(水),09:30-10:00,09:30,10:00,1歳児,7,1,1,保育標準時間,1歳児 7名 → 必要人員1名／保育標準時間／0歳児 7名 × 1/3 = 2.3（小数第2位以下切捨て）／1歳児・2歳児 13名 × 1/6 = 2.1（小数第2位以下切捨て）／3歳児 5名 × 1/20 = 0.2（小数第2位以下切捨て）／4歳児・5歳児以上 8名 × 1/30 = 0.2（小数第2位以下切捨て）／合計 ＋ 1 → 四捨五入 = 6名／うち保育士3名（比率50%）,True
2026-10-07,10/7(水),09:30-10:00,09:30,10:00,2歳児,6,1,1,保育標準時間,2歳児 6名 → 必要人員1名／保育標準時間／0歳児 7名 × 1/3 = 2.3（小数第2位以下切捨て）／1歳児・2歳児 13名 × 1/6 = 2.1（小数第2位以下切捨て）／3歳児 5名 × 1/20 = 0.2（小数第2位以下切捨て）／4歳児・5歳児以上 8名 × 1/30 = 0.2（小数第2位以下切捨て）／合計 ＋ 1 → 四捨五入 = 6名／うち保育士3名（比率50%）,True
2026-10-07,10/7(水),09:30-10:00,09:30,10:00,3歳児,5,1,0,保育標準時間,3歳児 5名 → 必要人員1名／保育標準時間／0歳児 7名 × 1/3 = 2.3（小数第2位以下切捨て）／1歳児・2歳児 13名 × 1/6 = 2.1（小数第2位以下切捨て）／3歳児 5名 × 1/20 = 0.2（小数第2位以下切捨て）／4歳児・5歳児以上 8名 × 1/30 = 0.2（小数第2位以下切捨て）／合計 ＋ 1 → 四捨五入 = 6名／うち保育士3名（比率50%）,True
2026-10-07,10/7(水),09:30-10:00,09:30,10:00,4歳児,4,1,0,保育標準時間,4歳児 4名 → 必要人員1名／保育標準時間／0歳児 7名 × 1/3 = 2.3（小数第2位以下切捨て）／1歳児・2歳児 13名 × 1/6 = 2.1（小数第2位以下切捨て）／3歳児 5名 × 1/20 = 0.2（小数第2位以下切捨て）／4歳児・5歳児以上 8名 × 1/30 = 0.2（小数第2位以下切捨て）／合計 ＋ 1 → 四捨五入 = 6名／うち保育士3名（比率50%）,True
2026-10-07,10/7(水),09:30-10:00,09:30,10:00,5歳児以上,4,0,0,保育標準時間,5歳児以上 4名 → 必要人員0名／保育標準時間／0歳児 7名 × 1/3 = 2.3（小数第2位以下切捨て）／1歳児・2歳児 13名 × 1/6 = 2.1（小数第2位以下切捨て）／3歳児 5名 × 1/20 = 0.2（小数第2位以下切捨て）／4歳児・5歳児以上 8名 × 1/30 = 0.2（小数第2位以下切捨て）／合計 ＋ 1 → 四捨五入 = 6名／うち保育士3名（比率50%）,True
2026-10-07,10/7(水),10:00-10:30,10:00,10:30,0歳児,7,2,1,保育標準時間,0歳児 7名 → 必要人員2名／保育標準時間／0歳児 7名 × 1/3 = 2.3（小数第2位以下切捨て）／1歳児・2歳児 13名 × 1/6 = 2.1（小数第2位以下切捨て）／3歳児 5名 × 1/20 = 0.2（小数第2位以下切捨て）／4歳児・5歳児以上 8名 × 1/30 = 0.2（小数第2位以下切捨て）／合計 ＋ 1 → 四捨五入 = 6名／うち保育士3名（比率50%）,True
2026-10-07,10/7(水),10:00-10:30,10:00,10:30,1歳児,7,1,1,保育標準時間,1歳児 7名 → 必要人員1名／保育標準時間／0歳児 7名 × 1/3 = 2.3（小数第2位以下切捨て）／1歳児・2歳児 13名 × 1/6 = 2.1（小数第2位以下切捨て）／3歳児 5名 × 1/20 = 0.2（小数第2位以下切捨て）／4歳児・5歳児以上 8名 × 1/30 = 0.2（小数第2位以下切捨て）／合計 ＋ 1 → 四捨五入 = 6名／うち保育士3名（比率50%）,True
2026-10-07,10/7(水),10:00-10:30,10:00,10:30,2歳児,6,1,1,保育標準時間,2歳児 6名 → 必要人員1名／保育標準時間／0歳児 7名 × 1/3 = 2.3（小数第2位以下切捨て）／1歳児・2歳児 13名 × 1/6 = 2.1（小数第2位以下切捨て）／3歳児 5名 × 1/20 = 0.2（小数第2位以下切捨て）／4歳児・5歳児以上 8名 × 1/30 = 0.2（小数第2位以下切捨て）／合計 ＋ 1 → 四捨五入 = 6名／うち保育士3名（比率50%）,True
2026-10-07,10/7(水),10:00-10:30,10:00,10:30,3歳児,5,1,0,保育標準時間,3歳児 5名 → 必要人員1名／保育標準時間／0歳児 7名 × 1/3 = 2.3（小数第2位以下切捨て）／1歳児・2歳児 13名 × 1/6 = 2.1（小数第2位以下切捨て）／3歳児 5名 × 1/20 = 0.2（小数第2位以下切捨て）／4歳児・5歳児以上 8名 × 1/30 = 0.2（小数第2位以下切捨て）／合計 ＋ 1 → 四捨五入 = 6名／うち保育士3名（比率50%）,True
2026-10-07,10/7(水),10:00-10:30,10:00,10:30,4歳児,4,1,0,保育標準時間,4歳児 4名 → 必要人員1名／保育標準時間／0歳児 7名 × 1/3 = 2.3（小数第2位以下切捨て）／1歳児・2歳児 13名 × 1/6 = 2.1（小数第2位以下切捨て）／3歳児 5名 × 1/20 = 0.2（小数第2位以下切捨て）／4歳児・5歳児以上 8名 × 1/30 = 0.2（小数第2位以下切捨て）／合計 ＋ 1 → 四捨五入 = 6名／うち保育士3名（比率50%）,True
2026-10-07,10/7(水),10:00-10:30,10:00,10:30,5歳児以上,4,0,0,保育標準時間,5歳児以上 4名 → 必要人員0名／保育標準時間／0歳児 7名 × 1/3 = 2.3（小数第2位以下切捨て）／1歳児・2歳児 13名 × 1/6 = 2.1（小数第2位以下切捨て）／3歳児 5名 × 1/20 = 0.2（小数第2位以下切捨て）／4歳児・5歳児以上 8名 × 1/30 = 0.2（小数第2位以下切捨て）／合計 ＋ 1 → 四捨五入 = 6名／うち保育士3名（比率50%）,True
2026-10-07,10/7(水),10:30-11:00,10:30,11:00,0歳児,7,2,1,保育標準時間,0歳児 7名 → 必要人員2名／保育標準時間／0歳児 7名 × 1/3 = 2.3（小数第2位以下切捨て）／1歳児・2歳児 13名 × 1/6 = 2.1（小数第2位以下切捨て）／3歳児 5名 × 1/20 = 0.2（小数第2位以下切捨て）／4歳児・5歳児以上 8名 × 1/30 = 0.2（小数第2位以下切捨て）／合計 ＋ 1 → 四捨五入 = 6名／うち保育士3名（比率50%）,True
2026-10-07,10/7(水),10:30-11:00,10:30,11:00,1歳児,7,1,1,保育標準時間,1歳児 7名 → 必要人員1名／保育標準時間／0歳児 7名 × 1/3 = 2.3（小数第2位以下切捨て）／1歳児・2歳児 13名 × 1/6 = 2.1（小数第2位以下切捨て）／3歳児 5名 × 1/20 = 0.2（小数第2位以下切捨て）／4歳児・5歳児以上 8名 × 1/30 = 0.2（小数第2位以下切捨て）／合計 ＋ 1 → 四捨五入 = 6名／うち保育士3名（比率50%）,True
2026-10-07,10/7(水),10:30-11:00,10:30,11:00,2歳児,6,1,1,保育標準時間,2歳児 6名 → 必要人員1名／保育標準時間／0歳児 7名 × 1/3 = 2.3（小数第2位以下切捨て）／1歳児・2歳児 13名 × 1/6 = 2.1（小数第2位以下切捨て）／3歳児 5名 × 1/20 = 0.2（小数第2位以下切捨て）／4歳児・5歳児以上 8名 × 1/30 = 0.2（小数第2位以下切捨て）／合計 ＋ 1 → 四捨五入 = 6名／うち保育士3名（比率50%）,True
2026-10-07,10/7(水),10:30-11:00,10:30,11:00,3歳児,5,1,0,保育標準時間,3歳児 5名 → 必要人員1名／保育標準時間／0歳児 7名 × 1/3 = 2.3（小数第2位以下切捨て）／1歳児・2歳児 13名 × 1/6 = 2.1（小数第2位以下切捨て）／3歳児 5名 × 1/20 = 0.2（小数第2位以下切捨て）／4歳児・5歳児以上 8名 × 1/30 = 0.2（小数第2位以下切捨て）／合計 ＋ 1 → 四捨五入 = 6名／うち保育士3名（比率50%）,True
2026-10-07,10/7(水),10:30-11:00,10:30,11:00,4歳児,4,1,0,保育標準時間,4歳児 4名 → 必要人員1名／保育標準時間／0歳児 7名 × 1/3 = 2.3（小数第2位以下切捨て）／1歳児・2歳児 13名 × 1/6 = 2.1（小数第2位以下切捨て）／3歳児 5名 × 1/20 = 0.2（小数第2位以下切捨て）／4歳児・5歳児以上 8名 × 1/30 = 0.2（小数第2位以下切捨て）／合計 ＋ 1 → 四捨五入 = 6名／うち保育士3名（比率50%）,True
2026-10-07,10/7(水),10:30-11:00,10:30,11:00,5歳児以上,4,0,0,保育標準時間,5歳児以上 4名 → 必要人員0名／保育標準時間／0歳児 7名 × 1/3 = 2.3（小数第2位以下切捨て）／1歳児・2歳児 13名 × 1/6 = 2.1（小数第2位以下切捨て）／3歳児 5名 × 1/20 = 0.2（小数第2位以下切捨て）／4歳児・5歳児以上 8名 × 1/30 = 0.2（小数第2位以下切捨て）／合計 ＋ 1 → 四捨五入 = 6名／うち保育士3名（比率50%）,True
2026-10-07,10/7(水),11:00-11:30,11:00,11:30,0歳児,7,2,1,保育標準時間,0歳児 7名 → 必要人員2名／保育標準時間／0歳児 7名 × 1/3 = 2.3（小数第2位以下切捨て）／1歳児・2歳児 13名 × 1/6 = 2.1（小数第2位以下切捨て）／3歳児 5名 × 1/20 = 0.2（小数第2位以下切捨て）／4歳児・5歳児以上 8名 × 1/30 = 0.2（小数第2位以下切捨て）／合計 ＋ 1 → 四捨五入 = 6名／うち保育士3名（比率50%）,True
2026-10-07,10/7(水),11:00-11:30,11:00,11:30,1歳児,7,1,1,保育標準時間,1歳児 7名 → 必要人員1名／保育標準時間／0歳児 7名 × 1/3 = 2.3（小数第2位以下切捨て）／1歳児・2歳児 13名 × 1/6 = 2.1（小数第2位以下切捨て）／3歳児 5名 × 1/20 = 0.2（小数第2位以下切捨て）／4歳児・5歳児以上 8名 × 1/30 = 0.2（小数第2位以下切捨て）／合計 ＋ 1 → 四捨五入 = 6名／うち保育士3名（比率50%）,True
2026-10-07,10/7(水),11:00-11:30,11:00,11:30,2歳児,6,1,1,保育標準時間,2歳児 6名 → 必要人員1名／保育標準時間／0歳児 7名 × 1/3 = 2.3（小数第2位以下切捨て）／1歳児・2歳児 13名 × 1/6 = 2.1（小数第2位以下切捨て）／3歳児 5名 × 1/20 = 0.2（小数第2位以下切捨て）／4歳児・5歳児以上 8名 × 1/30 = 0.2（小数第2位以下切捨て）／合計 ＋ 1 → 四捨五入 = 6名／うち保育士3名（比率50%）,True
2026-10-07,10/7(水),11:00-11:30,11:00,11:30,3歳児,5,1,0,保育標準時間,3歳児 5名 → 必要人員1名／保育標準時間／0歳児 7名 × 1/3 = 2.3（小数第2位以下切捨て）／1歳児・2歳児 13名 × 1/6 = 2.1（小数第2位以下切捨て）／3歳児 5名 × 1/20 = 0.2（小数第2位以下切捨て）／4歳児・5歳児以上 8名 × 1/30 = 0.2（小数第2位以下切捨て）／合計 ＋ 1 → 四捨五入 = 6名／うち保育士3名（比率50%）,True
2026-10-07,10/7(水),11:00-11:30,11:00,11:30,4歳児,4,1,0,保育標準時間,4歳児 4名 → 必要人員1名／保育標準時間／0歳児 7名 × 1/3 = 2.3（小数第2位以下切捨て）／1歳児・2歳児 13名 × 1/6 = 2.1（小数第2位以下切捨て）／3歳児 5名 × 1/20 = 0.2（小数第2位以下切捨て）／4歳児・5歳児以上 8名 × 1/30 = 0.2（小数第2位以下切捨て）／合計 ＋ 1 → 四捨五入 = 6名／うち保育士3名（比率50%）,True
2026-10-07,10/7(水),11:00-11:30,11:00,11:30,5歳児以上,4,0,0,保育標準時間,5歳児以上 4名 → 必要人員0名／保育標準時間／0歳児 7名 × 1/3 = 2.3（小数第2位以下切捨て）／1歳児・2歳児 13名 × 1/6 = 2.1（小数第2位以下切捨て）／3歳児 5名 × 1/20 = 0.2（小数第2位以下切捨て）／4歳児・5歳児以上 8名 × 1/30 = 0.2（小数第2位以下切捨て）／合計 ＋ 1 → 四捨五入 = 6名／うち保育士3名（比率50%）,True
2026-10-07,10/7(水),11:30-12:00,11:30,12:00,0歳児,7,2,1,保育標準時間,0歳児 7名 → 必要人員2名／保育標準時間／0歳児 7名 × 1/3 = 2.3（小数第2位以下切捨て）／1歳児・2歳児 13名 × 1/6 = 2.1（小数第2位以下切捨て）／3歳児 5名 × 1/20 = 0.2（小数第2位以下切捨て）／4歳児・5歳児以上 8名 × 1/30 = 0.2（小数第2位以下切捨て）／合計 ＋ 1 → 四捨五入 = 6名／うち保育士3名（比率50%）,True
2026-10-07,10/7(水),11:30-12:00,11:30,12:00,1歳児,7,1,1,保育標準時間,1歳児 7名 → 必要人員1名／保育標準時間／0歳児 7名 × 1/3 = 2.3（小数第2位以下切捨て）／1歳児・2歳児 13名 × 1/6 = 2.1（小数第2位以下切捨て）／3歳児 5名 × 1/20 = 0.2（小数第2位以下切捨て）／4歳児・5歳児以上 8名 × 1/30 = 0.2（小数第2位以下切捨て）／合計 ＋ 1 → 四捨五入 = 6名／うち保育士3名（比率50%）,True
2026-10-07,10/7(水),11:30-12:00,11:30,12:00,2歳児,6,1,1,保育標準時間,2歳児 6名 → 必要人員1名／保育標準時間／0歳児 7名 × 1/3 = 2.3（小数第2位以下切捨て）／1歳児・2歳児 13名 × 1/6 = 2.1（小数第2位以下切捨て）／3歳児 5名 × 1/20 = 0.2（小数第2位以下切捨て）／4歳児・5歳児以上 8名 × 1/30 = 0.2（小数第2位以下切捨て）／合計 ＋ 1 → 四捨五入 = 6名／うち保育士3名（比率50%）,True
2026-10-07,10/7(水),11:30-12:00,11:30,12:00,3歳児,5,1,0,保育標準時間,3歳児 5名 → 必要人員1名／保育標準時間／0歳児 7名 × 1/3 = 2.3（小数第2位以下切捨て）／1歳児・2歳児 13名 × 1/6 = 2.1（小数第2位以下切捨て）／3歳児 5名 × 1/20 = 0.2（小数第2位以下切捨て）／4歳児・5歳児以上 8名 × 1/30 = 0.2（小数第2位以下切捨て）／合計 ＋ 1 → 四捨五入 = 6名／うち保育士3名（比率50%）,True
2026-10-07,10/7(水),11:30-12:00,11:30,12:00,4歳児,4,1,0,保育標準時間,4歳児 4名 → 必要人員1名／保育標準時間／0歳児 7名 × 1/3 = 2.3（小数第2位以下切捨て）／1歳児・2歳児 13名 × 1/6 = 2.1（小数第2位以下切捨て）／3歳児 5名 × 1/20 = 0.2（小数第2位以下切捨て）／4歳児・5歳児以上 8名 × 1/30 = 0.2（小数第2位以下切捨て）／合計 ＋ 1 → 四捨五入 = 6名／うち保育士3名（比率50%）,True
2026-10-07,10/7(水),11:30-12:00,11:30,12:00,5歳児以上,4,0,0,保育標準時間,5歳児以上 4名 → 必要人員0名／保育標準時間／0歳児 7名 × 1/3 = 2.3（小数第2位以下切捨て）／1歳児・2歳児 13名 × 1/6 = 2.1（小数第2位以下切捨て）／3歳児 5名 × 1/20 = 0.2（小数第2位以下切捨て）／4歳児・5歳児以上 8名 × 1/30 = 0.2（小数第2位以下切捨て）／合計 ＋ 1 → 四捨五入 = 6名／うち保育士3名（比率50%）,True
2026-10-07,10/7(水),12:00-12:30,12:00,12:30,0歳児,7,2,1,保育標準時間,0歳児 7名 → 必要人員2名／保育標準時間／0歳児 7名 × 1/3 = 2.3（小数第2位以下切捨て）／1歳児・2歳児 13名 × 1/6 = 2.1（小数第2位以下切捨て）／3歳児 5名 × 1/20 = 0.2（小数第2位以下切捨て）／4歳児・5歳児以上 8名 × 1/30 = 0.2（小数第2位以下切捨て）／合計 ＋ 1 → 四捨五入 = 6名／うち保育士3名（比率50%）,True
2026-10-07,10/7(水),12:00-12:30,12:00,12:30,1歳児,7,1,1,保育標準時間,1歳児 7名 → 必要人員1名／保育標準時間／0歳児 7名 × 1/3 = 2.3（小数第2位以下切捨て）／1歳児・2歳児 13名 × 1/6 = 2.1（小数第2位以下切捨て）／3歳児 5名 × 1/20 = 0.2（小数第2位以下切捨て）／4歳児・5歳児以上 8名 × 1/30 = 0.2（小数第2位以下切捨て）／合計 ＋ 1 → 四捨五入 = 6名／うち保育士3名（比率50%）,True
2026-10-07,10/7(水),12:00-12:30,12:00,12:30,2歳児,6,1,1,保育標準時間,2歳児 6名 → 必要人員1名／保育標準時間／0歳児 7名 × 1/3 = 2.3（小数第2位以下切捨て）／1歳児・2歳児 13名 × 1/6 = 2.1（小数第2位以下切捨て）／3歳児 5名 × 1/20 = 0.2（小数第2位以下切捨て）／4歳児・5歳児以上 8名 × 1/30 = 0.2（小数第2位以下切捨て）／合計 ＋ 1 → 四捨五入 = 6名／うち保育士3名（比率50%）,True
2026-10-07,10/7(水),12:00-12:30,12:00,12:30,3歳児,5,1,0,保育標準時間,3歳児 5名 → 必要人員1名／保育標準時間／0歳児 7名 × 1/3 = 2.3（小数第2位以下切捨て）／1歳児・2歳児 13名 × 1/6 = 2.1（小数第2位以下切捨て）／3歳児 5名 × 1/20 = 0.2（小数第2位以下切捨て）／4歳児・5歳児以上 8名 × 1/30 = 0.2（小数第2位以下切捨て）／合計 ＋ 1 → 四捨五入 = 6名／うち保育士3名（比率50%）,True
2026-10-07,10/7(水),12:00-12:30,12:00,12:30,4歳児,4,1,0,保育標準時間,4歳児 4名 → 必要人員1名／保育標準時間／0歳児 7名 × 1/3 = 2.3（小数第2位以下切捨て）／1歳児・2歳児 13名 × 1/6 = 2.1（小数第2位以下切捨て）／3歳児 5名 × 1/20 = 0.2（小数第2位以下切捨て）／4歳児・5歳児以上 8名 × 1/30 = 0.2（小数第2位以下切捨て）／合計 ＋ 1 → 四捨五入 = 6名／うち保育士3名（比率50%）,True
2026-10-07,10/7(水),12:00-12:30,12:00,12:30,5歳児以上,4,0,0,保育標準時間,5歳児以上 4名 → 必要人員0名／保育標準時間／0歳児 7名 × 1/3 = 2.3（小数第2位以下切捨て）／1歳児・2歳児 13名 × 1/6 = 2.1（小数第2位以下切捨て）／3歳児 5名 × 1/20 = 0.2（小数第2位以下切捨て）／4歳児・5歳児以上 8名 × 1/30 = 0.2（小数第2位以下切捨て）／合計 ＋ 1 → 四捨五入 = 6名／うち保育士3名（比率50%）,True
2026-10-07,10/7(水),12:30-13:00,12:30,13:00,0歳児,7,2,1,保育標準時間,0歳児 7名 → 必要人員2名／保育標準時間／0歳児 7名 × 1/3 = 2.3（小数第2位以下切捨て）／1歳児・2歳児 13名 × 1/6 = 2.1（小数第2位以下切捨て）／3歳児 5名 × 1/20 = 0.2（小数第2位以下切捨て）／4歳児・5歳児以上 8名 × 1/30 = 0.2（小数第2位以下切捨て）／合計 ＋ 1 → 四捨五入 = 6名／うち保育士3名（比率50%）,True
2026-10-07,10/7(水),12:30-13:00,12:30,13:00,1歳児,7,1,1,保育標準時間,1歳児 7名 → 必要人員1名／保育標準時間／0歳児 7名 × 1/3 = 2.3（小数第2位以下切捨て）／1歳児・2歳児 13名 × 1/6 = 2.1（小数第2位以下切捨て）／3歳児 5名 × 1/20 = 0.2（小数第2位以下切捨て）／4歳児・5歳児以上 8名 × 1/30 = 0.2（小数第2位以下切捨て）／合計 ＋ 1 → 四捨五入 = 6名／うち保育士3名（比率50%）,True
2026-10-07,10/7(水),12:30-13:00,12:30,13:00,2歳児,6,1,1,保育標準時間,2歳児 6名 → 必要人員1名／保育標準時間／0歳児 7名 × 1/3 = 2.3（小数第2位以下切捨て）／1歳児・2歳児 13名 × 1/6 = 2.1（小数第2位以下切捨て）／3歳児 5名 × 1/20 = 0.2（小数第2位以下切捨て）／4歳児・5歳児以上 8名 × 1/30 = 0.2（小数第2位以下切捨て）／合計 ＋ 1 → 四捨五入 = 6名／うち保育士3名（比率50%）,True
2026-10-07,10/7(水),12:30-13:00,12:30,13:00,3歳児,5,1,0,保育標準時間,3歳児 5名 → 必要人員1名／保育標準時間／0歳児 7名 × 1/3 = 2.3（小数第2位以下切捨て）／1歳児・2歳児 13名 × 1/6 = 2.1（小数第2位以下切捨て）／3歳児 5名 × 1/20 = 0.2（小数第2位以下切捨て）／4歳児・5歳児以上 8名 × 1/30 = 0.2（小数第2位以下切捨て）／合計 ＋ 1 → 四捨五入 = 6名／うち保育士3名（比率50%）,True
2026-10-07,10/7(水),12:30-13:00,12:30,13:00,4歳児,4,1,0,保育標準時間,4歳児 4名 → 必要人員1名／保育標準時間／0歳児 7名 × 1/3 = 2.3（小数第2位以下切捨て）／1歳児・2歳児 13名 × 1/6 = 2.1（小数第2位以下切捨て）／3歳児 5名 × 1/20 = 0.2（小数第2位以下切捨て）／4歳児・5歳児以上 8名 × 1/30 = 0.2（小数第2位以下切捨て）／合計 ＋ 1 → 四捨五入 = 6名／うち保育士3名（比率50%）,True
2026-10-07,10/7(水),12:30-13:00,12:30,13:00,5歳児以上,4,0,0,保育標準時間,5歳児以上 4名 → 必要人員0名／保育標準時間／0歳児 7名 × 1/3 = 2.3（小数第2位以下切捨て）／1歳児・2歳児 13名 × 1/6 = 2.1（小数第2位以下切捨て）／3歳児 5名 × 1/20 = 0.2（小数第2位以下切捨て）／4歳児・5歳児以上 8名 × 1/30 = 0.2（小数第2位以下切捨て）／合計 ＋ 1 → 四捨五入 = 6名／うち保育士3名（比率50%）,True
2026-10-07,10/7(水),13:00-13:30,13:00,13:30,0歳児,7,2,1,保育標準時間,0歳児 7名 → 必要人員2名／保育標準時間／0歳児 7名 × 1/3 = 2.3（小数第2位以下切捨て）／1歳児・2歳児 13名 × 1/6 = 2.1（小数第2位以下切捨て）／3歳児 5名 × 1/20 = 0.2（小数第2位以下切捨て）／4歳児・5歳児以上 8名 × 1/30 = 0.2（小数第2位以下切捨て）／合計 ＋ 1 → 四捨五入 = 6名／うち保育士3名（比率50%）,True
2026-10-07,10/7(水),13:00-13:30,13:00,13:30,1歳児,7,1,1,保育標準時間,1歳児 7名 → 必要人員1名／保育標準時間／0歳児 7名 × 1/3 = 2.3（小数第2位以下切捨て）／1歳児・2歳児 13名 × 1/6 = 2.1（小数第2位以下切捨て）／3歳児 5名 × 1/20 = 0.2（小数第2位以下切捨て）／4歳児・5歳児以上 8名 × 1/30 = 0.2（小数第2位以下切捨て）／合計 ＋ 1 → 四捨五入 = 6名／うち保育士3名（比率50%）,True
2026-10-07,10/7(水),13:00-13:30,13:00,13:30,2歳児,6,1,1,保育標準時間,2歳児 6名 → 必要人員1名／保育標準時間／0歳児 7名 × 1/3 = 2.3（小数第2位以下切捨て）／1歳児・2歳児 13名 × 1/6 = 2.1（小数第2位以下切捨て）／3歳児 5名 × 1/20 = 0.2（小数第2位以下切捨て）／4歳児・5歳児以上 8名 × 1/30 = 0.2（小数第2位以下切捨て）／合計 ＋ 1 → 四捨五入 = 6名／うち保育士3名（比率50%）,True
2026-10-07,10/7(水),13:00-13:30,13:00,13:30,3歳児,5,1,0,保育標準時間,3歳児 5名 → 必要人員1名／保育標準時間／0歳児 7名 × 1/3 = 2.3（小数第2位以下切捨て）／1歳児・2歳児 13名 × 1/6 = 2.1（小数第2位以下切捨て）／3歳児 5名 × 1/20 = 0.2（小数第2位以下切捨て）／4歳児・5歳児以上 8名 × 1/30 = 0.2（小数第2位以下切捨て）／合計 ＋ 1 → 四捨五入 = 6名／うち保育士3名（比率50%）,True
2026-10-07,10/7(水),13:00-13:30,13:00,13:30,4歳児,4,1,0,保育標準時間,4歳児 4名 → 必要人員1名／保育標準時間／0歳児 7名 × 1/3 = 2.3（小数第2位以下切捨て）／1歳児・2歳児 13名 × 1/6 = 2.1（小数第2位以下切捨て）／3歳児 5名 × 1/20 = 0.2（小数第2位以下切捨て）／4歳児・5歳児以上 8名 × 1/30 = 0.2（小数第2位以下切捨て）／合計 ＋ 1 → 四捨五入 = 6名／うち保育士3名（比率50%）,True
2026-10-07,10/7(水),13:00-13:30,13:00,13:30,5歳児以上,4,0,0,保育標準時間,5歳児以上 4名 → 必要人員0名／保育標準時間／0歳児 7名 × 1/3 = 2.3（小数第2位以下切捨て）／1歳児・2歳児 13名 × 1/6 = 2.1（小数第2位以下切捨て）／3歳児 5名 × 1/20 = 0.2（小数第2位以下切捨て）／4歳児・5歳児以上 8名 × 1/30 = 0.2（小数第2位以下切捨て）／合計 ＋ 1 → 四捨五入 = 6名／うち保育士3名（比率50%）,True
2026-10-07,10/7(水),13:30-14:00,13:30,14:00,0歳児,7,2,1,保育標準時間,0歳児 7名 → 必要人員2名／保育標準時間／0歳児 7名 × 1/3 = 2.3（小数第2位以下切捨て）／1歳児・2歳児 13名 × 1/6 = 2.1（小数第2位以下切捨て）／3歳児 5名 × 1/20 = 0.2（小数第2位以下切捨て）／4歳児・5歳児以上 8名 × 1/30 = 0.2（小数第2位以下切捨て）／合計 ＋ 1 → 四捨五入 = 6名／うち保育士3名（比率50%）,True
2026-10-07,10/7(水),13:30-14:00,13:30,14:00,1歳児,7,1,1,保育標準時間,1歳児 7名 → 必要人員1名／保育標準時間／0歳児 7名 × 1/3 = 2.3（小数第2位以下切捨て）／1歳児・2歳児 13名 × 1/6 = 2.1（小数第2位以下切捨て）／3歳児 5名 × 1/20 = 0.2（小数第2位以下切捨て）／4歳児・5歳児以上 8名 × 1/30 = 0.2（小数第2位以下切捨て）／合計 ＋ 1 → 四捨五入 = 6名／うち保育士3名（比率50%）,True
2026-10-07,10/7(水),13:30-14:00,13:30,14:00,2歳児,6,1,1,保育標準時間,2歳児 6名 → 必要人員1名／保育標準時間／0歳児 7名 × 1/3 = 2.3（小数第2位以下切捨て）／1歳児・2歳児 13名 × 1/6 = 2.1（小数第2位以下切捨て）／3歳児 5名 × 1/20 = 0.2（小数第2位以下切捨て）／4歳児・5歳児以上 8名 × 1/30 = 0.2（小数第2位以下切捨て）／合計 ＋ 1 → 四捨五入 = 6名／うち保育士3名（比率50%）,True
2026-10-07,10/7(水),13:30-14:00,13:30,14:00,3歳児,5,1,0,保育標準時間,3歳児 5名 → 必要人員1名／保育標準時間／0歳児 7名 × 1/3 = 2.3（小数第2位以下切捨て）／1歳児・2歳児 13名 × 1/6 = 2.1（小数第2位以下切捨て）／3歳児 5名 × 1/20 = 0.2（小数第2位以下切捨て）／4歳児・5歳児以上 8名 × 1/30 = 0.2（小数第2位以下切捨て）／合計 ＋ 1 → 四捨五入 = 6名／うち保育士3名（比率50%）,True
2026-10-07,10/7(水),13:30-14:00,13:30,14:00,4歳児,4,1,0,保育標準時間,4歳児 4名 → 必要人員1名／保育標準時間／0歳児 7名 × 1/3 = 2.3（小数第2位以下切捨て）／1歳児・2歳児 13名 × 1/6 = 2.1（小数第2位以下切捨て）／3歳児 5名 × 1/20 = 0.2（小数第2位以下切捨て）／4歳児・5歳児以上 8名 × 1/30 = 0.2（小数第2位以下切捨て）／合計 ＋ 1 → 四捨五入 = 6名／うち保育士3名（比率50%）,True
2026-10-07,10/7(水),13:30-14:00,13:30,14:00,5歳児以上,4,0,0,保育標準時間,5歳児以上 4名 → 必要人員0名／保育標準時間／0歳児 7名 × 1/3 = 2.3（小数第2位以下切捨て）／1歳児・2歳児 13名 × 1/6 = 2.1（小数第2位以下切捨て）／3歳児 5名 × 1/20 = 0.2（小数第2位以下切捨て）／4歳児・5歳児以上 8名 × 1/30 = 0.2（小数第2位以下切捨て）／合計 ＋ 1 → 四捨五入 = 6名／うち保育士3名（比率50%）,True
2026-10-07,10/7(水),14:00-14:30,14:00,14:30,0歳児,6,2,1,保育標準時間,0歳児 6名 → 必要人員2名／保育標準時間／0歳児 6名 × 1/3 = 2.0（小数第2位以下切捨て）／1歳児・2歳児 13名 × 1/6 = 2.1（小数第2位以下切捨て）／3歳児 5名 × 1/20 = 0.2（小数第2位以下切捨て）／4歳児・5歳児以上 8名 × 1/30 = 0.2（小数第2位以下切捨て）／合計 ＋ 1 → 四捨五入 = 6名／うち保育士3名（比率50%）,True
2026-10-07,10/7(水),14:00-14:30,14:00,14:30,1歳児,7,1,1,保育標準時間,1歳児 7名 → 必要人員1名／保育標準時間／0歳児 6名 × 1/3 = 2.0（小数第2位以下切捨て）／1歳児・2歳児 13名 × 1/6 = 2.1（小数第2位以下切捨て）／3歳児 5名 × 1/20 = 0.2（小数第2位以下切捨て）／4歳児・5歳児以上 8名 × 1/30 = 0.2（小数第2位以下切捨て）／合計 ＋ 1 → 四捨五入 = 6名／うち保育士3名（比率50%）,True
2026-10-07,10/7(水),14:00-14:30,14:00,14:30,2歳児,6,1,1,保育標準時間,2歳児 6名 → 必要人員1名／保育標準時間／0歳児 6名 × 1/3 = 2.0（小数第2位以下切捨て）／1歳児・2歳児 13名 × 1/6 = 2.1（小数第2位以下切捨て）／3歳児 5名 × 1/20 = 0.2（小数第2位以下切捨て）／4歳児・5歳児以上 8名 × 1/30 = 0.2（小数第2位以下切捨て）／合計 ＋ 1 → 四捨五入 = 6名／うち保育士3名（比率50%）,True
2026-10-07,10/7(水),14:00-14:30,14:00,14:30,3歳児,5,1,0,保育標準時間,3歳児 5名 → 必要人員1名／保育標準時間／0歳児 6名 × 1/3 = 2.0（小数第2位以下切捨て）／1歳児・2歳児 13名 × 1/6 = 2.1（小数第2位以下切捨て）／3歳児 5名 × 1/20 = 0.2（小数第2位以下切捨て）／4歳児・5歳児以上 8名 × 1/30 = 0.2（小数第2位以下切捨て）／合計 ＋ 1 → 四捨五入 = 6名／うち保育士3名（比率50%）,True
2026-10-07,10/7(水),14:00-14:30,14:00,14:30,4歳児,4,1,0,保育標準時間,4歳児 4名 → 必要人員1名／保育標準時間／0歳児 6名 × 1/3 = 2.0（小数第2位以下切捨て）／1歳児・2歳児 13名 × 1/6 = 2.1（小数第2位以下切捨て）／3歳児 5名 × 1/20 = 0.2（小数第2位以下切捨て）／4歳児・5歳児以上 8名 × 1/30 = 0.2（小数第2位以下切捨て）／合計 ＋ 1 → 四捨五入 = 6名／うち保育士3名（比率50%）,True
2026-10-07,10/7(水),14:00-14:30,14:00,14:30,5歳児以上,4,0,0,保育標準時間,5歳児以上 4名 → 必要人員0名／保育標準時間／0歳児 6名 × 1/3 = 2.0（小数第2位以下切捨て）／1歳児・2歳児 13名 × 1/6 = 2.1（小数第2位以下切捨て）／3歳児 5名 × 1/20 = 0.2（小数第2位以下切捨て）／4歳児・5歳児以上 8名 × 1/30 = 0.2（小数第2位以下切捨て）／合計 ＋ 1 → 四捨五入 = 6名／うち保育士3名（比率50%）,True
2026-10-07,10/7(水),14:30-15:00,14:30,15:00,0歳児,5,1,1,保育標準時間,0歳児 5名 → 必要人員1名／保育標準時間／0歳児 5名 × 1/3 = 1.6（小数第2位以下切捨て）／1歳児・2歳児 12名 × 1/6 = 2.0（小数第2位以下切捨て）／3歳児 4名 × 1/20 = 0.2（小数第2位以下切捨て）／4歳児・5歳児以上 7名 × 1/30 = 0.2（小数第2位以下切捨て）／合計 ＋ 1 → 四捨五入 = 5名／うち保育士3名（比率50%）,True
2026-10-07,10/7(水),14:30-15:00,14:30,15:00,1歳児,7,1,1,保育標準時間,1歳児 7名 → 必要人員1名／保育標準時間／0歳児 5名 × 1/3 = 1.6（小数第2位以下切捨て）／1歳児・2歳児 12名 × 1/6 = 2.0（小数第2位以下切捨て）／3歳児 4名 × 1/20 = 0.2（小数第2位以下切捨て）／4歳児・5歳児以上 7名 × 1/30 = 0.2（小数第2位以下切捨て）／合計 ＋ 1 → 四捨五入 = 5名／うち保育士3名（比率50%）,True
2026-10-07,10/7(水),14:30-15:00,14:30,15:00,2歳児,5,1,1,保育標準時間,2歳児 5名 → 必要人員1名／保育標準時間／0歳児 5名 × 1/3 = 1.6（小数第2位以下切捨て）／1歳児・2歳児 12名 × 1/6 = 2.0（小数第2位以下切捨て）／3歳児 4名 × 1/20 = 0.2（小数第2位以下切捨て）／4歳児・5歳児以上 7名 × 1/30 = 0.2（小数第2位以下切捨て）／合計 ＋ 1 → 四捨五入 = 5名／うち保育士3名（比率50%）,True
2026-10-07,10/7(水),14:30-15:00,14:30,15:00,3歳児,4,1,0,保育標準時間,3歳児 4名 → 必要人員1名／保育標準時間／0歳児 5名 × 1/3 = 1.6（小数第2位以下切捨て）／1歳児・2歳児 12名 × 1/6 = 2.0（小数第2位以下切捨て）／3歳児 4名 × 1/20 = 0.2（小数第2位以下切捨て）／4歳児・5歳児以上 7名 × 1/30 = 0.2（小数第2位以下切捨て）／合計 ＋ 1 → 四捨五入 = 5名／うち保育士3名（比率50%）,True
2026-10-07,10/7(水),14:30-15:00,14:30,15:00,4歳児,3,0,0,保育標準時間,4歳児 3名 → 必要人員0名／保育標準時間／0歳児 5名 × 1/3 = 1.6（小数第2位以下切捨て）／1歳児・2歳児 12名 × 1/6 = 2.0（小数第2位以下切捨て）／3歳児 4名 × 1/20 = 0.2（小数第2位以下切捨て）／4歳児・5歳児以上 7名 × 1/30 = 0.2（小数第2位以下切捨て）／合計 ＋ 1 → 四捨五入 = 5名／うち保育士3名（比率50%）,True
2026-10-07,10/7(水),14:30-15:00,14:30,15:00,5歳児以上,4,1,0,保育標準時間,5歳児以上 4名 → 必要人員1名／保育標準時間／0歳児 5名 × 1/3 = 1.6（小数第2位以下切捨て）／1歳児・2歳児 12名 × 1/6 = 2.0（小数第2位以下切捨て）／3歳児 4名 × 1/20 = 0.2（小数第2位以下切捨て）／4歳児・5歳児以上 7名 × 1/30 = 0.2（小数第2位以下切捨て）／合計 ＋ 1 → 四捨五入 = 5名／うち保育士3名（比率50%）,True
2026-10-07,10/7(水),15:00-15:30,15:00,15:30,0歳児,5,1,1,保育標準時間,0歳児 5名 → 必要人員1名／保育標準時間／0歳児 5名 × 1/3 = 1.6（小数第2位以下切捨て）／1歳児・2歳児 12名 × 1/6 = 2.0（小数第2位以下切捨て）／3歳児 4名 × 1/20 = 0.2（小数第2位以下切捨て）／4歳児・5歳児以上 7名 × 1/30 = 0.2（小数第2位以下切捨て）／合計 ＋ 1 → 四捨五入 = 5名／うち保育士3名（比率50%）,True
2026-10-07,10/7(水),15:00-15:30,15:00,15:30,1歳児,7,1,1,保育標準時間,1歳児 7名 → 必要人員1名／保育標準時間／0歳児 5名 × 1/3 = 1.6（小数第2位以下切捨て）／1歳児・2歳児 12名 × 1/6 = 2.0（小数第2位以下切捨て）／3歳児 4名 × 1/20 = 0.2（小数第2位以下切捨て）／4歳児・5歳児以上 7名 × 1/30 = 0.2（小数第2位以下切捨て）／合計 ＋ 1 → 四捨五入 = 5名／うち保育士3名（比率50%）,True
2026-10-07,10/7(水),15:00-15:30,15:00,15:30,2歳児,5,1,1,保育標準時間,2歳児 5名 → 必要人員1名／保育標準時間／0歳児 5名 × 1/3 = 1.6（小数第2位以下切捨て）／1歳児・2歳児 12名 × 1/6 = 2.0（小数第2位以下切捨て）／3歳児 4名 × 1/20 = 0.2（小数第2位以下切捨て）／4歳児・5歳児以上 7名 × 1/30 = 0.2（小数第2位以下切捨て）／合計 ＋ 1 → 四捨五入 = 5名／うち保育士3名（比率50%）,True
2026-10-07,10/7(水),15:00-15:30,15:00,15:30,3歳児,4,1,0,保育標準時間,3歳児 4名 → 必要人員1名／保育標準時間／0歳児 5名 × 1/3 = 1.6（小数第2位以下切捨て）／1歳児・2歳児 12名 × 1/6 = 2.0（小数第2位以下切捨て）／3歳児 4名 × 1/20 = 0.2（小数第2位以下切捨て）／4歳児・5歳児以上 7名 × 1/30 = 0.2（小数第2位以下切捨て）／合計 ＋ 1 → 四捨五入 = 5名／うち保育士3名（比率50%）,True
2026-10-07,10/7(水),15:00-15:30,15:00,15:30,4歳児,3,0,0,保育標準時間,4歳児 3名 → 必要人員0名／保育標準時間／0歳児 5名 × 1/3 = 1.6（小数第2位以下切捨て）／1歳児・2歳児 12名 × 1/6 = 2.0（小数第2位以下切捨て）／3歳児 4名 × 1/20 = 0.2（小数第2位以下切捨て）／4歳児・5歳児以上 7名 × 1/30 = 0.2（小数第2位以下切捨て）／合計 ＋ 1 → 四捨五入 = 5名／うち保育士3名（比率50%）,True
2026-10-07,10/7(水),15:00-15:30,15:00,15:30,5歳児以上,4,1,0,保育標準時間,5歳児以上 4名 → 必要人員1名／保育標準時間／0歳児 5名 × 1/3 = 1.6（小数第2位以下切捨て）／1歳児・2歳児 12名 × 1/6 = 2.0（小数第2位以下切捨て）／3歳児 4名 × 1/20 = 0.2（小数第2位以下切捨て）／4歳児・5歳児以上 7名 × 1/30 = 0.2（小数第2位以下切捨て）／合計 ＋ 1 → 四捨五入 = 5名／うち保育士3名（比率50%）,True
2026-10-07,10/7(水),15:30-16:00,15:30,16:00,0歳児,5,1,1,保育標準時間,0歳児 5名 → 必要人員1名／保育標準時間／0歳児 5名 × 1/3 = 1.6（小数第2位以下切捨て）／1歳児・2歳児 12名 × 1/6 = 2.0（小数第2位以下切捨て）／3歳児 4名 × 1/20 = 0.2（小数第2位以下切捨て）／4歳児・5歳児以上 7名 × 1/30 = 0.2（小数第2位以下切捨て）／合計 ＋ 1 → 四捨五入 = 5名／うち保育士3名（比率50%）,True
2026-10-07,10/7(水),15:30-16:00,15:30,16:00,1歳児,7,1,1,保育標準時間,1歳児 7名 → 必要人員1名／保育標準時間／0歳児 5名 × 1/3 = 1.6（小数第2位以下切捨て）／1歳児・2歳児 12名 × 1/6 = 2.0（小数第2位以下切捨て）／3歳児 4名 × 1/20 = 0.2（小数第2位以下切捨て）／4歳児・5歳児以上 7名 × 1/30 = 0.2（小数第2位以下切捨て）／合計 ＋ 1 → 四捨五入 = 5名／うち保育士3名（比率50%）,True
2026-10-07,10/7(水),15:30-16:00,15:30,16:00,2歳児,5,1,1,保育標準時間,2歳児 5名 → 必要人員1名／保育標準時間／0歳児 5名 × 1/3 = 1.6（小数第2位以下切捨て）／1歳児・2歳児 12名 × 1/6 = 2.0（小数第2位以下切捨て）／3歳児 4名 × 1/20 = 0.2（小数第2位以下切捨て）／4歳児・5歳児以上 7名 × 1/30 = 0.2（小数第2位以下切捨て）／合計 ＋ 1 → 四捨五入 = 5名／うち保育士3名（比率50%）,True
2026-10-07,10/7(水),15:30-16:00,15:30,16:00,3歳児,4,1,0,保育標準時間,3歳児 4名 → 必要人員1名／保育標準時間／0歳児 5名 × 1/3 = 1.6（小数第2位以下切捨て）／1歳児・2歳児 12名 × 1/6 = 2.0（小数第2位以下切捨て）／3歳児 4名 × 1/20 = 0.2（小数第2位以下切捨て）／4歳児・5歳児以上 7名 × 1/30 = 0.2（小数第2位以下切捨て）／合計 ＋ 1 → 四捨五入 = 5名／うち保育士3名（比率50%）,True
2026-10-07,10/7(水),15:30-16:00,15:30,16:00,4歳児,3,0,0,保育標準時間,4歳児 3名 → 必要人員0名／保育標準時間／0歳児 5名 × 1/3 = 1.6（小数第2位以下切捨て）／1歳児・2歳児 12名 × 1/6 = 2.0（小数第2位以下切捨て）／3歳児 4名 × 1/20 = 0.2（小数第2位以下切捨て）／4歳児・5歳児以上 7名 × 1/30 = 0.2（小数第2位以下切捨て）／合計 ＋ 1 → 四捨五入 = 5名／うち保育士3名（比率50%）,True
2026-10-07,10/7(水),15:30-16:00,15:30,16:00,5歳児以上,4,1,0,保育標準時間,5歳児以上 4名 → 必要人員1名／保育標準時間／0歳児 5名 × 1/3 = 1.6（小数第2位以下切捨て）／1歳児・2歳児 12名 × 1/6 = 2.0（小数第2位以下切捨て）／3歳児 4名 × 1/20 = 0.2（小数第2位以下切捨て）／4歳児・5歳児以上 7名 × 1/30 = 0.2（小数第2位以下切捨て）／合計 ＋ 1 → 四捨五入 = 5名／うち保育士3名（比率50%）,True
2026-10-07,10/7(水),16:00-16:30,16:00,16:30,0歳児,5,1,1,保育標準時間,0歳児 5名 → 必要人員1名／保育標準時間／0歳児 5名 × 1/3 = 1.6（小数第2位以下切捨て）／1歳児・2歳児 12名 × 1/6 = 2.0（小数第2位以下切捨て）／3歳児 4名 × 1/20 = 0.2（小数第2位以下切捨て）／4歳児・5歳児以上 7名 × 1/30 = 0.2（小数第2位以下切捨て）／合計 ＋ 1 → 四捨五入 = 5名／うち保育士3名（比率50%）,True
2026-10-07,10/7(水),16:00-16:30,16:00,16:30,1歳児,7,1,1,保育標準時間,1歳児 7名 → 必要人員1名／保育標準時間／0歳児 5名 × 1/3 = 1.6（小数第2位以下切捨て）／1歳児・2歳児 12名 × 1/6 = 2.0（小数第2位以下切捨て）／3歳児 4名 × 1/20 = 0.2（小数第2位以下切捨て）／4歳児・5歳児以上 7名 × 1/30 = 0.2（小数第2位以下切捨て）／合計 ＋ 1 → 四捨五入 = 5名／うち保育士3名（比率50%）,True
2026-10-07,10/7(水),16:00-16:30,16:00,16:30,2歳児,5,1,1,保育標準時間,2歳児 5名 → 必要人員1名／保育標準時間／0歳児 5名 × 1/3 = 1.6（小数第2位以下切捨て）／1歳児・2歳児 12名 × 1/6 = 2.0（小数第2位以下切捨て）／3歳児 4名 × 1/20 = 0.2（小数第2位以下切捨て）／4歳児・5歳児以上 7名 × 1/30 = 0.2（小数第2位以下切捨て）／合計 ＋ 1 → 四捨五入 = 5名／うち保育士3名（比率50%）,True
2026-10-07,10/7(水),16:00-16:30,16:00,16:30,3歳児,4,1,0,保育標準時間,3歳児 4名 → 必要人員1名／保育標準時間／0歳児 5名 × 1/3 = 1.6（小数第2位以下切捨て）／1歳児・2歳児 12名 × 1/6 = 2.0（小数第2位以下切捨て）／3歳児 4名 × 1/20 = 0.2（小数第2位以下切捨て）／4歳児・5歳児以上 7名 × 1/30 = 0.2（小数第2位以下切捨て）／合計 ＋ 1 → 四捨五入 = 5名／うち保育士3名（比率50%）,True
2026-10-07,10/7(水),16:00-16:30,16:00,16:30,4歳児,3,0,0,保育標準時間,4歳児 3名 → 必要人員0名／保育標準時間／0歳児 5名 × 1/3 = 1.6（小数第2位以下切捨て）／1歳児・2歳児 12名 × 1/6 = 2.0（小数第2位以下切捨て）／3歳児 4名 × 1/20 = 0.2（小数第2位以下切捨て）／4歳児・5歳児以上 7名 × 1/30 = 0.2（小数第2位以下切捨て）／合計 ＋ 1 → 四捨五入 = 5名／うち保育士3名（比率50%）,True
2026-10-07,10/7(水),16:00-16:30,16:00,16:30,5歳児以上,4,1,0,保育標準時間,5歳児以上 4名 → 必要人員1名／保育標準時間／0歳児 5名 × 1/3 = 1.6（小数第2位以下切捨て）／1歳児・2歳児 12名 × 1/6 = 2.0（小数第2位以下切捨て）／3歳児 4名 × 1/20 = 0.2（小数第2位以下切捨て）／4歳児・5歳児以上 7名 × 1/30 = 0.2（小数第2位以下切捨て）／合計 ＋ 1 → 四捨五入 = 5名／うち保育士3名（比率50%）,True
2026-10-07,10/7(水),16:30-17:00,16:30,17:00,0歳児,5,1,1,保育標準時間,0歳児 5名 → 必要人員1名／保育標準時間／0歳児 5名 × 1/3 = 1.6（小数第2位以下切捨て）／1歳児・2歳児 12名 × 1/6 = 2.0（小数第2位以下切捨て）／3歳児 4名 × 1/20 = 0.2（小数第2位以下切捨て）／4歳児・5歳児以上 7名 × 1/30 = 0.2（小数第2位以下切捨て）／合計 ＋ 1 → 四捨五入 = 5名／うち保育士3名（比率50%）,True
2026-10-07,10/7(水),16:30-17:00,16:30,17:00,1歳児,7,1,1,保育標準時間,1歳児 7名 → 必要人員1名／保育標準時間／0歳児 5名 × 1/3 = 1.6（小数第2位以下切捨て）／1歳児・2歳児 12名 × 1/6 = 2.0（小数第2位以下切捨て）／3歳児 4名 × 1/20 = 0.2（小数第2位以下切捨て）／4歳児・5歳児以上 7名 × 1/30 = 0.2（小数第2位以下切捨て）／合計 ＋ 1 → 四捨五入 = 5名／うち保育士3名（比率50%）,True
2026-10-07,10/7(水),16:30-17:00,16:30,17:00,2歳児,5,1,1,保育標準時間,2歳児 5名 → 必要人員1名／保育標準時間／0歳児 5名 × 1/3 = 1.6（小数第2位以下切捨て）／1歳児・2歳児 12名 × 1/6 = 2.0（小数第2位以下切捨て）／3歳児 4名 × 1/20 = 0.2（小数第2位以下切捨て）／4歳児・5歳児以上 7名 × 1/30 = 0.2（小数第2位以下切捨て）／合計 ＋ 1 → 四捨五入 = 5名／うち保育士3名（比率50%）,True
2026-10-07,10/7(水),16:30-17:00,16:30,17:00,3歳児,4,1,0,保育標準時間,3歳児 4名 → 必要人員1名／保育標準時間／0歳児 5名 × 1/3 = 1.6（小数第2位以下切捨て）／1歳児・2歳児 12名 × 1/6 = 2.0（小数第2位以下切捨て）／3歳児 4名 × 1/20 = 0.2（小数第2位以下切捨て）／4歳児・5歳児以上 7名 × 1/30 = 0.2（小数第2位以下切捨て）／合計 ＋ 1 → 四捨五入 = 5名／うち保育士3名（比率50%）,True
2026-10-07,10/7(水),16:30-17:00,16:30,17:00,4歳児,3,0,0,保育標準時間,4歳児 3名 → 必要人員0名／保育標準時間／0歳児 5名 × 1/3 = 1.6（小数第2位以下切捨て）／1歳児・2歳児 12名 × 1/6 = 2.0（小数第2位以下切捨て）／3歳児 4名 × 1/20 = 0.2（小数第2位以下切捨て）／4歳児・5歳児以上 7名 × 1/30 = 0.2（小数第2位以下切捨て）／合計 ＋ 1 → 四捨五入 = 5名／うち保育士3名（比率50%）,True
2026-10-07,10/7(水),16:30-17:00,16:30,17:00,5歳児以上,4,1,0,保育標準時間,5歳児以上 4名 → 必要人員1名／保育標準時間／0歳児 5名 × 1/3 = 1.6（小数第2位以下切捨て）／1歳児・2歳児 12名 × 1/6 = 2.0（小数第2位以下切捨て）／3歳児 4名 × 1/20 = 0.2（小数第2位以下切捨て）／4歳児・5歳児以上 7名 × 1/30 = 0.2（小数第2位以下切捨て）／合計 ＋ 1 → 四捨五入 = 5名／うち保育士3名（比率50%）,True
2026-10-07,10/7(水),17:00-17:30,17:00,17:30,0歳児,5,1,1,保育標準時間,0歳児 5名 → 必要人員1名／保育標準時間／0歳児 5名 × 1/3 = 1.6（小数第2位以下切捨て）／1歳児・2歳児 11名 × 1/6 = 1.8（小数第2位以下切捨て）／3歳児 4名 × 1/20 = 0.2（小数第2位以下切捨て）／4歳児・5歳児以上 6名 × 1/30 = 0.2（小数第2位以下切捨て）／合計 ＋ 1 → 四捨五入 = 5名／うち保育士3名（比率50%）,True
2026-10-07,10/7(水),17:00-17:30,17:00,17:30,1歳児,6,1,1,保育標準時間,1歳児 6名 → 必要人員1名／保育標準時間／0歳児 5名 × 1/3 = 1.6（小数第2位以下切捨て）／1歳児・2歳児 11名 × 1/6 = 1.8（小数第2位以下切捨て）／3歳児 4名 × 1/20 = 0.2（小数第2位以下切捨て）／4歳児・5歳児以上 6名 × 1/30 = 0.2（小数第2位以下切捨て）／合計 ＋ 1 → 四捨五入 = 5名／うち保育士3名（比率50%）,True
2026-10-07,10/7(水),17:00-17:30,17:00,17:30,2歳児,5,1,1,保育標準時間,2歳児 5名 → 必要人員1名／保育標準時間／0歳児 5名 × 1/3 = 1.6（小数第2位以下切捨て）／1歳児・2歳児 11名 × 1/6 = 1.8（小数第2位以下切捨て）／3歳児 4名 × 1/20 = 0.2（小数第2位以下切捨て）／4歳児・5歳児以上 6名 × 1/30 = 0.2（小数第2位以下切捨て）／合計 ＋ 1 → 四捨五入 = 5名／うち保育士3名（比率50%）,True
2026-10-07,10/7(水),17:00-17:30,17:00,17:30,3歳児,4,1,0,保育標準時間,3歳児 4名 → 必要人員1名／保育標準時間／0歳児 5名 × 1/3 = 1.6（小数第2位以下切捨て）／1歳児・2歳児 11名 × 1/6 = 1.8（小数第2位以下切捨て）／3歳児 4名 × 1/20 = 0.2（小数第2位以下切捨て）／4歳児・5歳児以上 6名 × 1/30 = 0.2（小数第2位以下切捨て）／合計 ＋ 1 → 四捨五入 = 5名／うち保育士3名（比率50%）,True
2026-10-07,10/7(水),17:00-17:30,17:00,17:30,4歳児,3,1,0,保育標準時間,4歳児 3名 → 必要人員1名／保育標準時間／0歳児 5名 × 1/3 = 1.6（小数第2位以下切捨て）／1歳児・2歳児 11名 × 1/6 = 1.8（小数第2位以下切捨て）／3歳児 4名 × 1/20 = 0.2（小数第2位以下切捨て）／4歳児・5歳児以上 6名 × 1/30 = 0.2（小数第2位以下切捨て）／合計 ＋ 1 → 四捨五入 = 5名／うち保育士3名（比率50%）,True
2026-10-07,10/7(水),17:00-17:30,17:00,17:30,5歳児以上,3,0,0,保育標準時間,5歳児以上 3名 → 必要人員0名／保育標準時間／0歳児 5名 × 1/3 = 1.6（小数第2位以下切捨て）／1歳児・2歳児 11名 × 1/6 = 1.8（小数第2位以下切捨て）／3歳児 4名 × 1/20 = 0.2（小数第2位以下切捨て）／4歳児・5歳児以上 6名 × 1/30 = 0.2（小数第2位以下切捨て）／合計 ＋ 1 → 四捨五入 = 5名／うち保育士3名（比率50%）,True
2026-10-07,10/7(水),17:30-18:00,17:30,18:00,0歳児,5,1,1,保育標準時間,0歳児 5名 → 必要人員1名／保育標準時間／0歳児 5名 × 1/3 = 1.6（小数第2位以下切捨て）／1歳児・2歳児 7名 × 1/6 = 1.1（小数第2位以下切捨て）／3歳児 4名 × 1/20 = 0.2（小数第2位以下切捨て）／4歳児・5歳児以上 5名 × 1/30 = 0.1（小数第2位以下切捨て）／合計 ＋ 1 → 四捨五入 = 4名／うち保育士2名（比率50%）,True
2026-10-07,10/7(水),17:30-18:00,17:30,18:00,1歳児,4,1,1,保育標準時間,1歳児 4名 → 必要人員1名／保育標準時間／0歳児 5名 × 1/3 = 1.6（小数第2位以下切捨て）／1歳児・2歳児 7名 × 1/6 = 1.1（小数第2位以下切捨て）／3歳児 4名 × 1/20 = 0.2（小数第2位以下切捨て）／4歳児・5歳児以上 5名 × 1/30 = 0.1（小数第2位以下切捨て）／合計 ＋ 1 → 四捨五入 = 4名／うち保育士2名（比率50%）,True
2026-10-07,10/7(水),17:30-18:00,17:30,18:00,2歳児,3,0,0,保育標準時間,2歳児 3名 → 必要人員0名／保育標準時間／0歳児 5名 × 1/3 = 1.6（小数第2位以下切捨て）／1歳児・2歳児 7名 × 1/6 = 1.1（小数第2位以下切捨て）／3歳児 4名 × 1/20 = 0.2（小数第2位以下切捨て）／4歳児・5歳児以上 5名 × 1/30 = 0.1（小数第2位以下切捨て）／合計 ＋ 1 → 四捨五入 = 4名／うち保育士2名（比率50%）,True
2026-10-07,10/7(水),17:30-18:00,17:30,18:00,3歳児,4,1,0,保育標準時間,3歳児 4名 → 必要人員1名／保育標準時間／0歳児 5名 × 1/3 = 1.6（小数第2位以下切捨て）／1歳児・2歳児 7名 × 1/6 = 1.1（小数第2位以下切捨て）／3歳児 4名 × 1/20 = 0.2（小数第2位以下切捨て）／4歳児・5歳児以上 5名 × 1/30 = 0.1（小数第2位以下切捨て）／合計 ＋ 1 → 四捨五入 = 4名／うち保育士2名（比率50%）,True
2026-10-07,10/7(水),17:30-18:00,17:30,18:00,4歳児,3,1,0,保育標準時間,4歳児 3名 → 必要人員1名／保育標準時間／0歳児 5名 × 1/3 = 1.6（小数第2位以下切捨て）／1歳児・2歳児 7名 × 1/6 = 1.1（小数第2位以下切捨て）／3歳児 4名 × 1/20 = 0.2（小数第2位以下切捨て）／4歳児・5歳児以上 5名 × 1/30 = 0.1（小数第2位以下切捨て）／合計 ＋ 1 → 四捨五入 = 4名／うち保育士2名（比率50%）,True
2026-10-07,10/7(水),17:30-18:00,17:30,18:00,5歳児以上,2,0,0,保育標準時間,5歳児以上 2名 → 必要人員0名／保育標準時間／0歳児 5名 × 1/3 = 1.6（小数第2位以下切捨て）／1歳児・2歳児 7名 × 1/6 = 1.1（小数第2位以下切捨て）／3歳児 4名 × 1/20 = 0.2（小数第2位以下切捨て）／4歳児・5歳児以上 5名 × 1/30 = 0.1（小数第2位以下切捨て）／合計 ＋ 1 → 四捨五入 = 4名／うち保育士2名（比率50%）,True
2026-10-07,10/7(水),18:00-18:30,18:00,18:30,0歳児,2,1,1,延長保育,0歳児 2名 → 必要人員1名／保育標準時間外（延長保育）／0歳児 2名 × 1/3 = 0.6（小数第2位以下切捨て）／1歳児・2歳児 7名 × 1/6 = 1.1（小数第2位以下切捨て）／3歳児 3名 × 1/20 = 0.1（小数第2位以下切捨て）／4歳児・5歳児以上 4名 × 1/30 = 0.1（小数第2位以下切捨て）／合計 ＋ 1 → 四捨五入 = 3名／うち保育士2名（比率50%）,True
2026-10-07,10/7(水),18:00-18:30,18:00,18:30,1歳児,4,1,1,延長保育,1歳児 4名 → 必要人員1名／保育標準時間外（延長保育）／0歳児 2名 × 1/3 = 0.6（小数第2位以下切捨て）／1歳児・2歳児 7名 × 1/6 = 1.1（小数第2位以下切捨て）／3歳児 3名 × 1/20 = 0.1（小数第2位以下切捨て）／4歳児・5歳児以上 4名 × 1/30 = 0.1（小数第2位以下切捨て）／合計 ＋ 1 → 四捨五入 = 3名／うち保育士2名（比率50%）,True
2026-10-07,10/7(水),18:00-18:30,18:00,18:30,2歳児,3,0,0,延長保育,2歳児 3名 → 必要人員0名／保育標準時間外（延長保育）／0歳児 2名 × 1/3 = 0.6（小数第2位以下切捨て）／1歳児・2歳児 7名 × 1/6 = 1.1（小数第2位以下切捨て）／3歳児 3名 × 1/20 = 0.1（小数第2位以下切捨て）／4歳児・5歳児以上 4名 × 1/30 = 0.1（小数第2位以下切捨て）／合計 ＋ 1 → 四捨五入 = 3名／うち保育士2名（比率50%）,True
2026-10-07,10/7(水),18:00-18:30,18:00,18:30,3歳児,3,1,0,延長保育,3歳児 3名 → 必要人員1名／保育標準時間外（延長保育）／0歳児 2名 × 1/3 = 0.6（小数第2位以下切捨て）／1歳児・2歳児 7名 × 1/6 = 1.1（小数第2位以下切捨て）／3歳児 3名 × 1/20 = 0.1（小数第2位以下切捨て）／4歳児・5歳児以上 4名 × 1/30 = 0.1（小数第2位以下切捨て）／合計 ＋ 1 → 四捨五入 = 3名／うち保育士2名（比率50%）,True
2026-10-07,10/7(水),18:00-18:30,18:00,18:30,4歳児,2,0,0,延長保育,4歳児 2名 → 必要人員0名／保育標準時間外（延長保育）／0歳児 2名 × 1/3 = 0.6（小数第2位以下切捨て）／1歳児・2歳児 7名 × 1/6 = 1.1（小数第2位以下切捨て）／3歳児 3名 × 1/20 = 0.1（小数第2位以下切捨て）／4歳児・5歳児以上 4名 × 1/30 = 0.1（小数第2位以下切捨て）／合計 ＋ 1 → 四捨五入 = 3名／うち保育士2名（比率50%）,True
2026-10-07,10/7(水),18:00-18:30,18:00,18:30,5歳児以上,2,0,0,延長保育,5歳児以上 2名 → 必要人員0名／保育標準時間外（延長保育）／0歳児 2名 × 1/3 = 0.6（小数第2位以下切捨て）／1歳児・2歳児 7名 × 1/6 = 1.1（小数第2位以下切捨て）／3歳児 3名 × 1/20 = 0.1（小数第2位以下切捨て）／4歳児・5歳児以上 4名 × 1/30 = 0.1（小数第2位以下切捨て）／合計 ＋ 1 → 四捨五入 = 3名／うち保育士2名（比率50%）,True
2026-10-07,10/7(水),18:30-19:00,18:30,19:00,0歳児,1,1,1,延長保育,0歳児 1名 → 必要人員1名／保育標準時間外（延長保育）／0歳児 1名 × 1/3 = 0.3（小数第2位以下切捨て）／1歳児・2歳児 4名 × 1/6 = 0.6（小数第2位以下切捨て）／3歳児 3名 × 1/20 = 0.1（小数第2位以下切捨て）／4歳児 1名 × 1/30 = 0.0（小数第2位以下切捨て）／合計 ＋ 1 → 四捨五入 = 2名／うち保育士1名（比率50%）,True
2026-10-07,10/7(水),18:30-19:00,18:30,19:00,1歳児,3,1,0,延長保育,1歳児 3名 → 必要人員1名／保育標準時間外（延長保育）／0歳児 1名 × 1/3 = 0.3（小数第2位以下切捨て）／1歳児・2歳児 4名 × 1/6 = 0.6（小数第2位以下切捨て）／3歳児 3名 × 1/20 = 0.1（小数第2位以下切捨て）／4歳児 1名 × 1/30 = 0.0（小数第2位以下切捨て）／合計 ＋ 1 → 四捨五入 = 2名／うち保育士1名（比率50%）,True
2026-10-07,10/7(水),18:30-19:00,18:30,19:00,2歳児,1,0,0,延長保育,2歳児 1名 → 必要人員0名／保育標準時間外（延長保育）／0歳児 1名 × 1/3 = 0.3（小数第2位以下切捨て）／1歳児・2歳児 4名 × 1/6 = 0.6（小数第2位以下切捨て）／3歳児 3名 × 1/20 = 0.1（小数第2位以下切捨て）／4歳児 1名 × 1/30 = 0.0（小数第2位以下切捨て）／合計 ＋ 1 → 四捨五入 = 2名／うち保育士1名（比率50%）,True
2026-10-07,10/7(水),18:30-19:00,18:30,19:00,3歳児,3,0,0,延長保育,3歳児 3名 → 必要人員0名／保育標準時間外（延長保育）／0歳児 1名 × 1/3 = 0.3（小数第2位以下切捨て）／1歳児・2歳児 4名 × 1/6 = 0.6（小数第2位以下切捨て）／3歳児 3名 × 1/20 = 0.1（小数第2位以下切捨て）／4歳児 1名 × 1/30 = 0.0（小数第2位以下切捨て）／合計 ＋ 1 → 四捨五入 = 2名／うち保育士1名（比率50%）,True
2026-10-07,10/7(水),18:30-19:00,18:30,19:00,4歳児,1,0,0,延長保育,4歳児 1名 → 必要人員0名／保育標準時間外（延長保育）／0歳児 1名 × 1/3 = 0.3（小数第2位以下切捨て）／1歳児・2歳児 4名 × 1/6 = 0.6（小数第2位以下切捨て）／3歳児 3名 × 1/20 = 0.1（小数第2位以下切捨て）／4歳児 1名 × 1/30 = 0.0（小数第2位以下切捨て）／合計 ＋ 1 → 四捨五入 = 2名／うち保育士1名（比率50%）,True
2026-10-07,10/7(水),19:00-19:30,19:00,19:30,0歳児,1,1,1,延長保育,0歳児 1名 → 必要人員1名／保育標準時間外（延長保育）／0歳児 1名 × 1/3 = 0.3（小数第2位以下切捨て）／1歳児・2歳児 4名 × 1/6 = 0.6（小数第2位以下切捨て）／3歳児 3名 × 1/20 = 0.1（小数第2位以下切捨て）／合計 ＋ 1 → 四捨五入 = 2名／うち保育士1名（比率50%）,True
2026-10-07,10/7(水),19:00-19:30,19:00,19:30,1歳児,3,1,0,延長保育,1歳児 3名 → 必要人員1名／保育標準時間外（延長保育）／0歳児 1名 × 1/3 = 0.3（小数第2位以下切捨て）／1歳児・2歳児 4名 × 1/6 = 0.6（小数第2位以下切捨て）／3歳児 3名 × 1/20 = 0.1（小数第2位以下切捨て）／合計 ＋ 1 → 四捨五入 = 2名／うち保育士1名（比率50%）,True
2026-10-07,10/7(水),19:00-19:30,19:00,19:30,2歳児,1,0,0,延長保育,2歳児 1名 → 必要人員0名／保育標準時間外（延長保育）／0歳児 1名 × 1/3 = 0.3（小数第2位以下切捨て）／1歳児・2歳児 4名 × 1/6 = 0.6（小数第2位以下切捨て）／3歳児 3名 × 1/20 = 0.1（小数第2位以下切捨て）／合計 ＋ 1 → 四捨五入 = 2名／うち保育士1名（比率50%）,True
2026-10-07,10/7(水),19:00-19:30,19:00,19:30,3歳児,3,0,0,延長保育,3歳児 3名 → 必要人員0名／保育標準時間外（延長保育）／0歳児 1名 × 1/3 = 0.3（小数第2位以下切捨て）／1歳児・2歳児 4名 × 1/6 = 0.6（小数第2位以下切捨て）／3歳児 3名 × 1/20 = 0.1（小数第2位以下切捨て）／合計 ＋ 1 → 四捨五入 = 2名／うち保育士1名（比率50%）,True
2026-10-08,10/8(木),07:00-07:30,07:00,07:30,0歳児,1,2,1,早朝保育,0歳児 1名 → 必要人員1名／早朝保育（保育標準時間前）／0歳児 1名 × 1/3 = 0.3（小数第2位以下切捨て）／5歳児以上 1名 × 1/30 = 0.0（小数第2位以下切捨て）／合計 ＋ 1 → 四捨五入 = 1名／うち保育士1名（比率50%）／2名ルールによる底上げ,True
2026-10-08,10/8(木),07:00-07:30,07:00,07:30,5歳児以上,1,0,0,早朝保育,5歳児以上 1名 → 必要人員0名／早朝保育（保育標準時間前）／0歳児 1名 × 1/3 = 0.3（小数第2位以下切捨て）／5歳児以上 1名 × 1/30 = 0.0（小数第2位以下切捨て）／合計 ＋ 1 → 四捨五入 = 1名／うち保育士1名（比率50%）,True
2026-10-08,10/8(木),07:30-08:00,07:30,08:00,0歳児,3,1,1,早朝保育,0歳児 3名 → 必要人員1名／早朝保育（保育標準時間前）／0歳児 3名 × 1/3 = 1.0（小数第2位以下切捨て）／4歳児・5歳児以上 2名 × 1/30 = 0.0（小数第2位以下切捨て）／合計 ＋ 1 → 四捨五入 = 2名／うち保育士1名（比率50%）,True
2026-10-08,10/8(木),07:30-08:00,07:30,08:00,4歳児,1,1,0,早朝保育,4歳児 1名 → 必要人員1名／早朝保育（保育標準時間前）／0歳児 3名 × 1/3 = 1.0（小数第2位以下切捨て）／4歳児・5歳児以上 2名 × 1/30 = 0.0（小数第2位以下切捨て）／合計 ＋ 1 → 四捨五入 = 2名／うち保育士1名（比率50%）,True
2026-10-08,10/8(木),07:30-08:00,07:30,08:00,5歳児以上,1,0,0,早朝保育,5歳児以上 1名 → 必要人員0名／早朝保育（保育標準時間前）／0歳児 3名 × 1/3 = 1.0（小数第2位以下切捨て）／4歳児・5歳児以上 2名 × 1/30 = 0.0（小数第2位以下切捨て）／合計 ＋ 1 → 四捨五入 = 2名／うち保育士1名（比率50%）,True
2026-10-08,10/8(木),08:00-08:30,08:00,08:30,0歳児,7,2,1,早朝保育,0歳児 7名 → 必要人員2名／早朝保育（保育標準時間前）／0歳児 7名 × 1/3 = 2.3（小数第2位以下切捨て）／1歳児・2歳児 7名 × 1/6 = 1.1（小数第2位以下切捨て）／3歳児 3名 × 1/20 = 0.1（小数第2位以下切捨て）／4歳児・5歳児以上 6名 × 1/30 = 0.2（小数第2位以下切捨て）／合計 ＋ 1 → 四捨五入 = 5名／うち保育士3名（比率50%）,True
2026-10-08,10/8(木),08:00-08:30,08:00,08:30,1歳児,4,1,1,早朝保育,1歳児 4名 → 必要人員1名／早朝保育（保育標準時間前）／0歳児 7名 × 1/3 = 2.3（小数第2位以下切捨て）／1歳児・2歳児 7名 × 1/6 = 1.1（小数第2位以下切捨て）／3歳児 3名 × 1/20 = 0.1（小数第2位以下切捨て）／4歳児・5歳児以上 6名 × 1/30 = 0.2（小数第2位以下切捨て）／合計 ＋ 1 → 四捨五入 = 5名／うち保育士3名（比率50%）,True
2026-10-08,10/8(木),08:00-08:30,08:00,08:30,2歳児,3,0,0,早朝保育,2歳児 3名 → 必要人員0名／早朝保育（保育標準時間前）／0歳児 7名 × 1/3 = 2.3（小数第2位以下切捨て）／1歳児・2歳児 7名 × 1/6 = 1.1（小数第2位以下切捨て）／3歳児 3名 × 1/20 = 0.1（小数第2位以下切捨て）／4歳児・5歳児以上 6名 × 1/30 = 0.2（小数第2位以下切捨て）／合計 ＋ 1 → 四捨五入 = 5名／うち保育士3名（比率50%）,True
2026-10-08,10/8(木),08:00-08:30,08:00,08:30,3歳児,3,1,1,早朝保育,3歳児 3名 → 必要人員1名／早朝保育（保育標準時間前）／0歳児 7名 × 1/3 = 2.3（小数第2位以下切捨て）／1歳児・2歳児 7名 × 1/6 = 1.1（小数第2位以下切捨て）／3歳児 3名 × 1/20 = 0.1（小数第2位以下切捨て）／4歳児・5歳児以上 6名 × 1/30 = 0.2（小数第2位以下切捨て）／合計 ＋ 1 → 四捨五入 = 5名／うち保育士3名（比率50%）,True
2026-10-08,10/8(木),08:00-08:30,08:00,08:30,4歳児,3,1,0,早朝保育,4歳児 3名 → 必要人員1名／早朝保育（保育標準時間前）／0歳児 7名 × 1/3 = 2.3（小数第2位以下切捨て）／1歳児・2歳児 7名 × 1/6 = 1.1（小数第2位以下切捨て）／3歳児 3名 × 1/20 = 0.1（小数第2位以下切捨て）／4歳児・5歳児以上 6名 × 1/30 = 0.2（小数第2位以下切捨て）／合計 ＋ 1 → 四捨五入 = 5名／うち保育士3名（比率50%）,True
2026-10-08,10/8(木),08:00-08:30,08:00,08:30,5歳児以上,3,0,0,早朝保育,5歳児以上 3名 → 必要人員0名／早朝保育（保育標準時間前）／0歳児 7名 × 1/3 = 2.3（小数第2位以下切捨て）／1歳児・2歳児 7名 × 1/6 = 1.1（小数第2位以下切捨て）／3歳児 3名 × 1/20 = 0.1（小数第2位以下切捨て）／4歳児・5歳児以上 6名 × 1/30 = 0.2（小数第2位以下切捨て）／合計 ＋ 1 → 四捨五入 = 5名／うち保育士3名（比率50%）,True
2026-10-08,10/8(木),08:30-09:00,08:30,09:00,0歳児,8,2,1,保育標準時間,0歳児 8名 → 必要人員2名／保育標準時間／0歳児 8名 × 1/3 = 2.6（小数第2位以下切捨て）／1歳児・2歳児 11名 × 1/6 = 1.8（小数第2位以下切捨て）／3歳児 4名 × 1/20 = 0.2（小数第2位以下切捨て）／4歳児・5歳児以上 8名 × 1/30 = 0.2（小数第2位以下切捨て）／合計 ＋ 1 → 四捨五入 = 6名／うち保育士3名（比率50%）,True
2026-10-08,10/8(木),08:30-09:00,08:30,09:00,1歳児,6,1,1,保育標準時間,1歳児 6名 → 必要人員1名／保育標準時間／0歳児 8名 × 1/3 = 2.6（小数第2位以下切捨て）／1歳児・2歳児 11名 × 1/6 = 1.8（小数第2位以下切捨て）／3歳児 4名 × 1/20 = 0.2（小数第2位以下切捨て）／4歳児・5歳児以上 8名 × 1/30 = 0.2（小数第2位以下切捨て）／合計 ＋ 1 → 四捨五入 = 6名／うち保育士3名（比率50%）,True
2026-10-08,10/8(木),08:30-09:00,08:30,09:00,2歳児,5,1,1,保育標準時間,2歳児 5名 → 必要人員1名／保育標準時間／0歳児 8名 × 1/3 = 2.6（小数第2位以下切捨て）／1歳児・2歳児 11名 × 1/6 = 1.8（小数第2位以下切捨て）／3歳児 4名 × 1/20 = 0.2（小数第2位以下切捨て）／4歳児・5歳児以上 8名 × 1/30 = 0.2（小数第2位以下切捨て）／合計 ＋ 1 → 四捨五入 = 6名／うち保育士3名（比率50%）,True
2026-10-08,10/8(木),08:30-09:00,08:30,09:00,3歳児,4,1,0,保育標準時間,3歳児 4名 → 必要人員1名／保育標準時間／0歳児 8名 × 1/3 = 2.6（小数第2位以下切捨て）／1歳児・2歳児 11名 × 1/6 = 1.8（小数第2位以下切捨て）／3歳児 4名 × 1/20 = 0.2（小数第2位以下切捨て）／4歳児・5歳児以上 8名 × 1/30 = 0.2（小数第2位以下切捨て）／合計 ＋ 1 → 四捨五入 = 6名／うち保育士3名（比率50%）,True
2026-10-08,10/8(木),08:30-09:00,08:30,09:00,4歳児,4,1,0,保育標準時間,4歳児 4名 → 必要人員1名／保育標準時間／0歳児 8名 × 1/3 = 2.6（小数第2位以下切捨て）／1歳児・2歳児 11名 × 1/6 = 1.8（小数第2位以下切捨て）／3歳児 4名 × 1/20 = 0.2（小数第2位以下切捨て）／4歳児・5歳児以上 8名 × 1/30 = 0.2（小数第2位以下切捨て）／合計 ＋ 1 → 四捨五入 = 6名／うち保育士3名（比率50%）,True
2026-10-08,10/8(木),08:30-09:00,08:30,09:00,5歳児以上,4,0,0,保育標準時間,5歳児以上 4名 → 必要人員0名／保育標準時間／0歳児 8名 × 1/3 = 2.6（小数第2位以下切捨て）／1歳児・2歳児 11名 × 1/6 = 1.8（小数第2位以下切捨て）／3歳児 4名 × 1/20 = 0.2（小数第2位以下切捨て）／4歳児・5歳児以上 8名 × 1/30 = 0.2（小数第2位以下切捨て）／合計 ＋ 1 → 四捨五入 = 6名／うち保育士3名（比率50%）,True
2026-10-08,10/8(木),09:00-09:30,09:00,09:30,0歳児,8,2,1,保育標準時間,0歳児 8名 → 必要人員2名／保育標準時間／0歳児 8名 × 1/3 = 2.6（小数第2位以下切捨て）／1歳児・2歳児 11名 × 1/6 = 1.8（小数第2位以下切捨て）／3歳児 5名 × 1/20 = 0.2（小数第2位以下切捨て）／4歳児・5歳児以上 8名 × 1/30 = 0.2（小数第2位以下切捨て）／合計 ＋ 1 → 四捨五入 = 6名／うち保育士3名（比率50%）,True
2026-10-08,10/8(木),09:00-09:30,09:00,09:30,1歳児,6,1,1,保育標準時間,1歳児 6名 → 必要人員1名／保育標準時間／0歳児 8名 × 1/3 = 2.6（小数第2位以下切捨て）／1歳児・2歳児 11名 × 1/6 = 1.8（小数第2位以下切捨て）／3歳児 5名 × 1/20 = 0.2（小数第2位以下切捨て）／4歳児・5歳児以上 8名 × 1/30 = 0.2（小数第2位以下切捨て）／合計 ＋ 1 → 四捨五入 = 6名／うち保育士3名（比率50%）,True
2026-10-08,10/8(木),09:00-09:30,09:00,09:30,2歳児,5,1,1,保育標準時間,2歳児 5名 → 必要人員1名／保育標準時間／0歳児 8名 × 1/3 = 2.6（小数第2位以下切捨て）／1歳児・2歳児 11名 × 1/6 = 1.8（小数第2位以下切捨て）／3歳児 5名 × 1/20 = 0.2（小数第2位以下切捨て）／4歳児・5歳児以上 8名 × 1/30 = 0.2（小数第2位以下切捨て）／合計 ＋ 1 → 四捨五入 = 6名／うち保育士3名（比率50%）,True
2026-10-08,10/8(木),09:00-09:30,09:00,09:30,3歳児,5,1,0,保育標準時間,3歳児 5名 → 必要人員1名／保育標準時間／0歳児 8名 × 1/3 = 2.6（小数第2位以下切捨て）／1歳児・2歳児 11名 × 1/6 = 1.8（小数第2位以下切捨て）／3歳児 5名 × 1/20 = 0.2（小数第2位以下切捨て）／4歳児・5歳児以上 8名 × 1/30 = 0.2（小数第2位以下切捨て）／合計 ＋ 1 → 四捨五入 = 6名／うち保育士3名（比率50%）,True
2026-10-08,10/8(木),09:00-09:30,09:00,09:30,4歳児,4,1,0,保育標準時間,4歳児 4名 → 必要人員1名／保育標準時間／0歳児 8名 × 1/3 = 2.6（小数第2位以下切捨て）／1歳児・2歳児 11名 × 1/6 = 1.8（小数第2位以下切捨て）／3歳児 5名 × 1/20 = 0.2（小数第2位以下切捨て）／4歳児・5歳児以上 8名 × 1/30 = 0.2（小数第2位以下切捨て）／合計 ＋ 1 → 四捨五入 = 6名／うち保育士3名（比率50%）,True
2026-10-08,10/8(木),09:00-09:30,09:00,09:30,5歳児以上,4,0,0,保育標準時間,5歳児以上 4名 → 必要人員0名／保育標準時間／0歳児 8名 × 1/3 = 2.6（小数第2位以下切捨て）／1歳児・2歳児 11名 × 1/6 = 1.8（小数第2位以下切捨て）／3歳児 5名 × 1/20 = 0.2（小数第2位以下切捨て）／4歳児・5歳児以上 8名 × 1/30 = 0.2（小数第2位以下切捨て）／合計 ＋ 1 → 四捨五入 = 6名／うち保育士3名（比率50%）,True
2026-10-08,10/8(木),09:30-10:00,09:30,10:00,0歳児,8,2,1,保育標準時間,0歳児 8名 → 必要人員2名／保育標準時間／0歳児 8名 × 1/3 = 2.6（小数第2位以下切捨て）／1歳児・2歳児 11名 × 1/6 = 1.8（小数第2位以下切捨て）／3歳児 5名 × 1/20 = 0.2（小数第2位以下切捨て）／4歳児・5歳児以上 8名 × 1/30 = 0.2（小数第2位以下切捨て）／合計 ＋ 1 → 四捨五入 = 6名／うち保育士3名（比率50%）,True
2026-10-08,10/8(木),09:30-10:00,09:30,10:00,1歳児,6,1,1,保育標準時間,1歳児 6名 → 必要人員1名／保育標準時間／0歳児 8名 × 1/3 = 2.6（小数第2位以下切捨て）／1歳児・2歳児 11名 × 1/6 = 1.8（小数第2位以下切捨て）／3歳児 5名 × 1/20 = 0.2（小数第2位以下切捨て）／4歳児・5歳児以上 8名 × 1/30 = 0.2（小数第2位以下切捨て）／合計 ＋ 1 → 四捨五入 = 6名／うち保育士3名（比率50%）,True
2026-10-08,10/8(木),09:30-10:00,09:30,10:00,2歳児,5,1,1,保育標準時間,2歳児 5名 → 必要人員1名／保育標準時間／0歳児 8名 × 1/3 = 2.6（小数第2位以下切捨て）／1歳児・2歳児 11名 × 1/6 = 1.8（小数第2位以下切捨て）／3歳児 5名 × 1/20 = 0.2（小数第2位以下切捨て）／4歳児・5歳児以上 8名 × 1/30 = 0.2（小数第2位以下切捨て）／合計 ＋ 1 → 四捨五入 = 6名／うち保育士3名（比率50%）,True
2026-10-08,10/8(木),09:30-10:00,09:30,10:00,3歳児,5,1,0,保育標準時間,3歳児 5名 → 必要人員1名／保育標準時間／0歳児 8名 × 1/3 = 2.6（小数第2位以下切捨て）／1歳児・2歳児 11名 × 1/6 = 1.8（小数第2位以下切捨て）／3歳児 5名 × 1/20 = 0.2（小数第2位以下切捨て）／4歳児・5歳児以上 8名 × 1/30 = 0.2（小数第2位以下切捨て）／合計 ＋ 1 → 四捨五入 = 6名／うち保育士3名（比率50%）,True
2026-10-08,10/8(木),09:30-10:00,09:30,10:00,4歳児,4,1,0,保育標準時間,4歳児 4名 → 必要人員1名／保育標準時間／0歳児 8名 × 1/3 = 2.6（小数第2位以下切捨て）／1歳児・2歳児 11名 × 1/6 = 1.8（小数第2位以下切捨て）／3歳児 5名 × 1/20 = 0.2（小数第2位以下切捨て）／4歳児・5歳児以上 8名 × 1/30 = 0.2（小数第2位以下切捨て）／合計 ＋ 1 → 四捨五入 = 6名／うち保育士3名（比率50%）,True
2026-10-08,10/8(木),09:30-10:00,09:30,10:00,5歳児以上,4,0,0,保育標準時間,5歳児以上 4名 → 必要人員0名／保育標準時間／0歳児 8名 × 1/3 = 2.6（小数第2位以下切捨て）／1歳児・2歳児 11名 × 1/6 = 1.8（小数第2位以下切捨て）／3歳児 5名 × 1/20 = 0.2（小数第2位以下切捨て）／4歳児・5歳児以上 8名 × 1/30 = 0.2（小数第2位以下切捨て）／合計 ＋ 1 → 四捨五入 = 6名／うち保育士3名（比率50%）,True
2026-10-08,10/8(木),10:00-10:30,10:00,10:30,0歳児,8,2,1,保育標準時間,0歳児 8名 → 必要人員2名／保育標準時間／0歳児 8名 × 1/3 = 2.6（小数第2位以下切捨て）／1歳児・2歳児 11名 × 1/6 = 1.8（小数第2位以下切捨て）／3歳児 5名 × 1/20 = 0.2（小数第2位以下切捨て）／4歳児・5歳児以上 8名 × 1/30 = 0.2（小数第2位以下切捨て）／合計 ＋ 1 → 四捨五入 = 6名／うち保育士3名（比率50%）,True
2026-10-08,10/8(木),10:00-10:30,10:00,10:30,1歳児,6,1,1,保育標準時間,1歳児 6名 → 必要人員1名／保育標準時間／0歳児 8名 × 1/3 = 2.6（小数第2位以下切捨て）／1歳児・2歳児 11名 × 1/6 = 1.8（小数第2位以下切捨て）／3歳児 5名 × 1/20 = 0.2（小数第2位以下切捨て）／4歳児・5歳児以上 8名 × 1/30 = 0.2（小数第2位以下切捨て）／合計 ＋ 1 → 四捨五入 = 6名／うち保育士3名（比率50%）,True
2026-10-08,10/8(木),10:00-10:30,10:00,10:30,2歳児,5,1,1,保育標準時間,2歳児 5名 → 必要人員1名／保育標準時間／0歳児 8名 × 1/3 = 2.6（小数第2位以下切捨て）／1歳児・2歳児 11名 × 1/6 = 1.8（小数第2位以下切捨て）／3歳児 5名 × 1/20 = 0.2（小数第2位以下切捨て）／4歳児・5歳児以上 8名 × 1/30 = 0.2（小数第2位以下切捨て）／合計 ＋ 1 → 四捨五入 = 6名／うち保育士3名（比率50%）,True
2026-10-08,10/8(木),10:00-10:30,10:00,10:30,3歳児,5,1,0,保育標準時間,3歳児 5名 → 必要人員1名／保育標準時間／0歳児 8名 × 1/3 = 2.6（小数第2位以下切捨て）／1歳児・2歳児 11名 × 1/6 = 1.8（小数第2位以下切捨て）／3歳児 5名 × 1/20 = 0.2（小数第2位以下切捨て）／4歳児・5歳児以上 8名 × 1/30 = 0.2（小数第2位以下切捨て）／合計 ＋ 1 → 四捨五入 = 6名／うち保育士3名（比率50%）,True
2026-10-08,10/8(木),10:00-10:30,10:00,10:30,4歳児,4,1,0,保育標準時間,4歳児 4名 → 必要人員1名／保育標準時間／0歳児 8名 × 1/3 = 2.6（小数第2位以下切捨て）／1歳児・2歳児 11名 × 1/6 = 1.8（小数第2位以下切捨て）／3歳児 5名 × 1/20 = 0.2（小数第2位以下切捨て）／4歳児・5歳児以上 8名 × 1/30 = 0.2（小数第2位以下切捨て）／合計 ＋ 1 → 四捨五入 = 6名／うち保育士3名（比率50%）,True
2026-10-08,10/8(木),10:00-10:30,10:00,10:30,5歳児以上,4,0,0,保育標準時間,5歳児以上 4名 → 必要人員0名／保育標準時間／0歳児 8名 × 1/3 = 2.6（小数第2位以下切捨て）／1歳児・2歳児 11名 × 1/6 = 1.8（小数第2位以下切捨て）／3歳児 5名 × 1/20 = 0.2（小数第2位以下切捨て）／4歳児・5歳児以上 8名 × 1/30 = 0.2（小数第2位以下切捨て）／合計 ＋ 1 → 四捨五入 = 6名／うち保育士3名（比率50%）,True
2026-10-08,10/8(木),10:30-11:00,10:30,11:00,0歳児,8,2,1,保育標準時間,0歳児 8名 → 必要人員2名／保育標準時間／0歳児 8名 × 1/3 = 2.6（小数第2位以下切捨て）／1歳児・2歳児 11名 × 1/6 = 1.8（小数第2位以下切捨て）／3歳児 5名 × 1/20 = 0.2（小数第2位以下切捨て）／4歳児・5歳児以上 8名 × 1/30 = 0.2（小数第2位以下切捨て）／合計 ＋ 1 → 四捨五入 = 6名／うち保育士3名（比率50%）,True
2026-10-08,10/8(木),10:30-11:00,10:30,11:00,1歳児,6,1,1,保育標準時間,1歳児 6名 → 必要人員1名／保育標準時間／0歳児 8名 × 1/3 = 2.6（小数第2位以下切捨て）／1歳児・2歳児 11名 × 1/6 = 1.8（小数第2位以下切捨て）／3歳児 5名 × 1/20 = 0.2（小数第2位以下切捨て）／4歳児・5歳児以上 8名 × 1/30 = 0.2（小数第2位以下切捨て）／合計 ＋ 1 → 四捨五入 = 6名／うち保育士3名（比率50%）,True
2026-10-08,10/8(木),10:30-11:00,10:30,11:00,2歳児,5,1,1,保育標準時間,2歳児 5名 → 必要人員1名／保育標準時間／0歳児 8名 × 1/3 = 2.6（小数第2位以下切捨て）／1歳児・2歳児 11名 × 1/6 = 1.8（小数第2位以下切捨て）／3歳児 5名 × 1/20 = 0.2（小数第2位以下切捨て）／4歳児・5歳児以上 8名 × 1/30 = 0.2（小数第2位以下切捨て）／合計 ＋ 1 → 四捨五入 = 6名／うち保育士3名（比率50%）,True
2026-10-08,10/8(木),10:30-11:00,10:30,11:00,3歳児,5,1,0,保育標準時間,3歳児 5名 → 必要人員1名／保育標準時間／0歳児 8名 × 1/3 = 2.6（小数第2位以下切捨て）／1歳児・2歳児 11名 × 1/6 = 1.8（小数第2位以下切捨て）／3歳児 5名 × 1/20 = 0.2（小数第2位以下切捨て）／4歳児・5歳児以上 8名 × 1/30 = 0.2（小数第2位以下切捨て）／合計 ＋ 1 → 四捨五入 = 6名／うち保育士3名（比率50%）,True
2026-10-08,10/8(木),10:30-11:00,10:30,11:00,4歳児,4,1,0,保育標準時間,4歳児 4名 → 必要人員1名／保育標準時間／0歳児 8名 × 1/3 = 2.6（小数第2位以下切捨て）／1歳児・2歳児 11名 × 1/6 = 1.8（小数第2位以下切捨て）／3歳児 5名 × 1/20 = 0.2（小数第2位以下切捨て）／4歳児・5歳児以上 8名 × 1/30 = 0.2（小数第2位以下切捨て）／合計 ＋ 1 → 四捨五入 = 6名／うち保育士3名（比率50%）,True
2026-10-08,10/8(木),10:30-11:00,10:30,11:00,5歳児以上,4,0,0,保育標準時間,5歳児以上 4名 → 必要人員0名／保育標準時間／0歳児 8名 × 1/3 = 2.6（小数第2位以下切捨て）／1歳児・2歳児 11名 × 1/6 = 1.8（小数第2位以下切捨て）／3歳児 5名 × 1/20 = 0.2（小数第2位以下切捨て）／4歳児・5歳児以上 8名 × 1/30 = 0.2（小数第2位以下切捨て）／合計 ＋ 1 → 四捨五入 = 6名／うち保育士3名（比率50%）,True
2026-10-08,10/8(木),11:00-11:30,11:00,11:30,0歳児,8,2,1,保育標準時間,0歳児 8名 → 必要人員2名／保育標準時間／0歳児 8名 × 1/3 = 2.6（小数第2位以下切捨て）／1歳児・2歳児 11名 × 1/6 = 1.8（小数第2位以下切捨て）／3歳児 5名 × 1/20 = 0.2（小数第2位以下切捨て）／4歳児・5歳児以上 8名 × 1/30 = 0.2（小数第2位以下切捨て）／合計 ＋ 1 → 四捨五入 = 6名／うち保育士3名（比率50%）,True
2026-10-08,10/8(木),11:00-11:30,11:00,11:30,1歳児,6,1,1,保育標準時間,1歳児 6名 → 必要人員1名／保育標準時間／0歳児 8名 × 1/3 = 2.6（小数第2位以下切捨て）／1歳児・2歳児 11名 × 1/6 = 1.8（小数第2位以下切捨て）／3歳児 5名 × 1/20 = 0.2（小数第2位以下切捨て）／4歳児・5歳児以上 8名 × 1/30 = 0.2（小数第2位以下切捨て）／合計 ＋ 1 → 四捨五入 = 6名／うち保育士3名（比率50%）,True
2026-10-08,10/8(木),11:00-11:30,11:00,11:30,2歳児,5,1,1,保育標準時間,2歳児 5名 → 必要人員1名／保育標準時間／0歳児 8名 × 1/3 = 2.6（小数第2位以下切捨て）／1歳児・2歳児 11名 × 1/6 = 1.8（小数第2位以下切捨て）／3歳児 5名 × 1/20 = 0.2（小数第2位以下切捨て）／4歳児・5歳児以上 8名 × 1/30 = 0.2（小数第2位以下切捨て）／合計 ＋ 1 → 四捨五入 = 6名／うち保育士3名（比率50%）,True
2026-10-08,10/8(木),11:00-11:30,11:00,11:30,3歳児,5,1,0,保育標準時間,3歳児 5名 → 必要人員1名／保育標準時間／0歳児 8名 × 1/3 = 2.6（小数第2位以下切捨て）／1歳児・2歳児 11名 × 1/6 = 1.8（小数第2位以下切捨て）／3歳児 5名 × 1/20 = 0.2（小数第2位以下切捨て）／4歳児・5歳児以上 8名 × 1/30 = 0.2（小数第2位以下切捨て）／合計 ＋ 1 → 四捨五入 = 6名／うち保育士3名（比率50%）,True
2026-10-08,10/8(木),11:00-11:30,11:00,11:30,4歳児,4,1,0,保育標準時間,4歳児 4名 → 必要人員1名／保育標準時間／0歳児 8名 × 1/3 = 2.6（小数第2位以下切捨て）／1歳児・2歳児 11名 × 1/6 = 1.8（小数第2位以下切捨て）／3歳児 5名 × 1/20 = 0.2（小数第2位以下切捨て）／4歳児・5歳児以上 8名 × 1/30 = 0.2（小数第2位以下切捨て）／合計 ＋ 1 → 四捨五入 = 6名／うち保育士3名（比率50%）,True
2026-10-08,10/8(木),11:00-11:30,11:00,11:30,5歳児以上,4,0,0,保育標準時間,5歳児以上 4名 → 必要人員0名／保育標準時間／0歳児 8名 × 1/3 = 2.6（小数第2位以下切捨て）／1歳児・2歳児 11名 × 1/6 = 1.8（小数第2位以下切捨て）／3歳児 5名 × 1/20 = 0.2（小数第2位以下切捨て）／4歳児・5歳児以上 8名 × 1/30 = 0.2（小数第2位以下切捨て）／合計 ＋ 1 → 四捨五入 = 6名／うち保育士3名（比率50%）,True
2026-10-08,10/8(木),11:30-12:00,11:30,12:00,0歳児,8,2,1,保育標準時間,0歳児 8名 → 必要人員2名／保育標準時間／0歳児 8名 × 1/3 = 2.6（小数第2位以下切捨て）／1歳児・2歳児 11名 × 1/6 = 1.8（小数第2位以下切捨て）／3歳児 5名 × 1/20 = 0.2（小数第2位以下切捨て）／4歳児・5歳児以上 8名 × 1/30 = 0.2（小数第2位以下切捨て）／合計 ＋ 1 → 四捨五入 = 6名／うち保育士3名（比率50%）,True
2026-10-08,10/8(木),11:30-12:00,11:30,12:00,1歳児,6,1,1,保育標準時間,1歳児 6名 → 必要人員1名／保育標準時間／0歳児 8名 × 1/3 = 2.6（小数第2位以下切捨て）／1歳児・2歳児 11名 × 1/6 = 1.8（小数第2位以下切捨て）／3歳児 5名 × 1/20 = 0.2（小数第2位以下切捨て）／4歳児・5歳児以上 8名 × 1/30 = 0.2（小数第2位以下切捨て）／合計 ＋ 1 → 四捨五入 = 6名／うち保育士3名（比率50%）,True
2026-10-08,10/8(木),11:30-12:00,11:30,12:00,2歳児,5,1,1,保育標準時間,2歳児 5名 → 必要人員1名／保育標準時間／0歳児 8名 × 1/3 = 2.6（小数第2位以下切捨て）／1歳児・2歳児 11名 × 1/6 = 1.8（小数第2位以下切捨て）／3歳児 5名 × 1/20 = 0.2（小数第2位以下切捨て）／4歳児・5歳児以上 8名 × 1/30 = 0.2（小数第2位以下切捨て）／合計 ＋ 1 → 四捨五入 = 6名／うち保育士3名（比率50%）,True
2026-10-08,10/8(木),11:30-12:00,11:30,12:00,3歳児,5,1,0,保育標準時間,3歳児 5名 → 必要人員1名／保育標準時間／0歳児 8名 × 1/3 = 2.6（小数第2位以下切捨て）／1歳児・2歳児 11名 × 1/6 = 1.8（小数第2位以下切捨て）／3歳児 5名 × 1/20 = 0.2（小数第2位以下切捨て）／4歳児・5歳児以上 8名 × 1/30 = 0.2（小数第2位以下切捨て）／合計 ＋ 1 → 四捨五入 = 6名／うち保育士3名（比率50%）,True
2026-10-08,10/8(木),11:30-12:00,11:30,12:00,4歳児,4,1,0,保育標準時間,4歳児 4名 → 必要人員1名／保育標準時間／0歳児 8名 × 1/3 = 2.6（小数第2位以下切捨て）／1歳児・2歳児 11名 × 1/6 = 1.8（小数第2位以下切捨て）／3歳児 5名 × 1/20 = 0.2（小数第2位以下切捨て）／4歳児・5歳児以上 8名 × 1/30 = 0.2（小数第2位以下切捨て）／合計 ＋ 1 → 四捨五入 = 6名／うち保育士3名（比率50%）,True
2026-10-08,10/8(木),11:30-12:00,11:30,12:00,5歳児以上,4,0,0,保育標準時間,5歳児以上 4名 → 必要人員0名／保育標準時間／0歳児 8名 × 1/3 = 2.6（小数第2位以下切捨て）／1歳児・2歳児 11名 × 1/6 = 1.8（小数第2位以下切捨て）／3歳児 5名 × 1/20 = 0.2（小数第2位以下切捨て）／4歳児・5歳児以上 8名 × 1/30 = 0.2（小数第2位以下切捨て）／合計 ＋ 1 → 四捨五入 = 6名／うち保育士3名（比率50%）,True
2026-10-08,10/8(木),12:00-12:30,12:00,12:30,0歳児,8,2,1,保育標準時間,0歳児 8名 → 必要人員2名／保育標準時間／0歳児 8名 × 1/3 = 2.6（小数第2位以下切捨て）／1歳児・2歳児 11名 × 1/6 = 1.8（小数第2位以下切捨て）／3歳児 5名 × 1/20 = 0.2（小数第2位以下切捨て）／4歳児・5歳児以上 8名 × 1/30 = 0.2（小数第2位以下切捨て）／合計 ＋ 1 → 四捨五入 = 6名／うち保育士3名（比率50%）,True
2026-10-08,10/8(木),12:00-12:30,12:00,12:30,1歳児,6,1,1,保育標準時間,1歳児 6名 → 必要人員1名／保育標準時間／0歳児 8名 × 1/3 = 2.6（小数第2位以下切捨て）／1歳児・2歳児 11名 × 1/6 = 1.8（小数第2位以下切捨て）／3歳児 5名 × 1/20 = 0.2（小数第2位以下切捨て）／4歳児・5歳児以上 8名 × 1/30 = 0.2（小数第2位以下切捨て）／合計 ＋ 1 → 四捨五入 = 6名／うち保育士3名（比率50%）,True
2026-10-08,10/8(木),12:00-12:30,12:00,12:30,2歳児,5,1,1,保育標準時間,2歳児 5名 → 必要人員1名／保育標準時間／0歳児 8名 × 1/3 = 2.6（小数第2位以下切捨て）／1歳児・2歳児 11名 × 1/6 = 1.8（小数第2位以下切捨て）／3歳児 5名 × 1/20 = 0.2（小数第2位以下切捨て）／4歳児・5歳児以上 8名 × 1/30 = 0.2（小数第2位以下切捨て）／合計 ＋ 1 → 四捨五入 = 6名／うち保育士3名（比率50%）,True
2026-10-08,10/8(木),12:00-12:30,12:00,12:30,3歳児,5,1,0,保育標準時間,3歳児 5名 → 必要人員1名／保育標準時間／0歳児 8名 × 1/3 = 2.6（小数第2位以下切捨て）／1歳児・2歳児 11名 × 1/6 = 1.8（小数第2位以下切捨て）／3歳児 5名 × 1/20 = 0.2（小数第2位以下切捨て）／4歳児・5歳児以上 8名 × 1/30 = 0.2（小数第2位以下切捨て）／合計 ＋ 1 → 四捨五入 = 6名／うち保育士3名（比率50%）,True
2026-10-08,10/8(木),12:00-12:30,12:00,12:30,4歳児,4,1,0,保育標準時間,4歳児 4名 → 必要人員1名／保育標準時間／0歳児 8名 × 1/3 = 2.6（小数第2位以下切捨て）／1歳児・2歳児 11名 × 1/6 = 1.8（小数第2位以下切捨て）／3歳児 5名 × 1/20 = 0.2（小数第2位以下切捨て）／4歳児・5歳児以上 8名 × 1/30 = 0.2（小数第2位以下切捨て）／合計 ＋ 1 → 四捨五入 = 6名／うち保育士3名（比率50%）,True
2026-10-08,10/8(木),12:00-12:30,12:00,12:30,5歳児以上,4,0,0,保育標準時間,5歳児以上 4名 → 必要人員0名／保育標準時間／0歳児 8名 × 1/3 = 2.6（小数第2位以下切捨て）／1歳児・2歳児 11名 × 1/6 = 1.8（小数第2位以下切捨て）／3歳児 5名 × 1/20 = 0.2（小数第2位以下切捨て）／4歳児・5歳児以上 8名 × 1/30 = 0.2（小数第2位以下切捨て）／合計 ＋ 1 → 四捨五入 = 6名／うち保育士3名（比率50%）,True
2026-10-08,10/8(木),12:30-13:00,12:30,13:00,0歳児,8,2,1,保育標準時間,0歳児 8名 → 必要人員2名／保育標準時間／0歳児 8名 × 1/3 = 2.6（小数第2位以下切捨て）／1歳児・2歳児 11名 × 1/6 = 1.8（小数第2位以下切捨て）／3歳児 5名 × 1/20 = 0.2（小数第2位以下切捨て）／4歳児・5歳児以上 8名 × 1/30 = 0.2（小数第2位以下切捨て）／合計 ＋ 1 → 四捨五入 = 6名／うち保育士3名（比率50%）,True
2026-10-08,10/8(木),12:30-13:00,12:30,13:00,1歳児,6,1,1,保育標準時間,1歳児 6名 → 必要人員1名／保育標準時間／0歳児 8名 × 1/3 = 2.6（小数第2位以下切捨て）／1歳児・2歳児 11名 × 1/6 = 1.8（小数第2位以下切捨て）／3歳児 5名 × 1/20 = 0.2（小数第2位以下切捨て）／4歳児・5歳児以上 8名 × 1/30 = 0.2（小数第2位以下切捨て）／合計 ＋ 1 → 四捨五入 = 6名／うち保育士3名（比率50%）,True
2026-10-08,10/8(木),12:30-13:00,12:30,13:00,2歳児,5,1,1,保育標準時間,2歳児 5名 → 必要人員1名／保育標準時間／0歳児 8名 × 1/3 = 2.6（小数第2位以下切捨て）／1歳児・2歳児 11名 × 1/6 = 1.8（小数第2位以下切捨て）／3歳児 5名 × 1/20 = 0.2（小数第2位以下切捨て）／4歳児・5歳児以上 8名 × 1/30 = 0.2（小数第2位以下切捨て）／合計 ＋ 1 → 四捨五入 = 6名／うち保育士3名（比率50%）,True
2026-10-08,10/8(木),12:30-13:00,12:30,13:00,3歳児,5,1,0,保育標準時間,3歳児 5名 → 必要人員1名／保育標準時間／0歳児 8名 × 1/3 = 2.6（小数第2位以下切捨て）／1歳児・2歳児 11名 × 1/6 = 1.8（小数第2位以下切捨て）／3歳児 5名 × 1/20 = 0.2（小数第2位以下切捨て）／4歳児・5歳児以上 8名 × 1/30 = 0.2（小数第2位以下切捨て）／合計 ＋ 1 → 四捨五入 = 6名／うち保育士3名（比率50%）,True
2026-10-08,10/8(木),12:30-13:00,12:30,13:00,4歳児,4,1,0,保育標準時間,4歳児 4名 → 必要人員1名／保育標準時間／0歳児 8名 × 1/3 = 2.6（小数第2位以下切捨て）／1歳児・2歳児 11名 × 1/6 = 1.8（小数第2位以下切捨て）／3歳児 5名 × 1/20 = 0.2（小数第2位以下切捨て）／4歳児・5歳児以上 8名 × 1/30 = 0.2（小数第2位以下切捨て）／合計 ＋ 1 → 四捨五入 = 6名／うち保育士3名（比率50%）,True
2026-10-08,10/8(木),12:30-13:00,12:30,13:00,5歳児以上,4,0,0,保育標準時間,5歳児以上 4名 → 必要人員0名／保育標準時間／0歳児 8名 × 1/3 = 2.6（小数第2位以下切捨て）／1歳児・2歳児 11名 × 1/6 = 1.8（小数第2位以下切捨て）／3歳児 5名 × 1/20 = 0.2（小数第2位以下切捨て）／4歳児・5歳児以上 8名 × 1/30 = 0.2（小数第2位以下切捨て）／合計 ＋ 1 → 四捨五入 = 6名／うち保育士3名（比率50%）,True
2026-10-08,10/8(木),13:00-13:30,13:00,13:30,0歳児,8,2,1,保育標準時間,0歳児 8名 → 必要人員2名／保育標準時間／0歳児 8名 × 1/3 = 2.6（小数第2位以下切捨て）／1歳児・2歳児 11名 × 1/6 = 1.8（小数第2位以下切捨て）／3歳児 5名 × 1/20 = 0.2（小数第2位以下切捨て）／4歳児・5歳児以上 8名 × 1/30 = 0.2（小数第2位以下切捨て）／合計 ＋ 1 → 四捨五入 = 6名／うち保育士3名（比率50%）,True
2026-10-08,10/8(木),13:00-13:30,13:00,13:30,1歳児,6,1,1,保育標準時間,1歳児 6名 → 必要人員1名／保育標準時間／0歳児 8名 × 1/3 = 2.6（小数第2位以下切捨て）／1歳児・2歳児 11名 × 1/6 = 1.8（小数第2位以下切捨て）／3歳児 5名 × 1/20 = 0.2（小数第2位以下切捨て）／4歳児・5歳児以上 8名 × 1/30 = 0.2（小数第2位以下切捨て）／合計 ＋ 1 → 四捨五入 = 6名／うち保育士3名（比率50%）,True
2026-10-08,10/8(木),13:00-13:30,13:00,13:30,2歳児,5,1,1,保育標準時間,2歳児 5名 → 必要人員1名／保育標準時間／0歳児 8名 × 1/3 = 2.6（小数第2位以下切捨て）／1歳児・2歳児 11名 × 1/6 = 1.8（小数第2位以下切捨て）／3歳児 5名 × 1/20 = 0.2（小数第2位以下切捨て）／4歳児・5歳児以上 8名 × 1/30 = 0.2（小数第2位以下切捨て）／合計 ＋ 1 → 四捨五入 = 6名／うち保育士3名（比率50%）,True
2026-10-08,10/8(木),13:00-13:30,13:00,13:30,3歳児,5,1,0,保育標準時間,3歳児 5名 → 必要人員1名／保育標準時間／0歳児 8名 × 1/3 = 2.6（小数第2位以下切捨て）／1歳児・2歳児 11名 × 1/6 = 1.8（小数第2位以下切捨て）／3歳児 5名 × 1/20 = 0.2（小数第2位以下切捨て）／4歳児・5歳児以上 8名 × 1/30 = 0.2（小数第2位以下切捨て）／合計 ＋ 1 → 四捨五入 = 6名／うち保育士3名（比率50%）,True
2026-10-08,10/8(木),13:00-13:30,13:00,13:30,4歳児,4,1,0,保育標準時間,4歳児 4名 → 必要人員1名／保育標準時間／0歳児 8名 × 1/3 = 2.6（小数第2位以下切捨て）／1歳児・2歳児 11名 × 1/6 = 1.8（小数第2位以下切捨て）／3歳児 5名 × 1/20 = 0.2（小数第2位以下切捨て）／4歳児・5歳児以上 8名 × 1/30 = 0.2（小数第2位以下切捨て）／合計 ＋ 1 → 四捨五入 = 6名／うち保育士3名（比率50%）,True
2026-10-08,10/8(木),13:00-13:30,13:00,13:30,5歳児以上,4,0,0,保育標準時間,5歳児以上 4名 → 必要人員0名／保育標準時間／0歳児 8名 × 1/3 = 2.6（小数第2位以下切捨て）／1歳児・2歳児 11名 × 1/6 = 1.8（小数第2位以下切捨て）／3歳児 5名 × 1/20 = 0.2（小数第2位以下切捨て）／4歳児・5歳児以上 8名 × 1/30 = 0.2（小数第2位以下切捨て）／合計 ＋ 1 → 四捨五入 = 6名／うち保育士3名（比率50%）,True
2026-10-08,10/8(木),13:30-14:00,13:30,14:00,0歳児,8,2,1,保育標準時間,0歳児 8名 → 必要人員2名／保育標準時間／0歳児 8名 × 1/3 = 2.6（小数第2位以下切捨て）／1歳児・2歳児 11名 × 1/6 = 1.8（小数第2位以下切捨て）／3歳児 5名 × 1/20 = 0.2（小数第2位以下切捨て）／4歳児・5歳児以上 8名 × 1/30 = 0.2（小数第2位以下切捨て）／合計 ＋ 1 → 四捨五入 = 6名／うち保育士3名（比率50%）,True
2026-10-08,10/8(木),13:30-14:00,13:30,14:00,1歳児,6,1,1,保育標準時間,1歳児 6名 → 必要人員1名／保育標準時間／0歳児 8名 × 1/3 = 2.6（小数第2位以下切捨て）／1歳児・2歳児 11名 × 1/6 = 1.8（小数第2位以下切捨て）／3歳児 5名 × 1/20 = 0.2（小数第2位以下切捨て）／4歳児・5歳児以上 8名 × 1/30 = 0.2（小数第2位以下切捨て）／合計 ＋ 1 → 四捨五入 = 6名／うち保育士3名（比率50%）,True
2026-10-08,10/8(木),13:30-14:00,13:30,14:00,2歳児,5,1,1,保育標準時間,2歳児 5名 → 必要人員1名／保育標準時間／0歳児 8名 × 1/3 = 2.6（小数第2位以下切捨て）／1歳児・2歳児 11名 × 1/6 = 1.8（小数第2位以下切捨て）／3歳児 5名 × 1/20 = 0.2（小数第2位以下切捨て）／4歳児・5歳児以上 8名 × 1/30 = 0.2（小数第2位以下切捨て）／合計 ＋ 1 → 四捨五入 = 6名／うち保育士3名（比率50%）,True
2026-10-08,10/8(木),13:30-14:00,13:30,14:00,3歳児,5,1,0,保育標準時間,3歳児 5名 → 必要人員1名／保育標準時間／0歳児 8名 × 1/3 = 2.6（小数第2位以下切捨て）／1歳児・2歳児 11名 × 1/6 = 1.8（小数第2位以下切捨て）／3歳児 5名 × 1/20 = 0.2（小数第2位以下切捨て）／4歳児・5歳児以上 8名 × 1/30 = 0.2（小数第2位以下切捨て）／合計 ＋ 1 → 四捨五入 = 6名／うち保育士3名（比率50%）,True
2026-10-08,10/8(木),13:30-14:00,13:30,14:00,4歳児,4,1,0,保育標準時間,4歳児 4名 → 必要人員1名／保育標準時間／0歳児 8名 × 1/3 = 2.6（小数第2位以下切捨て）／1歳児・2歳児 11名 × 1/6 = 1.8（小数第2位以下切捨て）／3歳児 5名 × 1/20 = 0.2（小数第2位以下切捨て）／4歳児・5歳児以上 8名 × 1/30 = 0.2（小数第2位以下切捨て）／合計 ＋ 1 → 四捨五入 = 6名／うち保育士3名（比率50%）,True
2026-10-08,10/8(木),13:30-14:00,13:30,14:00,5歳児以上,4,0,0,保育標準時間,5歳児以上 4名 → 必要人員0名／保育標準時間／0歳児 8名 × 1/3 = 2.6（小数第2位以下切捨て）／1歳児・2歳児 11名 × 1/6 = 1.8（小数第2位以下切捨て）／3歳児 5名 × 1/20 = 0.2（小数第2位以下切捨て）／4歳児・5歳児以上 8名 × 1/30 = 0.2（小数第2位以下切捨て）／合計 ＋ 1 → 四捨五入 = 6名／うち保育士3名（比率50%）,True
2026-10-08,10/8(木),14:00-14:30,14:00,14:30,0歳児,8,2,1,保育標準時間,0歳児 8名 → 必要人員2名／保育標準時間／0歳児 8名 × 1/3 = 2.6（小数第2位以下切捨て）／1歳児・2歳児 11名 × 1/6 = 1.8（小数第2位以下切捨て）／3歳児 5名 × 1/20 = 0.2（小数第2位以下切捨て）／4歳児・5歳児以上 8名 × 1/30 = 0.2（小数第2位以下切捨て）／合計 ＋ 1 → 四捨五入 = 6名／うち保育士3名（比率50%）,True
2026-10-08,10/8(木),14:00-14:30,14:00,14:30,1歳児,6,1,1,保育標準時間,1歳児 6名 → 必要人員1名／保育標準時間／0歳児 8名 × 1/3 = 2.6（小数第2位以下切捨て）／1歳児・2歳児 11名 × 1/6 = 1.8（小数第2位以下切捨て）／3歳児 5名 × 1/20 = 0.2（小数第2位以下切捨て）／4歳児・5歳児以上 8名 × 1/30 = 0.2（小数第2位以下切捨て）／合計 ＋ 1 → 四捨五入 = 6名／うち保育士3名（比率50%）,True
2026-10-08,10/8(木),14:00-14:30,14:00,14:30,2歳児,5,1,1,保育標準時間,2歳児 5名 → 必要人員1名／保育標準時間／0歳児 8名 × 1/3 = 2.6（小数第2位以下切捨て）／1歳児・2歳児 11名 × 1/6 = 1.8（小数第2位以下切捨て）／3歳児 5名 × 1/20 = 0.2（小数第2位以下切捨て）／4歳児・5歳児以上 8名 × 1/30 = 0.2（小数第2位以下切捨て）／合計 ＋ 1 → 四捨五入 = 6名／うち保育士3名（比率50%）,True
2026-10-08,10/8(木),14:00-14:30,14:00,14:30,3歳児,5,1,0,保育標準時間,3歳児 5名 → 必要人員1名／保育標準時間／0歳児 8名 × 1/3 = 2.6（小数第2位以下切捨て）／1歳児・2歳児 11名 × 1/6 = 1.8（小数第2位以下切捨て）／3歳児 5名 × 1/20 = 0.2（小数第2位以下切捨て）／4歳児・5歳児以上 8名 × 1/30 = 0.2（小数第2位以下切捨て）／合計 ＋ 1 → 四捨五入 = 6名／うち保育士3名（比率50%）,True
2026-10-08,10/8(木),14:00-14:30,14:00,14:30,4歳児,4,1,0,保育標準時間,4歳児 4名 → 必要人員1名／保育標準時間／0歳児 8名 × 1/3 = 2.6（小数第2位以下切捨て）／1歳児・2歳児 11名 × 1/6 = 1.8（小数第2位以下切捨て）／3歳児 5名 × 1/20 = 0.2（小数第2位以下切捨て）／4歳児・5歳児以上 8名 × 1/30 = 0.2（小数第2位以下切捨て）／合計 ＋ 1 → 四捨五入 = 6名／うち保育士3名（比率50%）,True
2026-10-08,10/8(木),14:00-14:30,14:00,14:30,5歳児以上,4,0,0,保育標準時間,5歳児以上 4名 → 必要人員0名／保育標準時間／0歳児 8名 × 1/3 = 2.6（小数第2位以下切捨て）／1歳児・2歳児 11名 × 1/6 = 1.8（小数第2位以下切捨て）／3歳児 5名 × 1/20 = 0.2（小数第2位以下切捨て）／4歳児・5歳児以上 8名 × 1/30 = 0.2（小数第2位以下切捨て）／合計 ＋ 1 → 四捨五入 = 6名／うち保育士3名（比率50%）,True
2026-10-08,10/8(木),14:30-15:00,14:30,15:00,0歳児,6,2,1,保育標準時間,0歳児 6名 → 必要人員2名／保育標準時間／0歳児 6名 × 1/3 = 2.0（小数第2位以下切捨て）／1歳児・2歳児 11名 × 1/6 = 1.8（小数第2位以下切捨て）／3歳児 4名 × 1/20 = 0.2（小数第2位以下切捨て）／4歳児・5歳児以上 7名 × 1/30 = 0.2（小数第2位以下切捨て）／合計 ＋ 1 → 四捨五入 = 5名／うち保育士3名（比率50%）,True
2026-10-08,10/8(木),14:30-15:00,14:30,15:00,1歳児,6,1,1,保育標準時間,1歳児 6名 → 必要人員1名／保育標準時間／0歳児 6名 × 1/3 = 2.0（小数第2位以下切捨て）／1歳児・2歳児 11名 × 1/6 = 1.8（小数第2位以下切捨て）／3歳児 4名 × 1/20 = 0.2（小数第2位以下切捨て）／4歳児・5歳児以上 7名 × 1/30 = 0.2（小数第2位以下切捨て）／合計 ＋ 1 → 四捨五入 = 5名／うち保育士3名（比率50%）,True
2026-10-08,10/8(木),14:30-15:00,14:30,15:00,2歳児,5,0,0,保育標準時間,2歳児 5名 → 必要人員0名／保育標準時間／0歳児 6名 × 1/3 = 2.0（小数第2位以下切捨て）／1歳児・2歳児 11名 × 1/6 = 1.8（小数第2位以下切捨て）／3歳児 4名 × 1/20 = 0.2（小数第2位以下切捨て）／4歳児・5歳児以上 7名 × 1/30 = 0.2（小数第2位以下切捨て）／合計 ＋ 1 → 四捨五入 = 5名／うち保育士3名（比率50%）,True
2026-10-08,10/8(木),14:30-15:00,14:30,15:00,3歳児,4,1,1,保育標準時間,3歳児 4名 → 必要人員1名／保育標準時間／0歳児 6名 × 1/3 = 2.0（小数第2位以下切捨て）／1歳児・2歳児 11名 × 1/6 = 1.8（小数第2位以下切捨て）／3歳児 4名 × 1/20 = 0.2（小数第2位以下切捨て）／4歳児・5歳児以上 7名 × 1/30 = 0.2（小数第2位以下切捨て）／合計 ＋ 1 → 四捨五入 = 5名／うち保育士3名（比率50%）,True
2026-10-08,10/8(木),14:30-15:00,14:30,15:00,4歳児,3,0,0,保育標準時間,4歳児 3名 → 必要人員0名／保育標準時間／0歳児 6名 × 1/3 = 2.0（小数第2位以下切捨て）／1歳児・2歳児 11名 × 1/6 = 1.8（小数第2位以下切捨て）／3歳児 4名 × 1/20 = 0.2（小数第2位以下切捨て）／4歳児・5歳児以上 7名 × 1/30 = 0.2（小数第2位以下切捨て）／合計 ＋ 1 → 四捨五入 = 5名／うち保育士3名（比率50%）,True
2026-10-08,10/8(木),14:30-15:00,14:30,15:00,5歳児以上,4,1,0,保育標準時間,5歳児以上 4名 → 必要人員1名／保育標準時間／0歳児 6名 × 1/3 = 2.0（小数第2位以下切捨て）／1歳児・2歳児 11名 × 1/6 = 1.8（小数第2位以下切捨て）／3歳児 4名 × 1/20 = 0.2（小数第2位以下切捨て）／4歳児・5歳児以上 7名 × 1/30 = 0.2（小数第2位以下切捨て）／合計 ＋ 1 → 四捨五入 = 5名／うち保育士3名（比率50%）,True
2026-10-08,10/8(木),15:00-15:30,15:00,15:30,0歳児,6,2,1,保育標準時間,0歳児 6名 → 必要人員2名／保育標準時間／0歳児 6名 × 1/3 = 2.0（小数第2位以下切捨て）／1歳児・2歳児 11名 × 1/6 = 1.8（小数第2位以下切捨て）／3歳児 4名 × 1/20 = 0.2（小数第2位以下切捨て）／4歳児・5歳児以上 7名 × 1/30 = 0.2（小数第2位以下切捨て）／合計 ＋ 1 → 四捨五入 = 5名／うち保育士3名（比率50%）,True
2026-10-08,10/8(木),15:00-15:30,15:00,15:30,1歳児,6,1,1,保育標準時間,1歳児 6名 → 必要人員1名／保育標準時間／0歳児 6名 × 1/3 = 2.0（小数第2位以下切捨て）／1歳児・2歳児 11名 × 1/6 = 1.8（小数第2位以下切捨て）／3歳児 4名 × 1/20 = 0.2（小数第2位以下切捨て）／4歳児・5歳児以上 7名 × 1/30 = 0.2（小数第2位以下切捨て）／合計 ＋ 1 → 四捨五入 = 5名／うち保育士3名（比率50%）,True
2026-10-08,10/8(木),15:00-15:30,15:00,15:30,2歳児,5,0,0,保育標準時間,2歳児 5名 → 必要人員0名／保育標準時間／0歳児 6名 × 1/3 = 2.0（小数第2位以下切捨て）／1歳児・2歳児 11名 × 1/6 = 1.8（小数第2位以下切捨て）／3歳児 4名 × 1/20 = 0.2（小数第2位以下切捨て）／4歳児・5歳児以上 7名 × 1/30 = 0.2（小数第2位以下切捨て）／合計 ＋ 1 → 四捨五入 = 5名／うち保育士3名（比率50%）,True
2026-10-08,10/8(木),15:00-15:30,15:00,15:30,3歳児,4,1,1,保育標準時間,3歳児 4名 → 必要人員1名／保育標準時間／0歳児 6名 × 1/3 = 2.0（小数第2位以下切捨て）／1歳児・2歳児 11名 × 1/6 = 1.8（小数第2位以下切捨て）／3歳児 4名 × 1/20 = 0.2（小数第2位以下切捨て）／4歳児・5歳児以上 7名 × 1/30 = 0.2（小数第2位以下切捨て）／合計 ＋ 1 → 四捨五入 = 5名／うち保育士3名（比率50%）,True
2026-10-08,10/8(木),15:00-15:30,15:00,15:30,4歳児,3,0,0,保育標準時間,4歳児 3名 → 必要人員0名／保育標準時間／0歳児 6名 × 1/3 = 2.0（小数第2位以下切捨て）／1歳児・2歳児 11名 × 1/6 = 1.8（小数第2位以下切捨て）／3歳児 4名 × 1/20 = 0.2（小数第2位以下切捨て）／4歳児・5歳児以上 7名 × 1/30 = 0.2（小数第2位以下切捨て）／合計 ＋ 1 → 四捨五入 = 5名／うち保育士3名（比率50%）,True
2026-10-08,10/8(木),15:00-15:30,15:00,15:30,5歳児以上,4,1,0,保育標準時間,5歳児以上 4名 → 必要人員1名／保育標準時間／0歳児 6名 × 1/3 = 2.0（小数第2位以下切捨て）／1歳児・2歳児 11名 × 1/6 = 1.8（小数第2位以下切捨て）／3歳児 4名 × 1/20 = 0.2（小数第2位以下切捨て）／4歳児・5歳児以上 7名 × 1/30 = 0.2（小数第2位以下切捨て）／合計 ＋ 1 → 四捨五入 = 5名／うち保育士3名（比率50%）,True
2026-10-08,10/8(木),15:30-16:00,15:30,16:00,0歳児,6,2,1,保育標準時間,0歳児 6名 → 必要人員2名／保育標準時間／0歳児 6名 × 1/3 = 2.0（小数第2位以下切捨て）／1歳児・2歳児 11名 × 1/6 = 1.8（小数第2位以下切捨て）／3歳児 4名 × 1/20 = 0.2（小数第2位以下切捨て）／4歳児・5歳児以上 7名 × 1/30 = 0.2（小数第2位以下切捨て）／合計 ＋ 1 → 四捨五入 = 5名／うち保育士3名（比率50%）,True
2026-10-08,10/8(木),15:30-16:00,15:30,16:00,1歳児,6,1,1,保育標準時間,1歳児 6名 → 必要人員1名／保育標準時間／0歳児 6名 × 1/3 = 2.0（小数第2位以下切捨て）／1歳児・2歳児 11名 × 1/6 = 1.8（小数第2位以下切捨て）／3歳児 4名 × 1/20 = 0.2（小数第2位以下切捨て）／4歳児・5歳児以上 7名 × 1/30 = 0.2（小数第2位以下切捨て）／合計 ＋ 1 → 四捨五入 = 5名／うち保育士3名（比率50%）,True
2026-10-08,10/8(木),15:30-16:00,15:30,16:00,2歳児,5,0,0,保育標準時間,2歳児 5名 → 必要人員0名／保育標準時間／0歳児 6名 × 1/3 = 2.0（小数第2位以下切捨て）／1歳児・2歳児 11名 × 1/6 = 1.8（小数第2位以下切捨て）／3歳児 4名 × 1/20 = 0.2（小数第2位以下切捨て）／4歳児・5歳児以上 7名 × 1/30 = 0.2（小数第2位以下切捨て）／合計 ＋ 1 → 四捨五入 = 5名／うち保育士3名（比率50%）,True
2026-10-08,10/8(木),15:30-16:00,15:30,16:00,3歳児,4,1,1,保育標準時間,3歳児 4名 → 必要人員1名／保育標準時間／0歳児 6名 × 1/3 = 2.0（小数第2位以下切捨て）／1歳児・2歳児 11名 × 1/6 = 1.8（小数第2位以下切捨て）／3歳児 4名 × 1/20 = 0.2（小数第2位以下切捨て）／4歳児・5歳児以上 7名 × 1/30 = 0.2（小数第2位以下切捨て）／合計 ＋ 1 → 四捨五入 = 5名／うち保育士3名（比率50%）,True
2026-10-08,10/8(木),15:30-16:00,15:30,16:00,4歳児,3,0,0,保育標準時間,4歳児 3名 → 必要人員0名／保育標準時間／0歳児 6名 × 1/3 = 2.0（小数第2位以下切捨て）／1歳児・2歳児 11名 × 1/6 = 1.8（小数第2位以下切捨て）／3歳児 4名 × 1/20 = 0.2（小数第2位以下切捨て）／4歳児・5歳児以上 7名 × 1/30 = 0.2（小数第2位以下切捨て）／合計 ＋ 1 → 四捨五入 = 5名／うち保育士3名（比率50%）,True
2026-10-08,10/8(木),15:30-16:00,15:30,16:00,5歳児以上,4,1,0,保育標準時間,5歳児以上 4名 → 必要人員1名／保育標準時間／0歳児 6名 × 1/3 = 2.0（小数第2位以下切捨て）／1歳児・2歳児 11名 × 1/6 = 1.8（小数第2位以下切捨て）／3歳児 4名 × 1/20 = 0.2（小数第2位以下切捨て）／4歳児・5歳児以上 7名 × 1/30 = 0.2（小数第2位以下切捨て）／合計 ＋ 1 → 四捨五入 = 5名／うち保育士3名（比率50%）,True
2026-10-08,10/8(木),16:00-16:30,16:00,16:30,0歳児,6,2,1,保育標準時間,0歳児 6名 → 必要人員2名／保育標準時間／0歳児 6名 × 1/3 = 2.0（小数第2位以下切捨て）／1歳児・2歳児 11名 × 1/6 = 1.8（小数第2位以下切捨て）／3歳児 4名 × 1/20 = 0.2（小数第2位以下切捨て）／4歳児・5歳児以上 7名 × 1/30 = 0.2（小数第2位以下切捨て）／合計 ＋ 1 → 四捨五入 = 5名／うち保育士3名（比率50%）,True
2026-10-08,10/8(木),16:00-16:30,16:00,16:30,1歳児,6,1,1,保育標準時間,1歳児 6名 → 必要人員1名／保育標準時間／0歳児 6名 × 1/3 = 2.0（小数第2位以下切捨て）／1歳児・2歳児 11名 × 1/6 = 1.8（小数第2位以下切捨て）／3歳児 4名 × 1/20 = 0.2（小数第2位以下切捨て）／4歳児・5歳児以上 7名 × 1/30 = 0.2（小数第2位以下切捨て）／合計 ＋ 1 → 四捨五入 = 5名／うち保育士3名（比率50%）,True
2026-10-08,10/8(木),16:00-16:30,16:00,16:30,2歳児,5,0,0,保育標準時間,2歳児 5名 → 必要人員0名／保育標準時間／0歳児 6名 × 1/3 = 2.0（小数第2位以下切捨て）／1歳児・2歳児 11名 × 1/6 = 1.8（小数第2位以下切捨て）／3歳児 4名 × 1/20 = 0.2（小数第2位以下切捨て）／4歳児・5歳児以上 7名 × 1/30 = 0.2（小数第2位以下切捨て）／合計 ＋ 1 → 四捨五入 = 5名／うち保育士3名（比率50%）,True
2026-10-08,10/8(木),16:00-16:30,16:00,16:30,3歳児,4,1,1,保育標準時間,3歳児 4名 → 必要人員1名／保育標準時間／0歳児 6名 × 1/3 = 2.0（小数第2位以下切捨て）／1歳児・2歳児 11名 × 1/6 = 1.8（小数第2位以下切捨て）／3歳児 4名 × 1/20 = 0.2（小数第2位以下切捨て）／4歳児・5歳児以上 7名 × 1/30 = 0.2（小数第2位以下切捨て）／合計 ＋ 1 → 四捨五入 = 5名／うち保育士3名（比率50%）,True
2026-10-08,10/8(木),16:00-16:30,16:00,16:30,4歳児,3,0,0,保育標準時間,4歳児 3名 → 必要人員0名／保育標準時間／0歳児 6名 × 1/3 = 2.0（小数第2位以下切捨て）／1歳児・2歳児 11名 × 1/6 = 1.8（小数第2位以下切捨て）／3歳児 4名 × 1/20 = 0.2（小数第2位以下切捨て）／4歳児・5歳児以上 7名 × 1/30 = 0.2（小数第2位以下切捨て）／合計 ＋ 1 → 四捨五入 = 5名／うち保育士3名（比率50%）,True
2026-10-08,10/8(木),16:00-16:30,16:00,16:30,5歳児以上,4,1,0,保育標準時間,5歳児以上 4名 → 必要人員1名／保育標準時間／0歳児 6名 × 1/3 = 2.0（小数第2位以下切捨て）／1歳児・2歳児 11名 × 1/6 = 1.8（小数第2位以下切捨て）／3歳児 4名 × 1/20 = 0.2（小数第2位以下切捨て）／4歳児・5歳児以上 7名 × 1/30 = 0.2（小数第2位以下切捨て）／合計 ＋ 1 → 四捨五入 = 5名／うち保育士3名（比率50%）,True
2026-10-08,10/8(木),16:30-17:00,16:30,17:00,0歳児,6,2,1,保育標準時間,0歳児 6名 → 必要人員2名／保育標準時間／0歳児 6名 × 1/3 = 2.0（小数第2位以下切捨て）／1歳児・2歳児 11名 × 1/6 = 1.8（小数第2位以下切捨て）／3歳児 4名 × 1/20 = 0.2（小数第2位以下切捨て）／4歳児・5歳児以上 7名 × 1/30 = 0.2（小数第2位以下切捨て）／合計 ＋ 1 → 四捨五入 = 5名／うち保育士3名（比率50%）,True
2026-10-08,10/8(木),16:30-17:00,16:30,17:00,1歳児,6,1,1,保育標準時間,1歳児 6名 → 必要人員1名／保育標準時間／0歳児 6名 × 1/3 = 2.0（小数第2位以下切捨て）／1歳児・2歳児 11名 × 1/6 = 1.8（小数第2位以下切捨て）／3歳児 4名 × 1/20 = 0.2（小数第2位以下切捨て）／4歳児・5歳児以上 7名 × 1/30 = 0.2（小数第2位以下切捨て）／合計 ＋ 1 → 四捨五入 = 5名／うち保育士3名（比率50%）,True
2026-10-08,10/8(木),16:30-17:00,16:30,17:00,2歳児,5,0,0,保育標準時間,2歳児 5名 → 必要人員0名／保育標準時間／0歳児 6名 × 1/3 = 2.0（小数第2位以下切捨て）／1歳児・2歳児 11名 × 1/6 = 1.8（小数第2位以下切捨て）／3歳児 4名 × 1/20 = 0.2（小数第2位以下切捨て）／4歳児・5歳児以上 7名 × 1/30 = 0.2（小数第2位以下切捨て）／合計 ＋ 1 → 四捨五入 = 5名／うち保育士3名（比率50%）,True
2026-10-08,10/8(木),16:30-17:00,16:30,17:00,3歳児,4,1,1,保育標準時間,3歳児 4名 → 必要人員1名／保育標準時間／0歳児 6名 × 1/3 = 2.0（小数第2位以下切捨て）／1歳児・2歳児 11名 × 1/6 = 1.8（小数第2位以下切捨て）／3歳児 4名 × 1/20 = 0.2（小数第2位以下切捨て）／4歳児・5歳児以上 7名 × 1/30 = 0.2（小数第2位以下切捨て）／合計 ＋ 1 → 四捨五入 = 5名／うち保育士3名（比率50%）,True
2026-10-08,10/8(木),16:30-17:00,16:30,17:00,4歳児,3,0,0,保育標準時間,4歳児 3名 → 必要人員0名／保育標準時間／0歳児 6名 × 1/3 = 2.0（小数第2位以下切捨て）／1歳児・2歳児 11名 × 1/6 = 1.8（小数第2位以下切捨て）／3歳児 4名 × 1/20 = 0.2（小数第2位以下切捨て）／4歳児・5歳児以上 7名 × 1/30 = 0.2（小数第2位以下切捨て）／合計 ＋ 1 → 四捨五入 = 5名／うち保育士3名（比率50%）,True
2026-10-08,10/8(木),16:30-17:00,16:30,17:00,5歳児以上,4,1,0,保育標準時間,5歳児以上 4名 → 必要人員1名／保育標準時間／0歳児 6名 × 1/3 = 2.0（小数第2位以下切捨て）／1歳児・2歳児 11名 × 1/6 = 1.8（小数第2位以下切捨て）／3歳児 4名 × 1/20 = 0.2（小数第2位以下切捨て）／4歳児・5歳児以上 7名 × 1/30 = 0.2（小数第2位以下切捨て）／合計 ＋ 1 → 四捨五入 = 5名／うち保育士3名（比率50%）,True
2026-10-08,10/8(木),17:00-17:30,17:00,17:30,0歳児,6,2,1,保育標準時間,0歳児 6名 → 必要人員2名／保育標準時間／0歳児 6名 × 1/3 = 2.0（小数第2位以下切捨て）／1歳児・2歳児 11名 × 1/6 = 1.8（小数第2位以下切捨て）／3歳児 3名 × 1/20 = 0.1（小数第2位以下切捨て）／4歳児・5歳児以上 5名 × 1/30 = 0.1（小数第2位以下切捨て）／合計 ＋ 1 → 四捨五入 = 5名／うち保育士3名（比率50%）,True
2026-10-08,10/8(木),17:00-17:30,17:00,17:30,1歳児,6,1,1,保育標準時間,1歳児 6名 → 必要人員1名／保育標準時間／0歳児 6名 × 1/3 = 2.0（小数第2位以下切捨て）／1歳児・2歳児 11名 × 1/6 = 1.8（小数第2位以下切捨て）／3歳児 3名 × 1/20 = 0.1（小数第2位以下切捨て）／4歳児・5歳児以上 5名 × 1/30 = 0.1（小数第2位以下切捨て）／合計 ＋ 1 → 四捨五入 = 5名／うち保育士3名（比率50%）,True
2026-10-08,10/8(木),17:00-17:30,17:00,17:30,2歳児,5,0,0,保育標準時間,2歳児 5名 → 必要人員0名／保育標準時間／0歳児 6名 × 1/3 = 2.0（小数第2位以下切捨て）／1歳児・2歳児 11名 × 1/6 = 1.8（小数第2位以下切捨て）／3歳児 3名 × 1/20 = 0.1（小数第2位以下切捨て）／4歳児・5歳児以上 5名 × 1/30 = 0.1（小数第2位以下切捨て）／合計 ＋ 1 → 四捨五入 = 5名／うち保育士3名（比率50%）,True
2026-10-08,10/8(木),17:00-17:30,17:00,17:30,3歳児,3,1,1,保育標準時間,3歳児 3名 → 必要人員1名／保育標準時間／0歳児 6名 × 1/3 = 2.0（小数第2位以下切捨て）／1歳児・2歳児 11名 × 1/6 = 1.8（小数第2位以下切捨て）／3歳児 3名 × 1/20 = 0.1（小数第2位以下切捨て）／4歳児・5歳児以上 5名 × 1/30 = 0.1（小数第2位以下切捨て）／合計 ＋ 1 → 四捨五入 = 5名／うち保育士3名（比率50%）,True
2026-10-08,10/8(木),17:00-17:30,17:00,17:30,4歳児,2,0,0,保育標準時間,4歳児 2名 → 必要人員0名／保育標準時間／0歳児 6名 × 1/3 = 2.0（小数第2位以下切捨て）／1歳児・2歳児 11名 × 1/6 = 1.8（小数第2位以下切捨て）／3歳児 3名 × 1/20 = 0.1（小数第2位以下切捨て）／4歳児・5歳児以上 5名 × 1/30 = 0.1（小数第2位以下切捨て）／合計 ＋ 1 → 四捨五入 = 5名／うち保育士3名（比率50%）,True
2026-10-08,10/8(木),17:00-17:30,17:00,17:30,5歳児以上,3,1,0,保育標準時間,5歳児以上 3名 → 必要人員1名／保育標準時間／0歳児 6名 × 1/3 = 2.0（小数第2位以下切捨て）／1歳児・2歳児 11名 × 1/6 = 1.8（小数第2位以下切捨て）／3歳児 3名 × 1/20 = 0.1（小数第2位以下切捨て）／4歳児・5歳児以上 5名 × 1/30 = 0.1（小数第2位以下切捨て）／合計 ＋ 1 → 四捨五入 = 5名／うち保育士3名（比率50%）,True
2026-10-08,10/8(木),17:30-18:00,17:30,18:00,0歳児,3,1,1,保育標準時間,0歳児 3名 → 必要人員1名／保育標準時間／0歳児 3名 × 1/3 = 1.0（小数第2位以下切捨て）／1歳児・2歳児 6名 × 1/6 = 1.0（小数第2位以下切捨て）／3歳児 3名 × 1/20 = 0.1（小数第2位以下切捨て）／4歳児・5歳児以上 4名 × 1/30 = 0.1（小数第2位以下切捨て）／合計 ＋ 1 → 四捨五入 = 3名／うち保育士2名（比率50%）,True
2026-10-08,10/8(木),17:30-18:00,17:30,18:00,1歳児,4,1,1,保育標準時間,1歳児 4名 → 必要人員1名／保育標準時間／0歳児 3名 × 1/3 = 1.0（小数第2位以下切捨て）／1歳児・2歳児 6名 × 1/6 = 1.0（小数第2位以下切捨て）／3歳児 3名 × 1/20 = 0.1（小数第2位以下切捨て）／4歳児・5歳児以上 4名 × 1/30 = 0.1（小数第2位以下切捨て）／合計 ＋ 1 → 四捨五入 = 3名／うち保育士2名（比率50%）,True
2026-10-08,10/8(木),17:30-18:00,17:30,18:00,2歳児,2,0,0,保育標準時間,2歳児 2名 → 必要人員0名／保育標準時間／0歳児 3名 × 1/3 = 1.0（小数第2位以下切捨て）／1歳児・2歳児 6名 × 1/6 = 1.0（小数第2位以下切捨て）／3歳児 3名 × 1/20 = 0.1（小数第2位以下切捨て）／4歳児・5歳児以上 4名 × 1/30 = 0.1（小数第2位以下切捨て）／合計 ＋ 1 → 四捨五入 = 3名／うち保育士2名（比率50%）,True
2026-10-08,10/8(木),17:30-18:00,17:30,18:00,3歳児,3,1,0,保育標準時間,3歳児 3名 → 必要人員1名／保育標準時間／0歳児 3名 × 1/3 = 1.0（小数第2位以下切捨て）／1歳児・2歳児 6名 × 1/6 = 1.0（小数第2位以下切捨て）／3歳児 3名 × 1/20 = 0.1（小数第2位以下切捨て）／4歳児・5歳児以上 4名 × 1/30 = 0.1（小数第2位以下切捨て）／合計 ＋ 1 → 四捨五入 = 3名／うち保育士2名（比率50%）,True
2026-10-08,10/8(木),17:30-18:00,17:30,18:00,4歳児,2,0,0,保育標準時間,4歳児 2名 → 必要人員0名／保育標準時間／0歳児 3名 × 1/3 = 1.0（小数第2位以下切捨て）／1歳児・2歳児 6名 × 1/6 = 1.0（小数第2位以下切捨て）／3歳児 3名 × 1/20 = 0.1（小数第2位以下切捨て）／4歳児・5歳児以上 4名 × 1/30 = 0.1（小数第2位以下切捨て）／合計 ＋ 1 → 四捨五入 = 3名／うち保育士2名（比率50%）,True
2026-10-08,10/8(木),17:30-18:00,17:30,18:00,5歳児以上,2,0,0,保育標準時間,5歳児以上 2名 → 必要人員0名／保育標準時間／0歳児 3名 × 1/3 = 1.0（小数第2位以下切捨て）／1歳児・2歳児 6名 × 1/6 = 1.0（小数第2位以下切捨て）／3歳児 3名 × 1/20 = 0.1（小数第2位以下切捨て）／4歳児・5歳児以上 4名 × 1/30 = 0.1（小数第2位以下切捨て）／合計 ＋ 1 → 四捨五入 = 3名／うち保育士2名（比率50%）,True
2026-10-08,10/8(木),18:00-18:30,18:00,18:30,0歳児,3,1,1,延長保育,0歳児 3名 → 必要人員1名／保育標準時間外（延長保育）／0歳児 3名 × 1/3 = 1.0（小数第2位以下切捨て）／1歳児・2歳児 4名 × 1/6 = 0.6（小数第2位以下切捨て）／3歳児 3名 × 1/20 = 0.1（小数第2位以下切捨て）／5歳児以上 2名 × 1/30 = 0.0（小数第2位以下切捨て）／合計 ＋ 1 → 四捨五入 = 3名／うち保育士2名（比率50%）,True
2026-10-08,10/8(木),18:00-18:30,18:00,18:30,1歳児,3,1,1,延長保育,1歳児 3名 → 必要人員1名／保育標準時間外（延長保育）／0歳児 3名 × 1/3 = 1.0（小数第2位以下切捨て）／1歳児・2歳児 4名 × 1/6 = 0.6（小数第2位以下切捨て）／3歳児 3名 × 1/20 = 0.1（小数第2位以下切捨て）／5歳児以上 2名 × 1/30 = 0.0（小数第2位以下切捨て）／合計 ＋ 1 → 四捨五入 = 3名／うち保育士2名（比率50%）,True
2026-10-08,10/8(木),18:00-18:30,18:00,18:30,2歳児,1,0,0,延長保育,2歳児 1名 → 必要人員0名／保育標準時間外（延長保育）／0歳児 3名 × 1/3 = 1.0（小数第2位以下切捨て）／1歳児・2歳児 4名 × 1/6 = 0.6（小数第2位以下切捨て）／3歳児 3名 × 1/20 = 0.1（小数第2位以下切捨て）／5歳児以上 2名 × 1/30 = 0.0（小数第2位以下切捨て）／合計 ＋ 1 → 四捨五入 = 3名／うち保育士2名（比率50%）,True
2026-10-08,10/8(木),18:00-18:30,18:00,18:30,3歳児,3,1,0,延長保育,3歳児 3名 → 必要人員1名／保育標準時間外（延長保育）／0歳児 3名 × 1/3 = 1.0（小数第2位以下切捨て）／1歳児・2歳児 4名 × 1/6 = 0.6（小数第2位以下切捨て）／3歳児 3名 × 1/20 = 0.1（小数第2位以下切捨て）／5歳児以上 2名 × 1/30 = 0.0（小数第2位以下切捨て）／合計 ＋ 1 → 四捨五入 = 3名／うち保育士2名（比率50%）,True
2026-10-08,10/8(木),18:00-18:30,18:00,18:30,5歳児以上,2,0,0,延長保育,5歳児以上 2名 → 必要人員0名／保育標準時間外（延長保育）／0歳児 3名 × 1/3 = 1.0（小数第2位以下切捨て）／1歳児・2歳児 4名 × 1/6 = 0.6（小数第2位以下切捨て）／3歳児 3名 × 1/20 = 0.1（小数第2位以下切捨て）／5歳児以上 2名 × 1/30 = 0.0（小数第2位以下切捨て）／合計 ＋ 1 → 四捨五入 = 3名／うち保育士2名（比率50%）,True
2026-10-08,10/8(木),18:30-19:00,18:30,19:00,0歳児,2,1,1,延長保育,0歳児 2名 → 必要人員1名／保育標準時間外（延長保育）／0歳児 2名 × 1/3 = 0.6（小数第2位以下切捨て）／1歳児・2歳児 4名 × 1/6 = 0.6（小数第2位以下切捨て）／3歳児 3名 × 1/20 = 0.1（小数第2位以下切捨て）／5歳児以上 1名 × 1/30 = 0.0（小数第2位以下切捨て）／合計 ＋ 1 → 四捨五入 = 2名／うち保育士1名（比率50%）,True
2026-10-08,10/8(木),18:30-19:00,18:30,19:00,1歳児,3,1,0,延長保育,1歳児 3名 → 必要人員1名／保育標準時間外（延長保育）／0歳児 2名 × 1/3 = 0.6（小数第2位以下切捨て）／1歳児・2歳児 4名 × 1/6 = 0.6（小数第2位以下切捨て）／3歳児 3名 × 1/20 = 0.1（小数第2位以下切捨て）／5歳児以上 1名 × 1/30 = 0.0（小数第2位以下切捨て）／合計 ＋ 1 → 四捨五入 = 2名／うち保育士1名（比率50%）,True
2026-10-08,10/8(木),18:30-19:00,18:30,19:00,2歳児,1,0,0,延長保育,2歳児 1名 → 必要人員0名／保育標準時間外（延長保育）／0歳児 2名 × 1/3 = 0.6（小数第2位以下切捨て）／1歳児・2歳児 4名 × 1/6 = 0.6（小数第2位以下切捨て）／3歳児 3名 × 1/20 = 0.1（小数第2位以下切捨て）／5歳児以上 1名 × 1/30 = 0.0（小数第2位以下切捨て）／合計 ＋ 1 → 四捨五入 = 2名／うち保育士1名（比率50%）,True
2026-10-08,10/8(木),18:30-19:00,18:30,19:00,3歳児,3,0,0,延長保育,3歳児 3名 → 必要人員0名／保育標準時間外（延長保育）／0歳児 2名 × 1/3 = 0.6（小数第2位以下切捨て）／1歳児・2歳児 4名 × 1/6 = 0.6（小数第2位以下切捨て）／3歳児 3名 × 1/20 = 0.1（小数第2位以下切捨て）／5歳児以上 1名 × 1/30 = 0.0（小数第2位以下切捨て）／合計 ＋ 1 → 四捨五入 = 2名／うち保育士1名（比率50%）,True
2026-10-08,10/8(木),18:30-19:00,18:30,19:00,5歳児以上,1,0,0,延長保育,5歳児以上 1名 → 必要人員0名／保育標準時間外（延長保育）／0歳児 2名 × 1/3 = 0.6（小数第2位以下切捨て）／1歳児・2歳児 4名 × 1/6 = 0.6（小数第2位以下切捨て）／3歳児 3名 × 1/20 = 0.1（小数第2位以下切捨て）／5歳児以上 1名 × 1/30 = 0.0（小数第2位以下切捨て）／合計 ＋ 1 → 四捨五入 = 2名／うち保育士1名（比率50%）,True
2026-10-08,10/8(木),19:00-19:30,19:00,19:30,0歳児,1,1,1,延長保育,0歳児 1名 → 必要人員1名／保育標準時間外（延長保育）／0歳児 1名 × 1/3 = 0.3（小数第2位以下切捨て）／1歳児・2歳児 4名 × 1/6 = 0.6（小数第2位以下切捨て）／3歳児 3名 × 1/20 = 0.1（小数第2位以下切捨て）／合計 ＋ 1 → 四捨五入 = 2名／うち保育士1名（比率50%）,True
2026-10-08,10/8(木),19:00-19:30,19:00,19:30,1歳児,3,1,0,延長保育,1歳児 3名 → 必要人員1名／保育標準時間外（延長保育）／0歳児 1名 × 1/3 = 0.3（小数第2位以下切捨て）／1歳児・2歳児 4名 × 1/6 = 0.6（小数第2位以下切捨て）／3歳児 3名 × 1/20 = 0.1（小数第2位以下切捨て）／合計 ＋ 1 → 四捨五入 = 2名／うち保育士1名（比率50%）,True
2026-10-08,10/8(木),19:00-19:30,19:00,19:30,2歳児,1,0,0,延長保育,2歳児 1名 → 必要人員0名／保育標準時間外（延長保育）／0歳児 1名 × 1/3 = 0.3（小数第2位以下切捨て）／1歳児・2歳児 4名 × 1/6 = 0.6（小数第2位以下切捨て）／3歳児 3名 × 1/20 = 0.1（小数第2位以下切捨て）／合計 ＋ 1 → 四捨五入 = 2名／うち保育士1名（比率50%）,True
2026-10-08,10/8(木),19:00-19:30,19:00,19:30,3歳児,3,0,0,延長保育,3歳児 3名 → 必要人員0名／保育標準時間外（延長保育）／0歳児 1名 × 1/3 = 0.3（小数第2位以下切捨て）／1歳児・2歳児 4名 × 1/6 = 0.6（小数第2位以下切捨て）／3歳児 3名 × 1/20 = 0.1（小数第2位以下切捨て）／合計 ＋ 1 → 四捨五入 = 2名／うち保育士1名（比率50%）,True
